{
"type": "FeatureCollection",
"name": "diy_villages",
"crs": { "type": "name", "properties": { "name": "urn:ogc:def:crs:OGC:1.3:CRS84" } },
"features": [
{ "type": "Feature", "properties": { }, "geometry": { "type": "Polygon", "coordinates": [ [ [ 110.544501393000075, -8.124105958999962, 0.0 ], [ 110.547331411000073, -8.129520147999926, 0.0 ], [ 110.546132207000085, -8.130003790999979, 0.0 ], [ 110.546387674000073, -8.13177505799996, 0.0 ], [ 110.544614537000086, -8.131550984999933, 0.0 ], [ 110.545584809000047, -8.134963843999969, 0.0 ], [ 110.544736685000089, -8.133978802999934, 0.0 ], [ 110.543554128000039, -8.134802658999945, 0.0 ], [ 110.540670869000053, -8.132517236999945, 0.0 ], [ 110.535240783000063, -8.131193837999945, 0.0 ], [ 110.534480011000085, -8.129464107999979, 0.0 ], [ 110.532454525000048, -8.131483572999969, 0.0 ], [ 110.530271630000072, -8.130062357999975, 0.0 ], [ 110.529022737000048, -8.13173999299994, 0.0 ], [ 110.52732668200008, -8.13133213499998, 0.0 ], [ 110.527657321000049, -8.129544309999972, 0.0 ], [ 110.525527932000045, -8.130030045999945, 0.0 ], [ 110.526351728000066, -8.128775047999966, 0.0 ], [ 110.524885616000063, -8.128903527999967, 0.0 ], [ 110.524022744000035, -8.127445530999978, 0.0 ], [ 110.522730214000035, -8.128640622999967, 0.0 ], [ 110.522398567000039, -8.126390613999945, 0.0 ], [ 110.520251478000034, -8.125612685999954, 0.0 ], [ 110.520506225000076, -8.124655701999927, 0.0 ], [ 110.519058330000064, -8.125632336999956, 0.0 ], [ 110.516699931000062, -8.124836910999932, 0.0 ], [ 110.516566449000038, -8.12238801899997, 0.0 ], [ 110.51454583800006, -8.123509464999927, 0.0 ], [ 110.514206950000073, -8.120930136999959, 0.0 ], [ 110.512693263000074, -8.123888248999947, 0.0 ], [ 110.512128290000078, -8.122392294999941, 0.0 ], [ 110.503478364000046, -8.119538702999932, 0.0 ], [ 110.50297637400007, -8.118416154999977, 0.0 ], [ 110.496921863000068, -8.117960231999973, 0.0 ], [ 110.499747998000089, -8.113089277999961, 0.0 ], [ 110.499839673000054, -8.110666360999971, 0.0 ], [ 110.497044033000066, -8.103485660999979, 0.0 ], [ 110.489547148000042, -8.102067204999969, 0.0 ], [ 110.484147777000089, -8.096666427999935, 0.0 ], [ 110.484493093000083, -8.092306095999959, 0.0 ], [ 110.487165725000068, -8.09057411699996, 0.0 ], [ 110.487160181000036, -8.094450836999954, 0.0 ], [ 110.488904920000039, -8.097618300999954, 0.0 ], [ 110.490478413000062, -8.098912230999929, 0.0 ], [ 110.493608177000056, -8.098750593999966, 0.0 ], [ 110.489766185000065, -8.090921979999962, 0.0 ], [ 110.490270789000078, -8.086727855999925, 0.0 ], [ 110.488665104000063, -8.085834167999963, 0.0 ], [ 110.489017538000041, -8.08266992199998, 0.0 ], [ 110.492319198000075, -8.080979302999935, 0.0 ], [ 110.495806080000079, -8.081032402999938, 0.0 ], [ 110.502055977000055, -8.084568715999978, 0.0 ], [ 110.506843178000054, -8.08469538099996, 0.0 ], [ 110.508985489000054, -8.082925630999966, 0.0 ], [ 110.513880835000066, -8.082440445999964, 0.0 ], [ 110.517361170000072, -8.077828936999936, 0.0 ], [ 110.521149411000067, -8.077902890999951, 0.0 ], [ 110.523672120000072, -8.076294877999942, 0.0 ], [ 110.524939243000063, -8.078042596999978, 0.0 ], [ 110.531792443000086, -8.075492757999939, 0.0 ], [ 110.532691625000041, -8.08340590499995, 0.0 ], [ 110.531504415000086, -8.08502058199997, 0.0 ], [ 110.533781181000052, -8.088928089999968, 0.0 ], [ 110.533165861000043, -8.091831214999957, 0.0 ], [ 110.538896646000069, -8.092429003999939, 0.0 ], [ 110.536722068000074, -8.095905414999947, 0.0 ], [ 110.538535234000051, -8.101439045999939, 0.0 ], [ 110.537565088000065, -8.103859193999938, 0.0 ], [ 110.539752600000043, -8.109756683999933, 0.0 ], [ 110.541542743000036, -8.110984082999948, 0.0 ], [ 110.541126039000062, -8.11323065199997, 0.0 ], [ 110.545220248000078, -8.121076554999945, 0.0 ], [ 110.544501393000075, -8.124105958999962, 0.0 ] ] ] } },
{ "type": "Feature", "properties": { }, "geometry": { "type": "MultiPolygon", "coordinates": [ [ [ [ 110.555483037000045, -8.134417017999965, 0.0 ], [ 110.55513682600008, -8.134466986999939, 0.0 ], [ 110.555172518000063, -8.134249265999927, 0.0 ], [ 110.555483037000045, -8.134417017999965, 0.0 ] ] ], [ [ [ 110.553803138000035, -8.13381620399997, 0.0 ], [ 110.553692493000085, -8.133955402999959, 0.0 ], [ 110.553606832000071, -8.133798357999979, 0.0 ], [ 110.553803138000035, -8.13381620399997, 0.0 ] ] ], [ [ [ 110.562579396000046, -8.07829695099997, 0.0 ], [ 110.56733954300006, -8.080570666999961, 0.0 ], [ 110.568754041000034, -8.083054267999955, 0.0 ], [ 110.57642211600006, -8.085201316999928, 0.0 ], [ 110.579176356000062, -8.085506021999947, 0.0 ], [ 110.579734012000074, -8.084429475999968, 0.0 ], [ 110.580874048000055, -8.08616216799993, 0.0 ], [ 110.584198295000078, -8.087031985999943, 0.0 ], [ 110.583010977000072, -8.089633668999966, 0.0 ], [ 110.583290737000084, -8.097881007999945, 0.0 ], [ 110.585663416000045, -8.102309770999966, 0.0 ], [ 110.582943748000048, -8.111942020999948, 0.0 ], [ 110.581802627000059, -8.112606806999963, 0.0 ], [ 110.582350400000053, -8.11509056999995, 0.0 ], [ 110.578378232000034, -8.127310060999946, 0.0 ], [ 110.578599375000067, -8.131985852999946, 0.0 ], [ 110.575801777000038, -8.135534236999945, 0.0 ], [ 110.575575700000059, -8.13671332499996, 0.0 ], [ 110.575889631000052, -8.137291868999966, 0.0 ], [ 110.575840928000048, -8.138040064999927, 0.0 ], [ 110.561939897000059, -8.136212880999949, 0.0 ], [ 110.553397206000056, -8.133050270999945, 0.0 ], [ 110.550171741000042, -8.134358197999973, 0.0 ], [ 110.548407615000087, -8.131220165999935, 0.0 ], [ 110.54923649400007, -8.12879531699997, 0.0 ], [ 110.547652035000056, -8.128234500999952, 0.0 ], [ 110.547331411000073, -8.129520147999926, 0.0 ], [ 110.546599895000043, -8.127638666999928, 0.0 ], [ 110.54960393600004, -8.124897565999959, 0.0 ], [ 110.550480808000088, -8.121450256999935, 0.0 ], [ 110.54768264900008, -8.118866039999943, 0.0 ], [ 110.549927686000046, -8.112508223999953, 0.0 ], [ 110.554465900000082, -8.10525856199996, 0.0 ], [ 110.555986638000036, -8.099157224999942, 0.0 ], [ 110.55517308800006, -8.096922402999951, 0.0 ], [ 110.556967895000071, -8.091078133999929, 0.0 ], [ 110.556635785000083, -8.085091811999973, 0.0 ], [ 110.559336, -8.082295156999976, 0.0 ], [ 110.557999108000047, -8.08128233399998, 0.0 ], [ 110.558177570000055, -8.079306225999972, 0.0 ], [ 110.562579396000046, -8.07829695099997, 0.0 ] ] ] ] } },
{ "type": "Feature", "properties": { }, "geometry": { "type": "MultiPolygon", "coordinates": [ [ [ [ 110.604686405000052, -8.147917484999937, 0.0 ], [ 110.604600744000038, -8.147655743999962, 0.0 ], [ 110.605192414000044, -8.147405086999981, 0.0 ], [ 110.604686405000052, -8.147917484999937, 0.0 ] ] ], [ [ [ 110.618196332000082, -8.075756510999952, 0.0 ], [ 110.624253475000046, -8.077174070999945, 0.0 ], [ 110.627374226000086, -8.075912333999952, 0.0 ], [ 110.630781635000062, -8.083873231999974, 0.0 ], [ 110.63403857600008, -8.08356036899994, 0.0 ], [ 110.635402407000072, -8.081647475999944, 0.0 ], [ 110.643916976000071, -8.083045679999941, 0.0 ], [ 110.64659924700004, -8.088805148999938, 0.0 ], [ 110.641146604000085, -8.094314615999963, 0.0 ], [ 110.637605548000067, -8.093245689999947, 0.0 ], [ 110.631009174000042, -8.096458430999974, 0.0 ], [ 110.630652695000038, -8.099792141999956, 0.0 ], [ 110.637084235000088, -8.107185623999953, 0.0 ], [ 110.634057245000065, -8.112029107999945, 0.0 ], [ 110.635018778000074, -8.113499615999956, 0.0 ], [ 110.632756491000066, -8.118383243999972, 0.0 ], [ 110.633495026000048, -8.120482102999972, 0.0 ], [ 110.63167646900007, -8.121547015999965, 0.0 ], [ 110.631598455000073, -8.123561633999941, 0.0 ], [ 110.627767629000061, -8.12918469899995, 0.0 ], [ 110.624164669000038, -8.13050527799993, 0.0 ], [ 110.622344711000039, -8.13462101999994, 0.0 ], [ 110.617843028000038, -8.138879987999928, 0.0 ], [ 110.612771078000037, -8.140314460999946, 0.0 ], [ 110.612525914000059, -8.141756537999981, 0.0 ], [ 110.606522280000036, -8.146987863999925, 0.0 ], [ 110.603941678000069, -8.14517223799993, 0.0 ], [ 110.599932068000044, -8.145014597999932, 0.0 ], [ 110.600915748000034, -8.136370026999941, 0.0 ], [ 110.605367071000046, -8.130781241999955, 0.0 ], [ 110.603700249000042, -8.127706736999926, 0.0 ], [ 110.604937393000057, -8.121465004999948, 0.0 ], [ 110.616644633000078, -8.109857972999976, 0.0 ], [ 110.617195564000042, -8.105230934999952, 0.0 ], [ 110.621538249000082, -8.096730845999957, 0.0 ], [ 110.621952491000059, -8.088237283999945, 0.0 ], [ 110.619429983000089, -8.084694433999971, 0.0 ], [ 110.61625964600006, -8.084529492999934, 0.0 ], [ 110.616495445000055, -8.078424156999972, 0.0 ], [ 110.618196332000082, -8.075756510999952, 0.0 ] ] ] ] } },
{ "type": "Feature", "properties": { }, "geometry": { "type": "Polygon", "coordinates": [ [ [ 110.668402945000082, -8.128510245999962, 0.0 ], [ 110.672040590000051, -8.13574161899993, 0.0 ], [ 110.671377481000036, -8.139240854999969, 0.0 ], [ 110.673260225000035, -8.14125476199996, 0.0 ], [ 110.673263974000065, -8.144245179999928, 0.0 ], [ 110.668440179000072, -8.144019206999928, 0.0 ], [ 110.665356066000072, -8.147064400999966, 0.0 ], [ 110.665353717000073, -8.148625881999976, 0.0 ], [ 110.662027055000067, -8.149506391999978, 0.0 ], [ 110.660952777000034, -8.152114207999944, 0.0 ], [ 110.657316901000058, -8.150540486999944, 0.0 ], [ 110.654496042000062, -8.158565601999953, 0.0 ], [ 110.651877411000044, -8.158020173999944, 0.0 ], [ 110.651181783000084, -8.159704080999973, 0.0 ], [ 110.647478413000044, -8.161151385999972, 0.0 ], [ 110.644529631000069, -8.168314880999958, 0.0 ], [ 110.641536021000036, -8.164630756999941, 0.0 ], [ 110.639843103000089, -8.164705837999975, 0.0 ], [ 110.631858051000052, -8.159697739999956, 0.0 ], [ 110.625199489000067, -8.158299726999928, 0.0 ], [ 110.620998654000061, -8.154736594999974, 0.0 ], [ 110.613455817000045, -8.151893964999942, 0.0 ], [ 110.607674623000037, -8.146917105999933, 0.0 ], [ 110.612771078000037, -8.140314460999946, 0.0 ], [ 110.617843028000038, -8.138879987999928, 0.0 ], [ 110.622893762000047, -8.13402638599996, 0.0 ], [ 110.624414780000052, -8.130244373999972, 0.0 ], [ 110.627767629000061, -8.12918469899995, 0.0 ], [ 110.631598455000073, -8.123561633999941, 0.0 ], [ 110.63167646900007, -8.121547015999965, 0.0 ], [ 110.633495026000048, -8.120482102999972, 0.0 ], [ 110.632756491000066, -8.118383243999972, 0.0 ], [ 110.635018778000074, -8.113499615999956, 0.0 ], [ 110.634057245000065, -8.112029107999945, 0.0 ], [ 110.637084235000088, -8.107185623999953, 0.0 ], [ 110.630652695000038, -8.099792141999956, 0.0 ], [ 110.631009174000042, -8.096458430999974, 0.0 ], [ 110.637605548000067, -8.093245689999947, 0.0 ], [ 110.641146604000085, -8.094314615999963, 0.0 ], [ 110.643859887000076, -8.092549769999948, 0.0 ], [ 110.646587641000053, -8.088137116999974, 0.0 ], [ 110.650424060000034, -8.100957301999927, 0.0 ], [ 110.646816364000074, -8.109130040999958, 0.0 ], [ 110.652111515000058, -8.112648285999967, 0.0 ], [ 110.65536467000004, -8.109595145999947, 0.0 ], [ 110.657795905000057, -8.111229881999975, 0.0 ], [ 110.658618725000053, -8.110609777999969, 0.0 ], [ 110.659204215000045, -8.116602333999936, 0.0 ], [ 110.656500536000067, -8.12396887999995, 0.0 ], [ 110.657845334000058, -8.124938449999945, 0.0 ], [ 110.663955383000086, -8.124302718999957, 0.0 ], [ 110.668402945000082, -8.128510245999962, 0.0 ] ] ] } },
{ "type": "Feature", "properties": { }, "geometry": { "type": "Polygon", "coordinates": [ [ [ 110.70343084600006, -8.12885825199993, 0.0 ], [ 110.702712872000063, -8.129952443999969, 0.0 ], [ 110.710727923000036, -8.135841112999969, 0.0 ], [ 110.710859719000041, -8.137412198999925, 0.0 ], [ 110.715306141000042, -8.140932996999936, 0.0 ], [ 110.714126015000033, -8.143383770999947, 0.0 ], [ 110.712583633000065, -8.14258382099996, 0.0 ], [ 110.708755979000045, -8.143568642999981, 0.0 ], [ 110.708739567000066, -8.146500059999937, 0.0 ], [ 110.707438540000055, -8.147221074999948, 0.0 ], [ 110.708136854000088, -8.151993562999962, 0.0 ], [ 110.707314537000059, -8.152865654999971, 0.0 ], [ 110.70971555400007, -8.155865673999926, 0.0 ], [ 110.708928813000057, -8.15980276199997, 0.0 ], [ 110.71081031600005, -8.165583946999959, 0.0 ], [ 110.708065262000048, -8.178714818999936, 0.0 ], [ 110.70895919700007, -8.18249549799998, 0.0 ], [ 110.710656032000088, -8.182975565999925, 0.0 ], [ 110.710655746000043, -8.184168095999951, 0.0 ], [ 110.709497542000065, -8.185305773999971, 0.0 ], [ 110.706309915000077, -8.183179135999978, 0.0 ], [ 110.705007580000085, -8.185088961999952, 0.0 ], [ 110.701426452000078, -8.184052444999963, 0.0 ], [ 110.696797057000083, -8.186892181999951, 0.0 ], [ 110.693561781000085, -8.185919035999973, 0.0 ], [ 110.691501094000046, -8.186838390999981, 0.0 ], [ 110.688749440000038, -8.184116511999946, 0.0 ], [ 110.68865577300005, -8.180284825999934, 0.0 ], [ 110.693327674000045, -8.178628180999965, 0.0 ], [ 110.695721149000065, -8.167314761999933, 0.0 ], [ 110.692518281000048, -8.152827248999927, 0.0 ], [ 110.692764255000043, -8.143813174999934, 0.0 ], [ 110.696458442000051, -8.14073829299997, 0.0 ], [ 110.695563715000048, -8.136910184999977, 0.0 ], [ 110.697956241000043, -8.133547567999926, 0.0 ], [ 110.696902021000085, -8.130172285999947, 0.0 ], [ 110.69776401300004, -8.127967081999941, 0.0 ], [ 110.700933641000063, -8.127624714999968, 0.0 ], [ 110.70343084600006, -8.12885825199993, 0.0 ] ] ] } },
{ "type": "Feature", "properties": { }, "geometry": { "type": "Polygon", "coordinates": [ [ [ 110.75476959000008, -8.115487798999936, 0.0 ], [ 110.753495801000042, -8.119560564999972, 0.0 ], [ 110.755801375000033, -8.120770370999935, 0.0 ], [ 110.753853053000057, -8.124412313999926, 0.0 ], [ 110.756192302000045, -8.125896527999942, 0.0 ], [ 110.75439405700007, -8.130229331999942, 0.0 ], [ 110.75710603400006, -8.132637992999946, 0.0 ], [ 110.757386856000039, -8.136752910999974, 0.0 ], [ 110.756957898000053, -8.140174735999949, 0.0 ], [ 110.755255464000072, -8.140153267999949, 0.0 ], [ 110.755097935000038, -8.14329520299998, 0.0 ], [ 110.753705518000061, -8.143554324999968, 0.0 ], [ 110.753224284000055, -8.149938938999981, 0.0 ], [ 110.748535523000044, -8.146151055999951, 0.0 ], [ 110.74471776200005, -8.148102447999975, 0.0 ], [ 110.74347877200006, -8.146212585999933, 0.0 ], [ 110.740206823000051, -8.145457832999966, 0.0 ], [ 110.743343162000087, -8.136311755999941, 0.0 ], [ 110.741065438000078, -8.135605734999956, 0.0 ], [ 110.740102228000069, -8.132471523999925, 0.0 ], [ 110.736513345000049, -8.130445226999939, 0.0 ], [ 110.738504585000044, -8.128119751999975, 0.0 ], [ 110.742358398000079, -8.12964410099994, 0.0 ], [ 110.745846071000074, -8.12405294399997, 0.0 ], [ 110.745927649000066, -8.119644720999929, 0.0 ], [ 110.75057593400004, -8.112802045999956, 0.0 ], [ 110.75216574600006, -8.11433627699995, 0.0 ], [ 110.753867606000085, -8.11389552199995, 0.0 ], [ 110.75476959000008, -8.115487798999936, 0.0 ] ] ] } },
{ "type": "Feature", "properties": { }, "geometry": { "type": "Polygon", "coordinates": [ [ [ 110.732259690000035, -8.110003269999936, 0.0 ], [ 110.73059263600004, -8.11140589799993, 0.0 ], [ 110.730072760000041, -8.114383955999926, 0.0 ], [ 110.730086019000055, -8.118327960999977, 0.0 ], [ 110.733664288000057, -8.127761920999944, 0.0 ], [ 110.732018917000062, -8.130842582999946, 0.0 ], [ 110.732818001000055, -8.132065328999943, 0.0 ], [ 110.731678554000041, -8.137138616999948, 0.0 ], [ 110.730165625000041, -8.137620005999963, 0.0 ], [ 110.729424244000086, -8.139670892999959, 0.0 ], [ 110.723339378000048, -8.142291517999979, 0.0 ], [ 110.719300507000071, -8.14195740599996, 0.0 ], [ 110.715879632000053, -8.143616592999933, 0.0 ], [ 110.714773448000074, -8.142797215999963, 0.0 ], [ 110.715123858000084, -8.140543058999981, 0.0 ], [ 110.710859719000041, -8.137412198999925, 0.0 ], [ 110.710727923000036, -8.135841112999969, 0.0 ], [ 110.702703243000087, -8.129747786999928, 0.0 ], [ 110.706283628000051, -8.120871330999933, 0.0 ], [ 110.709822916000064, -8.118460666999965, 0.0 ], [ 110.711080282000069, -8.114349992999962, 0.0 ], [ 110.713238132000072, -8.113085120999926, 0.0 ], [ 110.714557747000072, -8.110001866999937, 0.0 ], [ 110.716363109000042, -8.109461284999952, 0.0 ], [ 110.717461993000086, -8.105842370999937, 0.0 ], [ 110.715257827000073, -8.101155798999969, 0.0 ], [ 110.715560780000033, -8.091753669999946, 0.0 ], [ 110.718889827000055, -8.090261697999949, 0.0 ], [ 110.72103258900006, -8.093202994999956, 0.0 ], [ 110.723085854000033, -8.093594204999931, 0.0 ], [ 110.724925683000038, -8.091490464999936, 0.0 ], [ 110.731559479000055, -8.091835963999927, 0.0 ], [ 110.732941924000045, -8.098669944999926, 0.0 ], [ 110.731730561000063, -8.101756783999974, 0.0 ], [ 110.733226631000036, -8.104393865999953, 0.0 ], [ 110.732259690000035, -8.110003269999936, 0.0 ] ] ] } },
{ "type": "Feature", "properties": { }, "geometry": { "type": "MultiPolygon", "coordinates": [ [ [ [ 110.719694579000077, -8.201498020999964, 0.0 ], [ 110.718444296000087, -8.200440287999982, 0.0 ], [ 110.718752299000073, -8.19968423399996, 0.0 ], [ 110.719232505000036, -8.199992819999977, 0.0 ], [ 110.719694579000077, -8.201498020999964, 0.0 ] ] ], [ [ [ 110.712178124000047, -8.19917466499993, 0.0 ], [ 110.712491687000067, -8.199784539999939, 0.0 ], [ 110.712042624000048, -8.199468039999942, 0.0 ], [ 110.712178124000047, -8.19917466499993, 0.0 ] ] ], [ [ [ 110.728161111000077, -8.195672221999928, 0.0 ], [ 110.728090041000087, -8.195777630999942, 0.0 ], [ 110.728080523000074, -8.195696729999952, 0.0 ], [ 110.728161111000077, -8.195672221999928, 0.0 ] ] ], [ [ [ 110.706658510000068, -8.195577430999947, 0.0 ], [ 110.705996403000086, -8.195872485999928, 0.0 ], [ 110.706637397000065, -8.195460791999949, 0.0 ], [ 110.706658510000068, -8.195577430999947, 0.0 ] ] ], [ [ [ 110.706566894000048, -8.195329434999962, 0.0 ], [ 110.706222578000052, -8.195228172999975, 0.0 ], [ 110.706474305000086, -8.195098866999956, 0.0 ], [ 110.706566894000048, -8.195329434999962, 0.0 ] ] ], [ [ [ 110.736054007000064, -8.131826246999935, 0.0 ], [ 110.736992210000039, -8.132816000999981, 0.0 ], [ 110.740006845000039, -8.132373274999964, 0.0 ], [ 110.741065438000078, -8.135605734999956, 0.0 ], [ 110.738939606000088, -8.138182293999932, 0.0 ], [ 110.737293753000074, -8.136160228999927, 0.0 ], [ 110.735191153000073, -8.137063330999979, 0.0 ], [ 110.732999337000081, -8.141506565999975, 0.0 ], [ 110.734197046000077, -8.142861571999958, 0.0 ], [ 110.730367262000073, -8.14402165499996, 0.0 ], [ 110.730018407000045, -8.145644605999962, 0.0 ], [ 110.727671835000081, -8.145576583999969, 0.0 ], [ 110.727457168000058, -8.147126840999931, 0.0 ], [ 110.726057325000056, -8.147581528999979, 0.0 ], [ 110.729607289000057, -8.149916623999957, 0.0 ], [ 110.728147522000086, -8.150222581999969, 0.0 ], [ 110.727930014000037, -8.153956366999978, 0.0 ], [ 110.730614742000057, -8.153792859999953, 0.0 ], [ 110.732175983000047, -8.155328837999946, 0.0 ], [ 110.728915240000049, -8.15824116999994, 0.0 ], [ 110.728489723000052, -8.163175339999952, 0.0 ], [ 110.730430684000055, -8.16231374299997, 0.0 ], [ 110.731370971000047, -8.165560158999938, 0.0 ], [ 110.729850250000084, -8.16782911699994, 0.0 ], [ 110.733992574000069, -8.168214366999962, 0.0 ], [ 110.734529330000044, -8.170259065999971, 0.0 ], [ 110.736433336000061, -8.170866348999937, 0.0 ], [ 110.735544657000048, -8.177784945999974, 0.0 ], [ 110.736419492000039, -8.179205945999968, 0.0 ], [ 110.734278768000081, -8.183161181999935, 0.0 ], [ 110.735164947000044, -8.184242707999942, 0.0 ], [ 110.729847170000085, -8.193852565999975, 0.0 ], [ 110.729092998000056, -8.193903456999976, 0.0 ], [ 110.725005664000037, -8.199428160999958, 0.0 ], [ 110.722499712000058, -8.196749824999927, 0.0 ], [ 110.721595191000063, -8.19866572199993, 0.0 ], [ 110.72039684300006, -8.197541018999971, 0.0 ], [ 110.720224317000088, -8.199681428999952, 0.0 ], [ 110.719842546000052, -8.198758323999925, 0.0 ], [ 110.717954861000067, -8.199591775999977, 0.0 ], [ 110.719261157000062, -8.197500023999964, 0.0 ], [ 110.716937213000051, -8.19839251999997, 0.0 ], [ 110.714978162000079, -8.196892003999949, 0.0 ], [ 110.713872157000083, -8.198346320999974, 0.0 ], [ 110.712364167000032, -8.197604295999952, 0.0 ], [ 110.709531297000069, -8.20068286299994, 0.0 ], [ 110.706301656000051, -8.199688758999969, 0.0 ], [ 110.706296273000078, -8.196548805999953, 0.0 ], [ 110.708007120000048, -8.193151625999974, 0.0 ], [ 110.710057874000086, -8.192676367999979, 0.0 ], [ 110.710494146000087, -8.189940711999952, 0.0 ], [ 110.709497542000065, -8.185305773999971, 0.0 ], [ 110.710783167000045, -8.183206398999971, 0.0 ], [ 110.70895919700007, -8.18249549799998, 0.0 ], [ 110.70805507700004, -8.178595316999974, 0.0 ], [ 110.71081031600005, -8.165583946999959, 0.0 ], [ 110.708928813000057, -8.15980276199997, 0.0 ], [ 110.70971555400007, -8.155865673999926, 0.0 ], [ 110.707284739000045, -8.152655577999951, 0.0 ], [ 110.708755979000045, -8.143568642999981, 0.0 ], [ 110.712583633000065, -8.14258382099996, 0.0 ], [ 110.71762540900005, -8.143534975999955, 0.0 ], [ 110.719300507000071, -8.14195740599996, 0.0 ], [ 110.725866583000084, -8.14122125199998, 0.0 ], [ 110.731634493000058, -8.137218175999976, 0.0 ], [ 110.732818001000055, -8.132065328999943, 0.0 ], [ 110.736054007000064, -8.131826246999935, 0.0 ] ] ] ] } },
{ "type": "Feature", "properties": { }, "geometry": { "type": "Polygon", "coordinates": [ [ [ 110.77793093300005, -8.137478644999931, 0.0 ], [ 110.77901500300004, -8.140343965999932, 0.0 ], [ 110.775848814000085, -8.140044621999948, 0.0 ], [ 110.775311102000046, -8.14240110399993, 0.0 ], [ 110.777571624000075, -8.146389115999966, 0.0 ], [ 110.777493776000085, -8.151328735999925, 0.0 ], [ 110.781140832000062, -8.155346746999953, 0.0 ], [ 110.780490898000039, -8.159528547999969, 0.0 ], [ 110.782284923000077, -8.16288048499996, 0.0 ], [ 110.778640617000065, -8.163055395999947, 0.0 ], [ 110.771061890000055, -8.16688942299993, 0.0 ], [ 110.76366131900005, -8.161915359999966, 0.0 ], [ 110.764462388000084, -8.15905221099996, 0.0 ], [ 110.762996946000044, -8.154427383999973, 0.0 ], [ 110.764195566000069, -8.147537278999948, 0.0 ], [ 110.766656090000083, -8.146387192999953, 0.0 ], [ 110.766054646000043, -8.143761414999972, 0.0 ], [ 110.767681669000069, -8.141683026999942, 0.0 ], [ 110.766111071000068, -8.138483105999967, 0.0 ], [ 110.766988619000074, -8.136528692999946, 0.0 ], [ 110.769412908000049, -8.135540038999977, 0.0 ], [ 110.768899532000034, -8.13374680499993, 0.0 ], [ 110.77155313600008, -8.131775654999956, 0.0 ], [ 110.779038272000037, -8.129591980999976, 0.0 ], [ 110.780207563000033, -8.131086227999958, 0.0 ], [ 110.77793093300005, -8.137478644999931, 0.0 ] ] ] } },
{ "type": "Feature", "properties": { }, "geometry": { "type": "Polygon", "coordinates": [ [ [ 110.741065438000078, -8.135605734999956, 0.0 ], [ 110.743343162000087, -8.136311755999941, 0.0 ], [ 110.740206823000051, -8.145457832999966, 0.0 ], [ 110.74347877200006, -8.146212585999933, 0.0 ], [ 110.74471776200005, -8.148102447999975, 0.0 ], [ 110.748535523000044, -8.146151055999951, 0.0 ], [ 110.753224284000055, -8.149938938999981, 0.0 ], [ 110.747695073000045, -8.15607294199998, 0.0 ], [ 110.745807299000035, -8.161935364999977, 0.0 ], [ 110.743730378000066, -8.16240974599998, 0.0 ], [ 110.743548616000055, -8.169978919999949, 0.0 ], [ 110.738154425000062, -8.168935781999949, 0.0 ], [ 110.735778105000065, -8.170813878999979, 0.0 ], [ 110.733992574000069, -8.168214366999962, 0.0 ], [ 110.729850250000084, -8.16782911699994, 0.0 ], [ 110.731370971000047, -8.165560158999938, 0.0 ], [ 110.730430684000055, -8.16231374299997, 0.0 ], [ 110.728489723000052, -8.163175339999952, 0.0 ], [ 110.728915240000049, -8.15824116999994, 0.0 ], [ 110.732175983000047, -8.155328837999946, 0.0 ], [ 110.730614742000057, -8.153792859999953, 0.0 ], [ 110.727930014000037, -8.153956366999978, 0.0 ], [ 110.728147522000086, -8.150222581999969, 0.0 ], [ 110.729607289000057, -8.149916623999957, 0.0 ], [ 110.726866779000034, -8.14877010999993, 0.0 ], [ 110.726087563000078, -8.147069103999968, 0.0 ], [ 110.734197046000077, -8.142861571999958, 0.0 ], [ 110.732999337000081, -8.141506565999975, 0.0 ], [ 110.735191153000073, -8.137063330999979, 0.0 ], [ 110.737293753000074, -8.136160228999927, 0.0 ], [ 110.738939606000088, -8.138182293999932, 0.0 ], [ 110.741065438000078, -8.135605734999956, 0.0 ] ] ] } },
{ "type": "Feature", "properties": { }, "geometry": { "type": "Polygon", "coordinates": [ [ [ 110.780149434000066, -8.087743838999927, 0.0 ], [ 110.781217476000052, -8.092663027999947, 0.0 ], [ 110.786972320000075, -8.10469857399994, 0.0 ], [ 110.789557635000051, -8.115388233999965, 0.0 ], [ 110.787187043000074, -8.126572518999978, 0.0 ], [ 110.787131620000082, -8.133750020999969, 0.0 ], [ 110.783351902000049, -8.131913233999967, 0.0 ], [ 110.781522042000063, -8.139723640999932, 0.0 ], [ 110.779109640000058, -8.139334770999938, 0.0 ], [ 110.77793093300005, -8.137478644999931, 0.0 ], [ 110.780157749000068, -8.130505509999978, 0.0 ], [ 110.779038272000037, -8.129591980999976, 0.0 ], [ 110.776688768000042, -8.130958555999939, 0.0 ], [ 110.774224579000077, -8.130615152999951, 0.0 ], [ 110.772600965000038, -8.125482211999952, 0.0 ], [ 110.770356230000061, -8.12329607199996, 0.0 ], [ 110.771420022000086, -8.121110879999947, 0.0 ], [ 110.770654273000048, -8.117096816999947, 0.0 ], [ 110.772606447000044, -8.115645737999955, 0.0 ], [ 110.770963671000061, -8.113664875999973, 0.0 ], [ 110.766109990000075, -8.113986821999958, 0.0 ], [ 110.762715900000046, -8.112291616999926, 0.0 ], [ 110.76538503900008, -8.10307796099994, 0.0 ], [ 110.767337072000089, -8.104047338999976, 0.0 ], [ 110.770437729000037, -8.10154310799993, 0.0 ], [ 110.765717700000039, -8.097609631999944, 0.0 ], [ 110.767333933000089, -8.087940449999962, 0.0 ], [ 110.769202801000063, -8.088406515999964, 0.0 ], [ 110.769971689000045, -8.085976756999969, 0.0 ], [ 110.772006103000081, -8.085267945999931, 0.0 ], [ 110.77519463200008, -8.088070559999949, 0.0 ], [ 110.775486496000042, -8.090627694999966, 0.0 ], [ 110.776798312000039, -8.090814118999958, 0.0 ], [ 110.780149434000066, -8.087743838999927, 0.0 ] ] ] } },
{ "type": "Feature", "properties": { }, "geometry": { "type": "Polygon", "coordinates": [ [ [ 110.774224579000077, -8.130615152999951, 0.0 ], [ 110.768899532000034, -8.13374680499993, 0.0 ], [ 110.769412908000049, -8.135540038999977, 0.0 ], [ 110.766925836000041, -8.136585975999935, 0.0 ], [ 110.766051831000084, -8.139072659999954, 0.0 ], [ 110.767681669000069, -8.141683026999942, 0.0 ], [ 110.766054646000043, -8.143761414999972, 0.0 ], [ 110.76675034200008, -8.14617100199996, 0.0 ], [ 110.764632473000063, -8.146671539999943, 0.0 ], [ 110.763743141000077, -8.151165919999926, 0.0 ], [ 110.756972181000037, -8.150587297999948, 0.0 ], [ 110.755064028000049, -8.148370153999963, 0.0 ], [ 110.753500043000088, -8.149093317999927, 0.0 ], [ 110.753705518000061, -8.143554324999968, 0.0 ], [ 110.755097935000038, -8.14329520299998, 0.0 ], [ 110.755255464000072, -8.140153267999949, 0.0 ], [ 110.756957898000053, -8.140174735999949, 0.0 ], [ 110.757386856000039, -8.136752910999974, 0.0 ], [ 110.75710603400006, -8.132637992999946, 0.0 ], [ 110.75439405700007, -8.130229331999942, 0.0 ], [ 110.756192302000045, -8.125896527999942, 0.0 ], [ 110.753853053000057, -8.124412313999926, 0.0 ], [ 110.755801375000033, -8.120770370999935, 0.0 ], [ 110.753495801000042, -8.119560564999972, 0.0 ], [ 110.75476959000008, -8.115487798999936, 0.0 ], [ 110.763004143000046, -8.114157313999954, 0.0 ], [ 110.763249414000086, -8.11299999199997, 0.0 ], [ 110.771233292000034, -8.113801961999968, 0.0 ], [ 110.772653380000065, -8.115979023999955, 0.0 ], [ 110.770654273000048, -8.117096816999947, 0.0 ], [ 110.771420022000086, -8.121110879999947, 0.0 ], [ 110.770356230000061, -8.12329607199996, 0.0 ], [ 110.772600965000038, -8.125482211999952, 0.0 ], [ 110.774224579000077, -8.130615152999951, 0.0 ] ] ] } },
{ "type": "Feature", "properties": { }, "geometry": { "type": "Polygon", "coordinates": [ [ [ 110.761403631000064, -8.114123271999972, 0.0 ], [ 110.75476959000008, -8.115487798999936, 0.0 ], [ 110.753867606000085, -8.11389552199995, 0.0 ], [ 110.75216574600006, -8.11433627699995, 0.0 ], [ 110.75057593400004, -8.112802045999956, 0.0 ], [ 110.745927649000066, -8.119644720999929, 0.0 ], [ 110.745846071000074, -8.12405294399997, 0.0 ], [ 110.742358398000079, -8.12964410099994, 0.0 ], [ 110.740406570000061, -8.128343487999928, 0.0 ], [ 110.737517577000062, -8.128833874999941, 0.0 ], [ 110.736513345000049, -8.130445226999939, 0.0 ], [ 110.739071849000084, -8.132018244999927, 0.0 ], [ 110.738152679000052, -8.132899584999961, 0.0 ], [ 110.735778650000043, -8.131666894999967, 0.0 ], [ 110.733066015000077, -8.132283947999952, 0.0 ], [ 110.732018917000062, -8.130842582999946, 0.0 ], [ 110.733664288000057, -8.127761920999944, 0.0 ], [ 110.730022416000054, -8.118081507999932, 0.0 ], [ 110.73059263600004, -8.11140589799993, 0.0 ], [ 110.732259690000035, -8.110003269999936, 0.0 ], [ 110.732729521000067, -8.111199404999979, 0.0 ], [ 110.735155485000064, -8.110081904999959, 0.0 ], [ 110.73975342500006, -8.111852958999975, 0.0 ], [ 110.74114392000007, -8.110828831999982, 0.0 ], [ 110.740707670000063, -8.108694334999939, 0.0 ], [ 110.743305641000063, -8.10357320199995, 0.0 ], [ 110.74195495400005, -8.100709848999941, 0.0 ], [ 110.743455320000066, -8.098843577999958, 0.0 ], [ 110.744455575000075, -8.08921259899995, 0.0 ], [ 110.74093984700005, -8.087137882999968, 0.0 ], [ 110.73879756000008, -8.087450176999937, 0.0 ], [ 110.739056196000035, -8.086581201999934, 0.0 ], [ 110.73691481700007, -8.086268243999939, 0.0 ], [ 110.735361351000051, -8.084130543999947, 0.0 ], [ 110.73677579200006, -8.079602102999957, 0.0 ], [ 110.739462542000069, -8.076132905999941, 0.0 ], [ 110.745174279000082, -8.079538372999934, 0.0 ], [ 110.746227298000065, -8.08374536599996, 0.0 ], [ 110.747753217000081, -8.082987799999955, 0.0 ], [ 110.750394762000042, -8.08469876099997, 0.0 ], [ 110.750569830000074, -8.087799464999932, 0.0 ], [ 110.753222203000064, -8.087975443999937, 0.0 ], [ 110.752740761000041, -8.089464091999957, 0.0 ], [ 110.760108932000037, -8.093878321999966, 0.0 ], [ 110.761007681000081, -8.097326251999959, 0.0 ], [ 110.759196277000058, -8.105504120999967, 0.0 ], [ 110.761706931000049, -8.109482956999955, 0.0 ], [ 110.761403631000064, -8.114123271999972, 0.0 ] ] ] } },
{ "type": "Feature", "properties": { }, "geometry": { "type": "Polygon", "coordinates": [ [ [ 110.787131620000082, -8.133750020999969, 0.0 ], [ 110.785615372000052, -8.150690371999929, 0.0 ], [ 110.790375390000065, -8.157146288999968, 0.0 ], [ 110.804540541000051, -8.163286697999979, 0.0 ], [ 110.804457261000039, -8.168377359999965, 0.0 ], [ 110.806425210000043, -8.17141565999998, 0.0 ], [ 110.806476824000072, -8.174549345999935, 0.0 ], [ 110.802935231000049, -8.178193420999946, 0.0 ], [ 110.801500134000037, -8.185902734999956, 0.0 ], [ 110.799618408000072, -8.18912032399993, 0.0 ], [ 110.794947208000053, -8.192990733999977, 0.0 ], [ 110.791322740000055, -8.193369883999935, 0.0 ], [ 110.790823662000037, -8.192303184999957, 0.0 ], [ 110.789291193000054, -8.194015968999963, 0.0 ], [ 110.787451310000051, -8.191977852999969, 0.0 ], [ 110.781307360000085, -8.196207782999977, 0.0 ], [ 110.776315127000089, -8.195665124999948, 0.0 ], [ 110.773931656000059, -8.196703430999946, 0.0 ], [ 110.772789044000035, -8.195308950999959, 0.0 ], [ 110.768395383000041, -8.196524145999945, 0.0 ], [ 110.767044709000061, -8.195895785999937, 0.0 ], [ 110.767723437000086, -8.189909314999966, 0.0 ], [ 110.769158478000065, -8.18829352299997, 0.0 ], [ 110.767355140000063, -8.185813088999964, 0.0 ], [ 110.766950660000077, -8.181770848999975, 0.0 ], [ 110.770559910000088, -8.178957646999947, 0.0 ], [ 110.770874617000061, -8.176858497999945, 0.0 ], [ 110.779118443000073, -8.178644172999952, 0.0 ], [ 110.779628327000069, -8.172412194999936, 0.0 ], [ 110.783168169000078, -8.167792683999949, 0.0 ], [ 110.782275194000078, -8.161841686999935, 0.0 ], [ 110.780490898000039, -8.159528547999969, 0.0 ], [ 110.781140832000062, -8.155346746999953, 0.0 ], [ 110.777493776000085, -8.151328735999925, 0.0 ], [ 110.777571624000075, -8.146389115999966, 0.0 ], [ 110.775311102000046, -8.14240110399993, 0.0 ], [ 110.775848814000085, -8.140044621999948, 0.0 ], [ 110.781764088000045, -8.139682620999963, 0.0 ], [ 110.783351902000049, -8.131913233999967, 0.0 ], [ 110.787131620000082, -8.133750020999969, 0.0 ] ] ] } },
{ "type": "Feature", "properties": { }, "geometry": { "type": "MultiPolygon", "coordinates": [ [ [ [ 110.826521681000088, -8.205556010999942, 0.0 ], [ 110.826411274000066, -8.205542685999944, 0.0 ], [ 110.826519777000044, -8.205510325999967, 0.0 ], [ 110.826521681000088, -8.205556010999942, 0.0 ] ] ], [ [ [ 110.819852299000047, -8.203314528999954, 0.0 ], [ 110.819371648000072, -8.203735693999931, 0.0 ], [ 110.819764259000067, -8.203155104999951, 0.0 ], [ 110.819852299000047, -8.203314528999954, 0.0 ] ] ], [ [ [ 110.824503908000054, -8.202780101999963, 0.0 ], [ 110.824423958000068, -8.202856244999964, 0.0 ], [ 110.824414440000055, -8.202808655999945, 0.0 ], [ 110.824503908000054, -8.202780101999963, 0.0 ] ] ], [ [ [ 110.804792096000085, -8.198303383999928, 0.0 ], [ 110.804705840000054, -8.198383690999947, 0.0 ], [ 110.804738558000054, -8.198291486999949, 0.0 ], [ 110.804792096000085, -8.198303383999928, 0.0 ] ] ], [ [ [ 110.802252814000042, -8.198093594999932, 0.0 ], [ 110.802188569000066, -8.198103112999945, 0.0 ], [ 110.802229020000084, -8.198026969999944, 0.0 ], [ 110.802252814000042, -8.198093594999932, 0.0 ] ] ], [ [ [ 110.797254360000068, -8.195609120999961, 0.0 ], [ 110.797132531000045, -8.195774730999972, 0.0 ], [ 110.797090653000055, -8.195694780999929, 0.0 ], [ 110.797254360000068, -8.195609120999961, 0.0 ] ] ], [ [ [ 110.83099788800007, -8.138366855999948, 0.0 ], [ 110.82867045100005, -8.14161943299996, 0.0 ], [ 110.828737111000066, -8.146343363999961, 0.0 ], [ 110.824165700000037, -8.145831420999968, 0.0 ], [ 110.822275844000046, -8.147172990999934, 0.0 ], [ 110.821593566000047, -8.149846902999968, 0.0 ], [ 110.815283208000039, -8.153540859999964, 0.0 ], [ 110.815596103000075, -8.158999028999972, 0.0 ], [ 110.81294119000006, -8.160525931999928, 0.0 ], [ 110.816137119000075, -8.165788616999976, 0.0 ], [ 110.814404851000063, -8.168241902999966, 0.0 ], [ 110.815663069000038, -8.176170713999966, 0.0 ], [ 110.813843215000077, -8.179634236999959, 0.0 ], [ 110.814932214000066, -8.18081994299996, 0.0 ], [ 110.822262195000064, -8.18187349599998, 0.0 ], [ 110.822852225000076, -8.175872655999967, 0.0 ], [ 110.825191240000038, -8.172781928999939, 0.0 ], [ 110.825089993000063, -8.168276272999947, 0.0 ], [ 110.829027258000053, -8.167744083999935, 0.0 ], [ 110.832625863000032, -8.169175505999931, 0.0 ], [ 110.832900765000034, -8.174090278999927, 0.0 ], [ 110.837804321000078, -8.176766721999968, 0.0 ], [ 110.838811346000057, -8.179108561999954, 0.0 ], [ 110.834425862000046, -8.187630524999975, 0.0 ], [ 110.833276885000089, -8.192631263999942, 0.0 ], [ 110.833121102000064, -8.198842517999935, 0.0 ], [ 110.834933547000048, -8.203053695999927, 0.0 ], [ 110.833430603000068, -8.202293653999959, 0.0 ], [ 110.832144408000033, -8.20363909799994, 0.0 ], [ 110.830227472000047, -8.201409677999948, 0.0 ], [ 110.828598530000079, -8.204326867999953, 0.0 ], [ 110.825021101000061, -8.202427943999965, 0.0 ], [ 110.821017767000058, -8.203306909999981, 0.0 ], [ 110.818630571000085, -8.19998589599993, 0.0 ], [ 110.811537606000059, -8.199869679999949, 0.0 ], [ 110.810204430000056, -8.19884090499994, 0.0 ], [ 110.807382568000037, -8.200516771999958, 0.0 ], [ 110.805707122000058, -8.199932009999941, 0.0 ], [ 110.805850108000072, -8.198323799999969, 0.0 ], [ 110.803021886000067, -8.197273218999953, 0.0 ], [ 110.799556772000074, -8.197880359999942, 0.0 ], [ 110.797305762000065, -8.195476391999932, 0.0 ], [ 110.798702603000038, -8.192095877999975, 0.0 ], [ 110.797774817000061, -8.191344884999978, 0.0 ], [ 110.799496299000054, -8.191281591999939, 0.0 ], [ 110.798885058000053, -8.190148312999952, 0.0 ], [ 110.801500134000037, -8.185902734999956, 0.0 ], [ 110.802775557000075, -8.178576506999946, 0.0 ], [ 110.806554897000069, -8.174227772999927, 0.0 ], [ 110.806425210000043, -8.17141565999998, 0.0 ], [ 110.804457261000039, -8.168377359999965, 0.0 ], [ 110.804540541000051, -8.163286697999979, 0.0 ], [ 110.802810631000057, -8.162652621999939, 0.0 ], [ 110.804973241000084, -8.161525626999946, 0.0 ], [ 110.806318935000036, -8.156089510999948, 0.0 ], [ 110.81004970500004, -8.154993883999964, 0.0 ], [ 110.814350876000049, -8.146639641999968, 0.0 ], [ 110.814419491000081, -8.138151851999964, 0.0 ], [ 110.822650797000051, -8.138319183999954, 0.0 ], [ 110.829060390000052, -8.135743678999972, 0.0 ], [ 110.83099788800007, -8.138366855999948, 0.0 ] ] ] ] } },
{ "type": "Feature", "properties": { }, "geometry": { "type": "MultiPolygon", "coordinates": [ [ [ [ 110.764880395000034, -8.196229014999972, 0.0 ], [ 110.764705505000052, -8.19617547699994, 0.0 ], [ 110.764855411000042, -8.196089816999972, 0.0 ], [ 110.764880395000034, -8.196229014999972, 0.0 ] ] ], [ [ [ 110.761897741000041, -8.195811419999927, 0.0 ], [ 110.761537252000039, -8.195790003999946, 0.0 ], [ 110.761954848000073, -8.195654374999947, 0.0 ], [ 110.761897741000041, -8.195811419999927, 0.0 ] ] ], [ [ [ 110.762909011000033, -8.195521719999931, 0.0 ], [ 110.76284357600008, -8.195643667999946, 0.0 ], [ 110.76284357600008, -8.195509822999952, 0.0 ], [ 110.762909011000033, -8.195521719999931, 0.0 ] ] ], [ [ [ 110.744156638000049, -8.195449503999953, 0.0 ], [ 110.743963902000075, -8.195549440999969, 0.0 ], [ 110.744060270000034, -8.195363842999939, 0.0 ], [ 110.744156638000049, -8.195449503999953, 0.0 ] ] ], [ [ [ 110.755702328000041, -8.149784801999942, 0.0 ], [ 110.761153322000041, -8.151197154999977, 0.0 ], [ 110.763202079000052, -8.150556764999976, 0.0 ], [ 110.76453113000008, -8.160212507999972, 0.0 ], [ 110.76366131900005, -8.161915359999966, 0.0 ], [ 110.767931945000043, -8.163956903999974, 0.0 ], [ 110.768135702000052, -8.165694977999976, 0.0 ], [ 110.77134355700008, -8.166840806999971, 0.0 ], [ 110.778640617000065, -8.163055395999947, 0.0 ], [ 110.782284923000077, -8.16288048499996, 0.0 ], [ 110.783168169000078, -8.167792683999949, 0.0 ], [ 110.779628327000069, -8.172412194999936, 0.0 ], [ 110.779344578000064, -8.178402038999934, 0.0 ], [ 110.770874617000061, -8.176858497999945, 0.0 ], [ 110.770559910000088, -8.178957646999947, 0.0 ], [ 110.766950660000077, -8.181770848999975, 0.0 ], [ 110.767355140000063, -8.185813088999964, 0.0 ], [ 110.769158478000065, -8.18829352299997, 0.0 ], [ 110.766012513000078, -8.19649213699995, 0.0 ], [ 110.763709137000035, -8.195267356999977, 0.0 ], [ 110.762012359000039, -8.195161055999961, 0.0 ], [ 110.755868241000087, -8.196009385999957, 0.0 ], [ 110.755041237000057, -8.197123188999967, 0.0 ], [ 110.753109344000052, -8.194977646999973, 0.0 ], [ 110.748478721000083, -8.197061710999947, 0.0 ], [ 110.737197668000078, -8.192379044999939, 0.0 ], [ 110.731649665000077, -8.192633865999937, 0.0 ], [ 110.729847170000085, -8.193852565999975, 0.0 ], [ 110.735164947000044, -8.184242707999942, 0.0 ], [ 110.734278768000081, -8.183161181999935, 0.0 ], [ 110.736419492000039, -8.179205945999968, 0.0 ], [ 110.735747488000072, -8.173716327999955, 0.0 ], [ 110.737063857000066, -8.169546027999957, 0.0 ], [ 110.743548616000055, -8.169978919999949, 0.0 ], [ 110.743730378000066, -8.16240974599998, 0.0 ], [ 110.745807299000035, -8.161935364999977, 0.0 ], [ 110.747695073000045, -8.15607294199998, 0.0 ], [ 110.751183757000035, -8.152837022999961, 0.0 ], [ 110.751485187000071, -8.150915720999933, 0.0 ], [ 110.755064028000049, -8.148370153999963, 0.0 ], [ 110.755702328000041, -8.149784801999942, 0.0 ] ] ] ] } },
{ "type": "Feature", "properties": { }, "geometry": { "type": "Polygon", "coordinates": [ [ [ 110.706802745000061, -8.097290938999947, 0.0 ], [ 110.715720863000058, -8.100217890999943, 0.0 ], [ 110.717076893000069, -8.103668075999963, 0.0 ], [ 110.71605115400007, -8.104671101999941, 0.0 ], [ 110.717461993000086, -8.105842370999937, 0.0 ], [ 110.716135535000035, -8.109860844999957, 0.0 ], [ 110.714557747000072, -8.110001866999937, 0.0 ], [ 110.713238132000072, -8.113085120999926, 0.0 ], [ 110.711080282000069, -8.114349992999962, 0.0 ], [ 110.709822916000064, -8.118460666999965, 0.0 ], [ 110.70742183200008, -8.119531418999941, 0.0 ], [ 110.704932417000066, -8.12305753399994, 0.0 ], [ 110.70343084600006, -8.12885825199993, 0.0 ], [ 110.700933641000063, -8.127624714999968, 0.0 ], [ 110.69776401300004, -8.127967081999941, 0.0 ], [ 110.697332021000079, -8.126298522999946, 0.0 ], [ 110.69893783200007, -8.123863976999928, 0.0 ], [ 110.693769939000049, -8.120696156999941, 0.0 ], [ 110.691558742000041, -8.121620555999925, 0.0 ], [ 110.691189618000067, -8.124679552999964, 0.0 ], [ 110.689659306000067, -8.124527014999956, 0.0 ], [ 110.688566541000057, -8.127161281999975, 0.0 ], [ 110.687277841000082, -8.128229708999982, 0.0 ], [ 110.685864700000081, -8.127658388999976, 0.0 ], [ 110.683354228000042, -8.130692936999935, 0.0 ], [ 110.679512798000076, -8.12923868799993, 0.0 ], [ 110.675490105000051, -8.130867942999942, 0.0 ], [ 110.674520767000047, -8.127916920999951, 0.0 ], [ 110.673434188000044, -8.127817926999967, 0.0 ], [ 110.67419619900005, -8.125366399999962, 0.0 ], [ 110.672238191000076, -8.119988747999969, 0.0 ], [ 110.673424860000068, -8.116233895999926, 0.0 ], [ 110.671732696000049, -8.111854236999932, 0.0 ], [ 110.672662679000041, -8.109651163999956, 0.0 ], [ 110.670982142000071, -8.107892961999937, 0.0 ], [ 110.672696948000066, -8.105789847999972, 0.0 ], [ 110.674260942000046, -8.097540734999939, 0.0 ], [ 110.668549615000074, -8.088745680999978, 0.0 ], [ 110.667441649000068, -8.083933619999925, 0.0 ], [ 110.669101019000038, -8.082285741999954, 0.0 ], [ 110.668630688000064, -8.081194125999957, 0.0 ], [ 110.670496194000066, -8.079844504999926, 0.0 ], [ 110.673608022000053, -8.080663667999943, 0.0 ], [ 110.675022507000051, -8.07855449799996, 0.0 ], [ 110.677825382000037, -8.079297721999978, 0.0 ], [ 110.678176615000041, -8.077861907999932, 0.0 ], [ 110.683153, -8.079666885999927, 0.0 ], [ 110.684377400000074, -8.078407009999978, 0.0 ], [ 110.689569073000087, -8.078595167999936, 0.0 ], [ 110.689180480000061, -8.084813376999932, 0.0 ], [ 110.691132074000052, -8.088506975999962, 0.0 ], [ 110.696292978000088, -8.086882867999975, 0.0 ], [ 110.697254876000045, -8.083780866999973, 0.0 ], [ 110.699314205000064, -8.08439855599994, 0.0 ], [ 110.701418126000078, -8.086775737999972, 0.0 ], [ 110.702729014000056, -8.093070044999934, 0.0 ], [ 110.704319696000084, -8.093493124999952, 0.0 ], [ 110.706802745000061, -8.097290938999947, 0.0 ] ] ] } },
{ "type": "Feature", "properties": { }, "geometry": { "type": "MultiPolygon", "coordinates": [ [ [ [ 110.679689470000085, -8.187353497999936, 0.0 ], [ 110.679635932000053, -8.18745759899997, 0.0 ], [ 110.679627009000058, -8.187356471999976, 0.0 ], [ 110.679689470000085, -8.187353497999936, 0.0 ] ] ], [ [ [ 110.679787623000038, -8.187062013999935, 0.0 ], [ 110.679635932000053, -8.187091756999962, 0.0 ], [ 110.679692444000068, -8.186984680999956, 0.0 ], [ 110.679787623000038, -8.187062013999935, 0.0 ] ] ], [ [ [ 110.688365461000046, -8.185398412999973, 0.0 ], [ 110.68825838500004, -8.185616133999929, 0.0 ], [ 110.688122756000041, -8.18533059899994, 0.0 ], [ 110.688365461000046, -8.185398412999973, 0.0 ] ] ], [ [ [ 110.67694595200004, -8.185330360999956, 0.0 ], [ 110.676617586000077, -8.185501681999938, 0.0 ], [ 110.676717523000036, -8.185140003999948, 0.0 ], [ 110.67694595200004, -8.185330360999956, 0.0 ] ] ], [ [ [ 110.678526249000072, -8.183926664999944, 0.0 ], [ 110.678563810000071, -8.184697448999941, 0.0 ], [ 110.677978814000085, -8.184324138999955, 0.0 ], [ 110.678526249000072, -8.183926664999944, 0.0 ] ] ], [ [ [ 110.678517624000051, -8.182980977999932, 0.0 ], [ 110.679225210000084, -8.18320532599995, 0.0 ], [ 110.678895468000064, -8.183720938999954, 0.0 ], [ 110.678517624000051, -8.182980977999932, 0.0 ] ] ], [ [ [ 110.682088443000055, -8.182629910999935, 0.0 ], [ 110.681785061000085, -8.182790523999927, 0.0 ], [ 110.681784778000065, -8.182556423999927, 0.0 ], [ 110.682088443000055, -8.182629910999935, 0.0 ] ] ], [ [ [ 110.67193326000006, -8.179825953999966, 0.0 ], [ 110.671904707000067, -8.180275671999937, 0.0 ], [ 110.671854738000036, -8.17985807599996, 0.0 ], [ 110.67193326000006, -8.179825953999966, 0.0 ] ] ], [ [ [ 110.662486403000059, -8.177211718999956, 0.0 ], [ 110.66236914600006, -8.177638010999942, 0.0 ], [ 110.662248499000043, -8.177437789999942, 0.0 ], [ 110.662486403000059, -8.177211718999956, 0.0 ] ] ], [ [ [ 110.693932406000044, -8.12073638499993, 0.0 ], [ 110.69893783200007, -8.123863976999928, 0.0 ], [ 110.696902021000085, -8.130172285999947, 0.0 ], [ 110.697956241000043, -8.133547567999926, 0.0 ], [ 110.69559640600005, -8.136631374999979, 0.0 ], [ 110.696458442000051, -8.14073829299997, 0.0 ], [ 110.693385943000067, -8.142806055999927, 0.0 ], [ 110.692374880000045, -8.14584472699994, 0.0 ], [ 110.693516635000037, -8.159647922999966, 0.0 ], [ 110.695721149000065, -8.167314761999933, 0.0 ], [ 110.693327674000045, -8.178628180999965, 0.0 ], [ 110.68865577300005, -8.180284825999934, 0.0 ], [ 110.689189214000066, -8.184571644999949, 0.0 ], [ 110.684425309000062, -8.183937807999939, 0.0 ], [ 110.683300733000067, -8.181445553999936, 0.0 ], [ 110.679564572000061, -8.182763681999973, 0.0 ], [ 110.676583379000078, -8.18016223799998, 0.0 ], [ 110.673954719000051, -8.181249053999977, 0.0 ], [ 110.673267057000089, -8.179149618999929, 0.0 ], [ 110.671883298000068, -8.179414148999967, 0.0 ], [ 110.668683886000053, -8.176467843999944, 0.0 ], [ 110.665239089000067, -8.176922115999957, 0.0 ], [ 110.663325937000081, -8.175472612999954, 0.0 ], [ 110.662347391000083, -8.176601409999932, 0.0 ], [ 110.661998431000086, -8.17455010599997, 0.0 ], [ 110.660705765000046, -8.175042031999965, 0.0 ], [ 110.659967636000033, -8.173066504999952, 0.0 ], [ 110.654521989000045, -8.173023598999976, 0.0 ], [ 110.65191401800007, -8.17129439699994, 0.0 ], [ 110.652998954000054, -8.169922563999933, 0.0 ], [ 110.644543757000065, -8.168330490999949, 0.0 ], [ 110.647478413000044, -8.161151385999972, 0.0 ], [ 110.651181783000084, -8.159704080999973, 0.0 ], [ 110.651877411000044, -8.158020173999944, 0.0 ], [ 110.654496042000062, -8.158565601999953, 0.0 ], [ 110.657316901000058, -8.150540486999944, 0.0 ], [ 110.660952777000034, -8.152114207999944, 0.0 ], [ 110.662027055000067, -8.149506391999978, 0.0 ], [ 110.665353717000073, -8.148625881999976, 0.0 ], [ 110.665356066000072, -8.147064400999966, 0.0 ], [ 110.668440179000072, -8.144019206999928, 0.0 ], [ 110.673263974000065, -8.144245179999928, 0.0 ], [ 110.673260225000035, -8.14125476199996, 0.0 ], [ 110.671377481000036, -8.139240854999969, 0.0 ], [ 110.672040590000051, -8.13574161899993, 0.0 ], [ 110.668402945000082, -8.128510245999962, 0.0 ], [ 110.674091374000056, -8.127647754999941, 0.0 ], [ 110.675490105000051, -8.130867942999942, 0.0 ], [ 110.679512798000076, -8.12923868799993, 0.0 ], [ 110.683354228000042, -8.130692936999935, 0.0 ], [ 110.685864700000081, -8.127658388999976, 0.0 ], [ 110.687277841000082, -8.128229708999982, 0.0 ], [ 110.688566541000057, -8.127161281999975, 0.0 ], [ 110.689532391000057, -8.124633236999955, 0.0 ], [ 110.691189618000067, -8.124679552999964, 0.0 ], [ 110.691558742000041, -8.121620555999925, 0.0 ], [ 110.693932406000044, -8.12073638499993, 0.0 ] ] ] ] } },
{ "type": "Feature", "properties": { }, "geometry": { "type": "Polygon", "coordinates": [ [ [ 110.243064999000069, -7.819145, 0.0 ], [ 110.242634001000056, -7.82751800099993, 0.0 ], [ 110.245546, -7.828943000999971, 0.0 ], [ 110.244964, -7.834104, 0.0 ], [ 110.250001, -7.834001, 0.0 ], [ 110.252383, -7.837434, 0.0 ], [ 110.253644, -7.835891, 0.0 ], [ 110.258754, -7.835321000999954, 0.0 ], [ 110.270741, -7.837406000999977, 0.0 ], [ 110.26075, -7.852141, 0.0 ], [ 110.257598, -7.854422, 0.0 ], [ 110.256986, -7.858072, 0.0 ], [ 110.258876, -7.859494, 0.0 ], [ 110.259069, -7.861773, 0.0 ], [ 110.257344, -7.861782000999938, 0.0 ], [ 110.25658065500005, -7.865453705999926, 0.0 ], [ 110.247484261000068, -7.860888012999965, 0.0 ], [ 110.237396257000057, -7.852841815999966, 0.0 ], [ 110.231803018000051, -7.84468745199996, 0.0 ], [ 110.224170183000069, -7.840567177999958, 0.0 ], [ 110.221200616000033, -7.836783834999949, 0.0 ], [ 110.22230892500005, -7.834830473999943, 0.0 ], [ 110.22731882000005, -7.833166216999928, 0.0 ], [ 110.230675254000062, -7.830037020999953, 0.0 ], [ 110.23297, -7.832166, 0.0 ], [ 110.235268, -7.830834000999971, 0.0 ], [ 110.235132, -7.82933, 0.0 ], [ 110.236777, -7.82895500099994, 0.0 ], [ 110.23789799900004, -7.826484000999926, 0.0 ], [ 110.239157, -7.820808000999932, 0.0 ], [ 110.243064999000069, -7.819145, 0.0 ] ] ] } },
{ "type": "Feature", "properties": { }, "geometry": { "type": "Polygon", "coordinates": [ [ [ 110.290526591000059, -7.792809281999951, 0.0 ], [ 110.285891200000037, -7.802020213999981, 0.0 ], [ 110.286272127000075, -7.804255367999929, 0.0 ], [ 110.281503561000079, -7.806781102999935, 0.0 ], [ 110.282734680000033, -7.807705785999929, 0.0 ], [ 110.28316867500007, -7.811841543999947, 0.0 ], [ 110.28035053800005, -7.818487704999939, 0.0 ], [ 110.282526525000037, -7.817287062999981, 0.0 ], [ 110.285048803000052, -7.817833801999939, 0.0 ], [ 110.288969441000063, -7.823638734999975, 0.0 ], [ 110.286030116000063, -7.831742718999976, 0.0 ], [ 110.287671437000085, -7.834010731999967, 0.0 ], [ 110.281112, -7.834894, 0.0 ], [ 110.2788, -7.834027, 0.0 ], [ 110.278218, -7.835723, 0.0 ], [ 110.274992, -7.833124, 0.0 ], [ 110.276263, -7.828008000999944, 0.0 ], [ 110.275242, -7.825824000999944, 0.0 ], [ 110.271301999000059, -7.821818, 0.0 ], [ 110.271021, -7.819468, 0.0 ], [ 110.267961, -7.819277, 0.0 ], [ 110.26768, -7.816169000999935, 0.0 ], [ 110.269119, -7.812503000999925, 0.0 ], [ 110.268541, -7.807844000999978, 0.0 ], [ 110.261888, -7.807647000999964, 0.0 ], [ 110.262114, -7.802683, 0.0 ], [ 110.268894751000062, -7.794047574999979, 0.0 ], [ 110.27504252600005, -7.793214577999947, 0.0 ], [ 110.277119750000054, -7.788171204999969, 0.0 ], [ 110.281109987000036, -7.784870699999942, 0.0 ], [ 110.283516076000069, -7.78561543099994, 0.0 ], [ 110.283158944000036, -7.786710467999967, 0.0 ], [ 110.285781773000053, -7.784615763999966, 0.0 ], [ 110.28869217600004, -7.78551912599994, 0.0 ], [ 110.286286800000084, -7.787868193999941, 0.0 ], [ 110.288867512000081, -7.788976767999941, 0.0 ], [ 110.288773783000067, -7.79053847199998, 0.0 ], [ 110.286009919000037, -7.791197600999965, 0.0 ], [ 110.285731568000074, -7.79238197899997, 0.0 ], [ 110.286864372000082, -7.793809686999964, 0.0 ], [ 110.287760866000042, -7.79189307799993, 0.0 ], [ 110.290526591000059, -7.792809281999951, 0.0 ] ] ] } },
{ "type": "Feature", "properties": { }, "geometry": { "type": "Polygon", "coordinates": [ [ [ 110.261645, -7.806235, 0.0 ], [ 110.261888, -7.807647000999964, 0.0 ], [ 110.268541, -7.807844000999978, 0.0 ], [ 110.269119, -7.812503000999925, 0.0 ], [ 110.26768, -7.816169000999935, 0.0 ], [ 110.267961, -7.819277, 0.0 ], [ 110.271021, -7.819468, 0.0 ], [ 110.271301999000059, -7.821818, 0.0 ], [ 110.275242, -7.825824000999944, 0.0 ], [ 110.276263, -7.828008000999944, 0.0 ], [ 110.274992, -7.833124, 0.0 ], [ 110.278218, -7.835723, 0.0 ], [ 110.27739, -7.837329000999944, 0.0 ], [ 110.258754, -7.835321000999954, 0.0 ], [ 110.253644, -7.835891, 0.0 ], [ 110.252476, -7.837445000999935, 0.0 ], [ 110.250001, -7.834001, 0.0 ], [ 110.244964, -7.834104, 0.0 ], [ 110.245546, -7.828943000999971, 0.0 ], [ 110.242634001000056, -7.82751800099993, 0.0 ], [ 110.243558, -7.825109, 0.0 ], [ 110.248836999000048, -7.825633, 0.0 ], [ 110.24872, -7.823899, 0.0 ], [ 110.251188, -7.823563, 0.0 ], [ 110.25168, -7.821692, 0.0 ], [ 110.253356, -7.821944, 0.0 ], [ 110.254007, -7.81874400099997, 0.0 ], [ 110.252111999000078, -7.81832, 0.0 ], [ 110.252851, -7.815095000999975, 0.0 ], [ 110.251132, -7.814222, 0.0 ], [ 110.253018, -7.813453, 0.0 ], [ 110.253044, -7.808907, 0.0 ], [ 110.256918, -7.807514, 0.0 ], [ 110.257218, -7.806388, 0.0 ], [ 110.261645, -7.806235, 0.0 ] ] ] } },
{ "type": "Feature", "properties": { }, "geometry": { "type": "Polygon", "coordinates": [ [ [ 110.267945746000066, -7.795648418999974, 0.0 ], [ 110.262505999000041, -7.801471, 0.0 ], [ 110.26145, -7.806415, 0.0 ], [ 110.260808999000062, -7.805559000999949, 0.0 ], [ 110.257218, -7.806388, 0.0 ], [ 110.256918, -7.807514, 0.0 ], [ 110.253044, -7.808907, 0.0 ], [ 110.253018, -7.813453, 0.0 ], [ 110.251132, -7.814222, 0.0 ], [ 110.252851, -7.815095000999975, 0.0 ], [ 110.252111999000078, -7.81832, 0.0 ], [ 110.254007, -7.81874400099997, 0.0 ], [ 110.253356, -7.821944, 0.0 ], [ 110.25168, -7.821692, 0.0 ], [ 110.251188, -7.823563, 0.0 ], [ 110.24872, -7.823899, 0.0 ], [ 110.248836999000048, -7.825633, 0.0 ], [ 110.243929, -7.82524, 0.0 ], [ 110.242669, -7.823790000999963, 0.0 ], [ 110.243731, -7.821013, 0.0 ], [ 110.243064999000069, -7.819145, 0.0 ], [ 110.239157, -7.820808000999932, 0.0 ], [ 110.23789799900004, -7.826484000999926, 0.0 ], [ 110.236777, -7.82895500099994, 0.0 ], [ 110.235132, -7.82933, 0.0 ], [ 110.235268, -7.830834000999971, 0.0 ], [ 110.23297, -7.832166, 0.0 ], [ 110.231186001000083, -7.830654, 0.0 ], [ 110.23391859700007, -7.823384851999947, 0.0 ], [ 110.233977252000045, -7.813024936999966, 0.0 ], [ 110.237027743000056, -7.808920701999966, 0.0 ], [ 110.240203793000035, -7.806209668999941, 0.0 ], [ 110.241626126000085, -7.806816527999956, 0.0 ], [ 110.244825666000054, -7.804761215999974, 0.0 ], [ 110.247352131000071, -7.806063094999956, 0.0 ], [ 110.247888719000059, -7.804136085999971, 0.0 ], [ 110.250237538000079, -7.803960274999952, 0.0 ], [ 110.251873151000041, -7.802651040999933, 0.0 ], [ 110.253598302000057, -7.796504711999944, 0.0 ], [ 110.257083334000072, -7.797611113999949, 0.0 ], [ 110.256376814000078, -7.800915627999927, 0.0 ], [ 110.264348593000079, -7.794305994999945, 0.0 ], [ 110.267945746000066, -7.795648418999974, 0.0 ] ] ] } },
{ "type": "Feature", "properties": { }, "geometry": { "type": "Polygon", "coordinates": [ [ [ 110.396001653000042, -7.78857820099995, 0.0 ], [ 110.394844999000043, -7.791576000999953, 0.0 ], [ 110.390843, -7.793937000999961, 0.0 ], [ 110.380154, -7.793954, 0.0 ], [ 110.38041, -7.798199, 0.0 ], [ 110.377673, -7.797558, 0.0 ], [ 110.378175, -7.789802000999941, 0.0 ], [ 110.396001653000042, -7.78857820099995, 0.0 ] ] ] } },
{ "type": "Feature", "properties": { }, "geometry": { "type": "Polygon", "coordinates": [ [ [ 110.234411382000076, -7.954451010999946, 0.0 ], [ 110.219393550000063, -7.974372819999928, 0.0 ], [ 110.215693488000056, -7.98172535499998, 0.0 ], [ 110.211499049000054, -7.985540779999951, 0.0 ], [ 110.200948417000063, -7.980110817999957, 0.0 ], [ 110.185434560000033, -7.969092925999973, 0.0 ], [ 110.189513545000068, -7.957177782999963, 0.0 ], [ 110.199572180000075, -7.963489918999926, 0.0 ], [ 110.212620121000043, -7.967026652999948, 0.0 ], [ 110.217615252000087, -7.954541474999928, 0.0 ], [ 110.21881280100007, -7.955003229999932, 0.0 ], [ 110.219559177000065, -7.953382575999967, 0.0 ], [ 110.222063158000083, -7.953468203999932, 0.0 ], [ 110.223346286000037, -7.955963461999943, 0.0 ], [ 110.223770246000072, -7.952898, 0.0 ], [ 110.228585750000036, -7.952573434999977, 0.0 ], [ 110.234411382000076, -7.954451010999946, 0.0 ] ] ] } },
{ "type": "Feature", "properties": { }, "geometry": { "type": "Polygon", "coordinates": [ [ [ 110.217730249000056, -7.805708036999931, 0.0 ], [ 110.22844587600008, -7.805452196999966, 0.0 ], [ 110.228778588000068, -7.807158619999939, 0.0 ], [ 110.231938797000055, -7.809550645999934, 0.0 ], [ 110.234245773000055, -7.81638328799994, 0.0 ], [ 110.233963981000045, -7.822392777999937, 0.0 ], [ 110.223903343000075, -7.821572166999943, 0.0 ], [ 110.219426096000063, -7.819709526999929, 0.0 ], [ 110.215848907000066, -7.820063296999933, 0.0 ], [ 110.215707399000053, -7.822847383999942, 0.0 ], [ 110.210162202000049, -7.820749446999969, 0.0 ], [ 110.205767248000086, -7.823969017999957, 0.0 ], [ 110.20585772000004, -7.82223599799994, 0.0 ], [ 110.204442094000058, -7.821828418999928, 0.0 ], [ 110.205843490000063, -7.811221789999934, 0.0 ], [ 110.211010252000051, -7.809048036999968, 0.0 ], [ 110.214960250000047, -7.812158035999971, 0.0 ], [ 110.216090250000036, -7.811648034999962, 0.0 ], [ 110.215160250000054, -7.808518036999942, 0.0 ], [ 110.217730249000056, -7.805708036999931, 0.0 ] ] ] } },
{ "type": "Feature", "properties": { }, "geometry": { "type": "Polygon", "coordinates": [ [ [ 110.375136516000055, -7.824364727999978, 0.0 ], [ 110.375848243000064, -7.828659946999949, 0.0 ], [ 110.374612154000033, -7.829909059999977, 0.0 ], [ 110.376764, -7.832093, 0.0 ], [ 110.375308, -7.836591, 0.0 ], [ 110.376571999000078, -7.837598, 0.0 ], [ 110.376532999000062, -7.840753, 0.0 ], [ 110.380178999000066, -7.839713, 0.0 ], [ 110.381233, -7.845146, 0.0 ], [ 110.380283, -7.846458, 0.0 ], [ 110.381498, -7.846696, 0.0 ], [ 110.381455, -7.848309000999961, 0.0 ], [ 110.380227, -7.848478, 0.0 ], [ 110.380104, -7.852105, 0.0 ], [ 110.375283, -7.851639, 0.0 ], [ 110.376192, -7.859189000999947, 0.0 ], [ 110.372506, -7.858335, 0.0 ], [ 110.370996, -7.86303000099997, 0.0 ], [ 110.366906, -7.863117, 0.0 ], [ 110.365582, -7.867064, 0.0 ], [ 110.363534, -7.867091, 0.0 ], [ 110.363346, -7.865006, 0.0 ], [ 110.361242, -7.864852, 0.0 ], [ 110.360959, -7.859973, 0.0 ], [ 110.358211, -7.859116, 0.0 ], [ 110.3587, -7.854225, 0.0 ], [ 110.356929, -7.853937, 0.0 ], [ 110.358980999000039, -7.849665, 0.0 ], [ 110.361468, -7.849985000999936, 0.0 ], [ 110.361978, -7.847574, 0.0 ], [ 110.360009, -7.847447, 0.0 ], [ 110.363421, -7.840265, 0.0 ], [ 110.361808999000061, -7.839657, 0.0 ], [ 110.361757, -7.837259, 0.0 ], [ 110.364778, -7.831151, 0.0 ], [ 110.367148, -7.831151, 0.0 ], [ 110.367475615000046, -7.826771085999951, 0.0 ], [ 110.36936989600008, -7.824629500999947, 0.0 ], [ 110.371989562000067, -7.826259049999976, 0.0 ], [ 110.373303283000041, -7.82399709799995, 0.0 ], [ 110.375136516000055, -7.824364727999978, 0.0 ] ] ] } },
{ "type": "Feature", "properties": { }, "geometry": { "type": "Polygon", "coordinates": [ [ [ 110.316583329000082, -7.823722224999926, 0.0 ], [ 110.317169999000043, -7.829741000999945, 0.0 ], [ 110.320417, -7.837374, 0.0 ], [ 110.339081, -7.831957, 0.0 ], [ 110.340538, -7.833649, 0.0 ], [ 110.339583, -7.8403, 0.0 ], [ 110.340408, -7.841793000999928, 0.0 ], [ 110.335987, -7.847838000999957, 0.0 ], [ 110.331556, -7.846689000999959, 0.0 ], [ 110.331805, -7.849667, 0.0 ], [ 110.329302, -7.850433000999942, 0.0 ], [ 110.329204, -7.848116, 0.0 ], [ 110.325155, -7.848628, 0.0 ], [ 110.321742, -7.844271000999981, 0.0 ], [ 110.317934, -7.844543000999977, 0.0 ], [ 110.317446, -7.846595, 0.0 ], [ 110.321135, -7.846906000999979, 0.0 ], [ 110.321131, -7.849973, 0.0 ], [ 110.326279, -7.84969100099994, 0.0 ], [ 110.32859, -7.854049, 0.0 ], [ 110.327825, -7.859048, 0.0 ], [ 110.325851, -7.859198, 0.0 ], [ 110.324155, -7.861318, 0.0 ], [ 110.318902, -7.860081, 0.0 ], [ 110.314967, -7.854433000999961, 0.0 ], [ 110.309437, -7.852789, 0.0 ], [ 110.307682, -7.854704000999959, 0.0 ], [ 110.303067, -7.85478, 0.0 ], [ 110.300522, -7.852698000999965, 0.0 ], [ 110.290248, -7.851497, 0.0 ], [ 110.287582, -7.848918, 0.0 ], [ 110.280365, -7.847011, 0.0 ], [ 110.284626, -7.838910000999931, 0.0 ], [ 110.284625, -7.836797, 0.0 ], [ 110.281933, -7.83425, 0.0 ], [ 110.292423050000082, -7.83522835399998, 0.0 ], [ 110.295117957000059, -7.832096859999979, 0.0 ], [ 110.29812905700004, -7.832991075999928, 0.0 ], [ 110.300159844000063, -7.828991735999978, 0.0 ], [ 110.298519071000044, -7.829133451999951, 0.0 ], [ 110.297396201000083, -7.827544843999931, 0.0 ], [ 110.302203156000076, -7.827796194999962, 0.0 ], [ 110.302452057000039, -7.826119035999966, 0.0 ], [ 110.303443700000059, -7.826292692999971, 0.0 ], [ 110.30294105300004, -7.827517164999961, 0.0 ], [ 110.306357086000048, -7.828879129999962, 0.0 ], [ 110.30692197500008, -7.822346222999954, 0.0 ], [ 110.31015545300005, -7.818389287999935, 0.0 ], [ 110.311485086000062, -7.818041900999958, 0.0 ], [ 110.312414450000063, -7.820155592999981, 0.0 ], [ 110.311550219000083, -7.822513665999963, 0.0 ], [ 110.316583329000082, -7.823722224999926, 0.0 ] ] ] } },
{ "type": "Feature", "properties": { }, "geometry": { "type": "Polygon", "coordinates": [ [ [ 110.416348818000074, -7.783313216999943, 0.0 ], [ 110.41658663000004, -7.786646116999975, 0.0 ], [ 110.421023467000055, -7.786306855999953, 0.0 ], [ 110.421581917000083, -7.790659567999967, 0.0 ], [ 110.420396737000033, -7.79158992999993, 0.0 ], [ 110.422783888000083, -7.797435408999945, 0.0 ], [ 110.422494595000046, -7.798740003999967, 0.0 ], [ 110.419462, -7.798604, 0.0 ], [ 110.419524, -7.803988, 0.0 ], [ 110.418084, -7.806347, 0.0 ], [ 110.415317, -7.807060000999968, 0.0 ], [ 110.412795, -7.811231, 0.0 ], [ 110.411324, -7.811134, 0.0 ], [ 110.410371, -7.8144, 0.0 ], [ 110.412089, -7.819916, 0.0 ], [ 110.410031, -7.82649, 0.0 ], [ 110.40666199900005, -7.831616000999929, 0.0 ], [ 110.404911179000067, -7.830089156999975, 0.0 ], [ 110.404826196000045, -7.822508927999934, 0.0 ], [ 110.401397981000059, -7.822651036999957, 0.0 ], [ 110.403517870000087, -7.822374572999934, 0.0 ], [ 110.403724826000087, -7.819681773999946, 0.0 ], [ 110.401297380000074, -7.819236254999964, 0.0 ], [ 110.402260455000089, -7.802432637999971, 0.0 ], [ 110.397066917000075, -7.802236429999937, 0.0 ], [ 110.398539767000045, -7.800965314999928, 0.0 ], [ 110.395776746000081, -7.792731203999949, 0.0 ], [ 110.397437231000083, -7.789871800999947, 0.0 ], [ 110.396962689000077, -7.786214493999978, 0.0 ], [ 110.399649996000051, -7.785530000999927, 0.0 ], [ 110.398983816000055, -7.787641091999944, 0.0 ], [ 110.400633006000078, -7.789196097999934, 0.0 ], [ 110.399364471000069, -7.790500187999953, 0.0 ], [ 110.401216891000047, -7.79165846099994, 0.0 ], [ 110.401758133000044, -7.787071306999962, 0.0 ], [ 110.40551825600005, -7.787355606999938, 0.0 ], [ 110.406218305000039, -7.784859615999949, 0.0 ], [ 110.407715263000057, -7.788758935999965, 0.0 ], [ 110.409199848000071, -7.78640082499993, 0.0 ], [ 110.410087519000058, -7.790225754999938, 0.0 ], [ 110.411300004000054, -7.79025, 0.0 ], [ 110.410867153000083, -7.787132100999941, 0.0 ], [ 110.41285145900008, -7.786952327999927, 0.0 ], [ 110.412865503000035, -7.78316166299993, 0.0 ], [ 110.416348818000074, -7.783313216999943, 0.0 ] ] ] } },
{ "type": "Feature", "properties": { }, "geometry": { "type": "Polygon", "coordinates": [ [ [ 110.231912117000036, -7.714767404999975, 0.0 ], [ 110.231775946000084, -7.722524591999957, 0.0 ], [ 110.224898052000071, -7.723349896999935, 0.0 ], [ 110.219965578000085, -7.735717940999962, 0.0 ], [ 110.215805018000083, -7.731264976999967, 0.0 ], [ 110.214667900000052, -7.735924199999943, 0.0 ], [ 110.213533100000063, -7.735367900999961, 0.0 ], [ 110.213931, -7.733741299999963, 0.0 ], [ 110.209020252000073, -7.73491805599997, 0.0 ], [ 110.206480253000052, -7.733398055999942, 0.0 ], [ 110.200190254000063, -7.736238054999944, 0.0 ], [ 110.199066185000049, -7.735659141999975, 0.0 ], [ 110.19974598500005, -7.734262286999979, 0.0 ], [ 110.198372219000078, -7.734836445999974, 0.0 ], [ 110.198941990000037, -7.731385456999931, 0.0 ], [ 110.197070322000059, -7.731964394999977, 0.0 ], [ 110.187268954000047, -7.725121755999965, 0.0 ], [ 110.186781397000061, -7.723360271999979, 0.0 ], [ 110.189667981000071, -7.723387746999947, 0.0 ], [ 110.191423422000071, -7.721987675999969, 0.0 ], [ 110.190200258000061, -7.720058059999928, 0.0 ], [ 110.185445764000065, -7.719565132999946, 0.0 ], [ 110.187068671000077, -7.715428378999945, 0.0 ], [ 110.193363298000065, -7.715034700999979, 0.0 ], [ 110.195021007000037, -7.713107540999943, 0.0 ], [ 110.201455257000077, -7.71631421799998, 0.0 ], [ 110.206773532000057, -7.715653073999931, 0.0 ], [ 110.209789851000039, -7.713659765999978, 0.0 ], [ 110.211863236000056, -7.710247202999938, 0.0 ], [ 110.210986167000044, -7.708458569999948, 0.0 ], [ 110.209264571000062, -7.705715322999936, 0.0 ], [ 110.206417748000035, -7.706074360999935, 0.0 ], [ 110.204639206000081, -7.70385400999993, 0.0 ], [ 110.207631646000038, -7.69691662699995, 0.0 ], [ 110.217860249000069, -7.70371806299994, 0.0 ], [ 110.22057525300005, -7.700930744999937, 0.0 ], [ 110.224810904000037, -7.702574236999965, 0.0 ], [ 110.229021254000088, -7.709134495999933, 0.0 ], [ 110.233765488000074, -7.711127449999935, 0.0 ], [ 110.231175350000058, -7.715230057999975, 0.0 ], [ 110.231912117000036, -7.714767404999975, 0.0 ] ] ] } },
{ "type": "Feature", "properties": { }, "geometry": { "type": "Polygon", "coordinates": [ [ [ 110.22800318700007, -7.674679942999944, 0.0 ], [ 110.229609139000047, -7.678902667999978, 0.0 ], [ 110.229140951000034, -7.682436598999971, 0.0 ], [ 110.23659432900007, -7.686249127999929, 0.0 ], [ 110.24236170000006, -7.693223300999932, 0.0 ], [ 110.24171670000004, -7.696571700999925, 0.0 ], [ 110.243287980000048, -7.699288005999961, 0.0 ], [ 110.242392822000056, -7.705093347999934, 0.0 ], [ 110.244366491000051, -7.705653730999927, 0.0 ], [ 110.245403052000086, -7.707873888999927, 0.0 ], [ 110.245431923000069, -7.710102335999977, 0.0 ], [ 110.237747648000038, -7.713271457999952, 0.0 ], [ 110.232457003000036, -7.713450750999925, 0.0 ], [ 110.231175350000058, -7.715230057999975, 0.0 ], [ 110.233765488000074, -7.711127449999935, 0.0 ], [ 110.229021254000088, -7.709134495999933, 0.0 ], [ 110.224810904000037, -7.702574236999965, 0.0 ], [ 110.22057525300005, -7.700930744999937, 0.0 ], [ 110.217860249000069, -7.70371806299994, 0.0 ], [ 110.205479394000065, -7.696196144999931, 0.0 ], [ 110.206874785000082, -7.694321798999965, 0.0 ], [ 110.205719342000066, -7.690865636999945, 0.0 ], [ 110.20608547900008, -7.684145916999967, 0.0 ], [ 110.208857606000038, -7.68676623999994, 0.0 ], [ 110.208699436000074, -7.682546166999941, 0.0 ], [ 110.210249427000065, -7.679064320999942, 0.0 ], [ 110.224132314000087, -7.67403804199995, 0.0 ], [ 110.22800318700007, -7.674679942999944, 0.0 ] ] ] } },
{ "type": "Feature", "properties": { }, "geometry": { "type": "Polygon", "coordinates": [ [ [ 110.263526275000061, -7.677326742999981, 0.0 ], [ 110.262970942000038, -7.680088790999946, 0.0 ], [ 110.264538265000056, -7.681509933999962, 0.0 ], [ 110.261136286000067, -7.684731743999976, 0.0 ], [ 110.260747500000036, -7.687550314999953, 0.0 ], [ 110.263436307000063, -7.688244018999967, 0.0 ], [ 110.265696978000051, -7.691093475999935, 0.0 ], [ 110.270666600000084, -7.702760247999947, 0.0 ], [ 110.26993649700006, -7.706016617999978, 0.0 ], [ 110.267652819000034, -7.707192368999927, 0.0 ], [ 110.262883535000071, -7.705374384999971, 0.0 ], [ 110.257388889000083, -7.705555552999954, 0.0 ], [ 110.253666422000038, -7.708262662999971, 0.0 ], [ 110.245431923000069, -7.710102335999977, 0.0 ], [ 110.244843698000068, -7.706161337999959, 0.0 ], [ 110.242392822000056, -7.705093347999934, 0.0 ], [ 110.243287980000048, -7.699288005999961, 0.0 ], [ 110.24171670000004, -7.696571700999925, 0.0 ], [ 110.24236170000006, -7.693223300999932, 0.0 ], [ 110.23659432900007, -7.686249127999929, 0.0 ], [ 110.229140951000034, -7.682436598999971, 0.0 ], [ 110.229609139000047, -7.678902667999978, 0.0 ], [ 110.227601222000033, -7.671559944999956, 0.0 ], [ 110.236438300000088, -7.6729, 0.0 ], [ 110.24013, -7.668948299999954, 0.0 ], [ 110.247206941000059, -7.666942161999941, 0.0 ], [ 110.252517774000069, -7.670428954999977, 0.0 ], [ 110.253018300000065, -7.674833300999978, 0.0 ], [ 110.259580088000064, -7.67450938199994, 0.0 ], [ 110.261823950000064, -7.677811611999971, 0.0 ], [ 110.263526275000061, -7.677326742999981, 0.0 ] ] ] } },
{ "type": "Feature", "properties": { }, "geometry": { "type": "Polygon", "coordinates": [ [ [ 110.251602824000088, -7.64201273499998, 0.0 ], [ 110.261511420000033, -7.644888797999954, 0.0 ], [ 110.266178502000059, -7.649443853999969, 0.0 ], [ 110.26406234500007, -7.652440337999963, 0.0 ], [ 110.264434809000079, -7.655875161999973, 0.0 ], [ 110.263044006000086, -7.65929482699994, 0.0 ], [ 110.263402136000082, -7.661123071999953, 0.0 ], [ 110.26661996100006, -7.662511396999946, 0.0 ], [ 110.266985780000084, -7.664714477999951, 0.0 ], [ 110.263417896000078, -7.677413692999949, 0.0 ], [ 110.261559428000055, -7.677619225999933, 0.0 ], [ 110.26174926300007, -7.676341046999937, 0.0 ], [ 110.259580088000064, -7.67450938199994, 0.0 ], [ 110.253018300000065, -7.674833300999978, 0.0 ], [ 110.252517774000069, -7.670428954999977, 0.0 ], [ 110.246906713000044, -7.666912966999973, 0.0 ], [ 110.24013, -7.668948299999954, 0.0 ], [ 110.236438300000088, -7.6729, 0.0 ], [ 110.227833357000065, -7.671399764999933, 0.0 ], [ 110.227649834000033, -7.674966862999952, 0.0 ], [ 110.224132314000087, -7.67403804199995, 0.0 ], [ 110.220090443000061, -7.675304232999963, 0.0 ], [ 110.21628325000006, -7.668803682999965, 0.0 ], [ 110.210850916000084, -7.664535774999933, 0.0 ], [ 110.211668215000088, -7.663793256999952, 0.0 ], [ 110.210157692000053, -7.658033949999947, 0.0 ], [ 110.210653312000034, -7.653971401999968, 0.0 ], [ 110.209273863000078, -7.651947771999971, 0.0 ], [ 110.212603797000043, -7.646409796999933, 0.0 ], [ 110.217162317000088, -7.646204379999972, 0.0 ], [ 110.222028397000088, -7.648923615999934, 0.0 ], [ 110.239841010000077, -7.65321671099997, 0.0 ], [ 110.243279260000065, -7.652449797999964, 0.0 ], [ 110.251602824000088, -7.64201273499998, 0.0 ] ] ] } },
{ "type": "Feature", "properties": { }, "geometry": { "type": "Polygon", "coordinates": [ [ [ 110.152130394000039, -7.677350417999946, 0.0 ], [ 110.158337910000057, -7.681840178999948, 0.0 ], [ 110.156444509000039, -7.682840368999962, 0.0 ], [ 110.155680269000072, -7.68708806799998, 0.0 ], [ 110.162914320000084, -7.688814345999958, 0.0 ], [ 110.162666565000052, -7.689748971999961, 0.0 ], [ 110.170140900000035, -7.695529778999969, 0.0 ], [ 110.17070319000004, -7.698487461999946, 0.0 ], [ 110.172537855000087, -7.698146376999944, 0.0 ], [ 110.175214028000084, -7.700518149999937, 0.0 ], [ 110.181034769000064, -7.700063584999953, 0.0 ], [ 110.185288774000071, -7.701267666999968, 0.0 ], [ 110.183936092000067, -7.706320976999962, 0.0 ], [ 110.191175907000058, -7.709585662999928, 0.0 ], [ 110.191005517000065, -7.71134387099994, 0.0 ], [ 110.186092806000033, -7.71658447599998, 0.0 ], [ 110.185599512000067, -7.720245741999975, 0.0 ], [ 110.183530260000055, -7.720198058999927, 0.0 ], [ 110.18327359500006, -7.717950395999935, 0.0 ], [ 110.180119270000034, -7.719165983999972, 0.0 ], [ 110.174384430000089, -7.718134702999976, 0.0 ], [ 110.173135365000064, -7.715426641999954, 0.0 ], [ 110.170914536000055, -7.714768031999938, 0.0 ], [ 110.166380916000037, -7.710276307999948, 0.0 ], [ 110.165693138000051, -7.710828370999934, 0.0 ], [ 110.169518120000077, -7.706787452999947, 0.0 ], [ 110.163234089000071, -7.701463691999948, 0.0 ], [ 110.158971308000048, -7.69969554599993, 0.0 ], [ 110.154167643000051, -7.699515190999932, 0.0 ], [ 110.151255617000061, -7.697741291999932, 0.0 ], [ 110.137356109000052, -7.695630277999953, 0.0 ], [ 110.146580272000051, -7.688728066999943, 0.0 ], [ 110.152130394000039, -7.677350417999946, 0.0 ] ] ] } },
{ "type": "Feature", "properties": { }, "geometry": { "type": "Polygon", "coordinates": [ [ [ 110.337713, -7.879339487999971, 0.0 ], [ 110.336790853000082, -7.884263525999927, 0.0 ], [ 110.335287098000038, -7.885638297999947, 0.0 ], [ 110.335690553000063, -7.887923324999974, 0.0 ], [ 110.332490126000039, -7.886745633999965, 0.0 ], [ 110.331436263000057, -7.888021399999957, 0.0 ], [ 110.33384125300006, -7.891660900999966, 0.0 ], [ 110.33348241300007, -7.890920842999947, 0.0 ], [ 110.335411732000068, -7.891182371999946, 0.0 ], [ 110.335910445000081, -7.890005726999959, 0.0 ], [ 110.337566398000035, -7.89308172799997, 0.0 ], [ 110.335778322000067, -7.894002388999979, 0.0 ], [ 110.33674435100005, -7.895370130999936, 0.0 ], [ 110.335338605000061, -7.897677210999973, 0.0 ], [ 110.338063803000068, -7.898796839999932, 0.0 ], [ 110.33646107800007, -7.905923532999964, 0.0 ], [ 110.334191790000034, -7.904676871999925, 0.0 ], [ 110.334134192000079, -7.902078805999963, 0.0 ], [ 110.329137072000037, -7.901518653999972, 0.0 ], [ 110.328241411000079, -7.897295681999935, 0.0 ], [ 110.324176286000068, -7.894921097999941, 0.0 ], [ 110.325921478000055, -7.893536779999977, 0.0 ], [ 110.324719626000046, -7.893382377999956, 0.0 ], [ 110.326146445000063, -7.887805894999929, 0.0 ], [ 110.325060692000079, -7.886933505999934, 0.0 ], [ 110.325524536000046, -7.885071176999929, 0.0 ], [ 110.322907340000086, -7.884980800999926, 0.0 ], [ 110.322859593000032, -7.883347391999962, 0.0 ], [ 110.321776023000041, -7.883209956999963, 0.0 ], [ 110.321366959000045, -7.884673179999936, 0.0 ], [ 110.32035929400007, -7.884434623999937, 0.0 ], [ 110.321033294000074, -7.882432173999973, 0.0 ], [ 110.319189683000047, -7.882600276999938, 0.0 ], [ 110.32033963400005, -7.878831011999978, 0.0 ], [ 110.319311464000066, -7.877931908999926, 0.0 ], [ 110.321407039000064, -7.877748640999926, 0.0 ], [ 110.324643528000081, -7.871098485999937, 0.0 ], [ 110.320689254000058, -7.867531080999981, 0.0 ], [ 110.32308260800005, -7.86228953799997, 0.0 ], [ 110.324652322000077, -7.86121234899997, 0.0 ], [ 110.324484877000089, -7.862353618999975, 0.0 ], [ 110.326686567000081, -7.863290486999972, 0.0 ], [ 110.327402108000058, -7.861590093999951, 0.0 ], [ 110.327807375000077, -7.864778436999927, 0.0 ], [ 110.330405170000063, -7.865665664999938, 0.0 ], [ 110.330816822000088, -7.869378120999954, 0.0 ], [ 110.332091804000072, -7.869028355999944, 0.0 ], [ 110.330928673000074, -7.871467529999961, 0.0 ], [ 110.333429701000057, -7.874364847999971, 0.0 ], [ 110.336841684000035, -7.874944616999926, 0.0 ], [ 110.336173046000056, -7.878849207999963, 0.0 ], [ 110.337713, -7.879339487999971, 0.0 ] ] ] } },
{ "type": "Feature", "properties": { }, "geometry": { "type": "Polygon", "coordinates": [ [ [ 110.188354498000081, -7.782669836999958, 0.0 ], [ 110.187428781000051, -7.785898811999971, 0.0 ], [ 110.18895025900008, -7.789228041999934, 0.0 ], [ 110.18757025900004, -7.789808041999947, 0.0 ], [ 110.187703272000078, -7.79194827699996, 0.0 ], [ 110.185670868000045, -7.79167466399997, 0.0 ], [ 110.185208166000052, -7.792937644999938, 0.0 ], [ 110.184043498000051, -7.791733841999928, 0.0 ], [ 110.182386085000076, -7.793067832999952, 0.0 ], [ 110.189531758000044, -7.797674649999976, 0.0 ], [ 110.19100792100005, -7.802460823999979, 0.0 ], [ 110.184020260000068, -7.811518035999939, 0.0 ], [ 110.181873305000067, -7.811640146999935, 0.0 ], [ 110.182887113000049, -7.815672187999951, 0.0 ], [ 110.178954877000081, -7.817462212999942, 0.0 ], [ 110.181982945000073, -7.818739929999936, 0.0 ], [ 110.181331537000062, -7.820533482999963, 0.0 ], [ 110.180416173000083, -7.819245422999927, 0.0 ], [ 110.176852328000052, -7.822475137999959, 0.0 ], [ 110.171840264000082, -7.821978032999937, 0.0 ], [ 110.170040265000068, -7.824078032999978, 0.0 ], [ 110.167100265000045, -7.822948033999978, 0.0 ], [ 110.162828492000074, -7.824671573999979, 0.0 ], [ 110.160815410000055, -7.821526902999949, 0.0 ], [ 110.164647090000074, -7.81963671799997, 0.0 ], [ 110.165246393000075, -7.817221038999946, 0.0 ], [ 110.167244068000059, -7.817402861999938, 0.0 ], [ 110.167366659000038, -7.819603659999927, 0.0 ], [ 110.168349221000085, -7.818461393999939, 0.0 ], [ 110.168510223000055, -7.811308035999957, 0.0 ], [ 110.169935723000037, -7.809478481999975, 0.0 ], [ 110.168250988000068, -7.80608558199998, 0.0 ], [ 110.171556068000086, -7.803210428999932, 0.0 ], [ 110.170940313000074, -7.800712378999947, 0.0 ], [ 110.16882451500004, -7.801451462999978, 0.0 ], [ 110.171094762000052, -7.794692790999932, 0.0 ], [ 110.170499410000048, -7.790636995999932, 0.0 ], [ 110.168789553000067, -7.78941221599996, 0.0 ], [ 110.175523052000074, -7.788524935999931, 0.0 ], [ 110.175976981000076, -7.784878598999967, 0.0 ], [ 110.180070261000083, -7.785518041999978, 0.0 ], [ 110.185836209000058, -7.781388540999956, 0.0 ], [ 110.188354498000081, -7.782669836999958, 0.0 ] ] ] } },
{ "type": "Feature", "properties": { }, "geometry": { "type": "Polygon", "coordinates": [ [ [ 110.422494595000046, -7.798740003999967, 0.0 ], [ 110.421058588000051, -7.816689095999948, 0.0 ], [ 110.423172191000049, -7.818355939999947, 0.0 ], [ 110.42156906200006, -7.822295665999945, 0.0 ], [ 110.423209, -7.824562, 0.0 ], [ 110.42023, -7.828835, 0.0 ], [ 110.419542, -7.832260000999952, 0.0 ], [ 110.416833, -7.831521, 0.0 ], [ 110.415095, -7.835985000999926, 0.0 ], [ 110.412054, -7.835367, 0.0 ], [ 110.412257, -7.833896000999971, 0.0 ], [ 110.410193, -7.833228, 0.0 ], [ 110.408961, -7.833471, 0.0 ], [ 110.409101, -7.834629, 0.0 ], [ 110.406676129000061, -7.834376534999933, 0.0 ], [ 110.406464382000081, -7.831914322999978, 0.0 ], [ 110.410031, -7.82649, 0.0 ], [ 110.412089, -7.819916, 0.0 ], [ 110.410371, -7.8144, 0.0 ], [ 110.411324, -7.811134, 0.0 ], [ 110.412795, -7.811231, 0.0 ], [ 110.415317, -7.807060000999968, 0.0 ], [ 110.418232, -7.80616, 0.0 ], [ 110.419643, -7.803313, 0.0 ], [ 110.419462, -7.798604, 0.0 ], [ 110.422494595000046, -7.798740003999967, 0.0 ] ] ] } },
{ "type": "Feature", "properties": { }, "geometry": { "type": "Polygon", "coordinates": [ [ [ 110.378419, -7.78814, 0.0 ], [ 110.377629, -7.797274000999948, 0.0 ], [ 110.37261, -7.796837, 0.0 ], [ 110.37405, -7.790493, 0.0 ], [ 110.37297, -7.790101, 0.0 ], [ 110.378419, -7.78814, 0.0 ] ] ] } },
{ "type": "Feature", "properties": { }, "geometry": { "type": "Polygon", "coordinates": [ [ [ 110.443121, -7.864513000999978, 0.0 ], [ 110.444533999000043, -7.868535, 0.0 ], [ 110.437754, -7.871161, 0.0 ], [ 110.438013, -7.873575, 0.0 ], [ 110.434613, -7.877124, 0.0 ], [ 110.436171, -7.877788, 0.0 ], [ 110.435433, -7.88129, 0.0 ], [ 110.430876, -7.882324, 0.0 ], [ 110.42877, -7.881313, 0.0 ], [ 110.424042, -7.883207, 0.0 ], [ 110.420994999000072, -7.877841, 0.0 ], [ 110.411519, -7.875514000999942, 0.0 ], [ 110.413224, -7.871547, 0.0 ], [ 110.418834, -7.868525, 0.0 ], [ 110.420561, -7.86411, 0.0 ], [ 110.425493, -7.86392, 0.0 ], [ 110.425792, -7.865780000999962, 0.0 ], [ 110.42817, -7.867458000999932, 0.0 ], [ 110.429373, -7.872045, 0.0 ], [ 110.431473, -7.87117, 0.0 ], [ 110.434333, -7.86706800099995, 0.0 ], [ 110.436872, -7.867383, 0.0 ], [ 110.443121, -7.864513000999978, 0.0 ] ] ] } },
{ "type": "Feature", "properties": { }, "geometry": { "type": "Polygon", "coordinates": [ [ [ 110.153490270000077, -7.88130801799997, 0.0 ], [ 110.152226159000065, -7.904864972999974, 0.0 ], [ 110.143186861000061, -7.904337233999968, 0.0 ], [ 110.141526835000036, -7.903347119999978, 0.0 ], [ 110.142120273000046, -7.897748014999934, 0.0 ], [ 110.140830273000063, -7.893858016999957, 0.0 ], [ 110.144850273000088, -7.877978018999954, 0.0 ], [ 110.142040299000087, -7.876028019999978, 0.0 ], [ 110.145360273000051, -7.875528019999933, 0.0 ], [ 110.150050271000055, -7.877358018999928, 0.0 ], [ 110.148770504000083, -7.881011102999935, 0.0 ], [ 110.153490270000077, -7.88130801799997, 0.0 ] ] ] } },
{ "type": "Feature", "properties": { }, "geometry": { "type": "Polygon", "coordinates": [ [ [ 110.351080772000046, -7.768221532999974, 0.0 ], [ 110.353314, -7.774052, 0.0 ], [ 110.354781, -7.773707, 0.0 ], [ 110.354399, -7.77720500099997, 0.0 ], [ 110.355762999000035, -7.777096, 0.0 ], [ 110.356297, -7.77557, 0.0 ], [ 110.357566, -7.776423000999955, 0.0 ], [ 110.357386, -7.778482, 0.0 ], [ 110.35914, -7.780232, 0.0 ], [ 110.357068, -7.78268400099995, 0.0 ], [ 110.351197205000062, -7.781404255999973, 0.0 ], [ 110.351080772000046, -7.768221532999974, 0.0 ] ] ] } },
{ "type": "Feature", "properties": { }, "geometry": { "type": "Polygon", "coordinates": [ [ [ 110.14474490300006, -7.904350053999963, 0.0 ], [ 110.147970272000066, -7.915648010999973, 0.0 ], [ 110.147345385000051, -7.919252686999926, 0.0 ], [ 110.144740273000082, -7.918918008999981, 0.0 ], [ 110.144490273000088, -7.921238008999978, 0.0 ], [ 110.14636648700008, -7.922466082999961, 0.0 ], [ 110.144740117000083, -7.925129381999966, 0.0 ], [ 110.141817207000088, -7.924903539999946, 0.0 ], [ 110.141992654000035, -7.923793571999965, 0.0 ], [ 110.137538718000087, -7.922215379999955, 0.0 ], [ 110.137342963000037, -7.918113572999971, 0.0 ], [ 110.139482414000042, -7.91955752399997, 0.0 ], [ 110.140215081000065, -7.91432075299997, 0.0 ], [ 110.136922033000076, -7.913973483999939, 0.0 ], [ 110.135583184000041, -7.917576661999931, 0.0 ], [ 110.131284992000076, -7.916399019999972, 0.0 ], [ 110.13030027700006, -7.920328009999935, 0.0 ], [ 110.123128847000089, -7.918121772999939, 0.0 ], [ 110.122357423000039, -7.918958406999934, 0.0 ], [ 110.118871271000046, -7.916632860999925, 0.0 ], [ 110.118400281000049, -7.917888009999956, 0.0 ], [ 110.115600351000069, -7.91664800999996, 0.0 ], [ 110.117060281000079, -7.910478148999971, 0.0 ], [ 110.131740277000063, -7.910638011999936, 0.0 ], [ 110.138290275000088, -7.908648011999958, 0.0 ], [ 110.140550274000077, -7.906488012999944, 0.0 ], [ 110.141526835000036, -7.903347119999978, 0.0 ], [ 110.14474490300006, -7.904350053999963, 0.0 ] ] ] } },
{ "type": "Feature", "properties": { }, "geometry": { "type": "Polygon", "coordinates": [ [ [ 110.368609, -7.814679, 0.0 ], [ 110.376181999000039, -7.815701000999979, 0.0 ], [ 110.375136516000055, -7.824364727999978, 0.0 ], [ 110.373303283000041, -7.82399709799995, 0.0 ], [ 110.371989562000067, -7.826259049999976, 0.0 ], [ 110.36936989600008, -7.824629500999947, 0.0 ], [ 110.367477701000041, -7.826872508999941, 0.0 ], [ 110.368609, -7.814679, 0.0 ] ] ] } },
{ "type": "Feature", "properties": { }, "geometry": { "type": "Polygon", "coordinates": [ [ [ 110.24467908400004, -7.934028184999931, 0.0 ], [ 110.237842683000054, -7.948450470999944, 0.0 ], [ 110.235936451000043, -7.946613193999951, 0.0 ], [ 110.232893613000044, -7.950196572999971, 0.0 ], [ 110.233817359000057, -7.94634681499997, 0.0 ], [ 110.231731190000062, -7.947918392999952, 0.0 ], [ 110.224796666000088, -7.946546213999966, 0.0 ], [ 110.22365099700005, -7.94732165399995, 0.0 ], [ 110.223592721000045, -7.945943347999957, 0.0 ], [ 110.220120249000047, -7.945337884999958, 0.0 ], [ 110.220513541000059, -7.939403084999981, 0.0 ], [ 110.211837461000073, -7.938249161999977, 0.0 ], [ 110.212097453000069, -7.936048220999965, 0.0 ], [ 110.211172017000081, -7.935849558999962, 0.0 ], [ 110.212768242000038, -7.932006657999978, 0.0 ], [ 110.217459904000066, -7.934001095999974, 0.0 ], [ 110.217172665000078, -7.935315598999978, 0.0 ], [ 110.223220554000079, -7.936900689999959, 0.0 ], [ 110.225117472000079, -7.939419381999926, 0.0 ], [ 110.23345845700004, -7.940126710999948, 0.0 ], [ 110.234334844000045, -7.935356792999926, 0.0 ], [ 110.239557908000052, -7.936188387999948, 0.0 ], [ 110.239861411000049, -7.93342961299993, 0.0 ], [ 110.24467908400004, -7.934028184999931, 0.0 ] ] ] } },
{ "type": "Feature", "properties": { }, "geometry": { "type": "Polygon", "coordinates": [ [ [ 110.161555615000054, -7.921742031999941, 0.0 ], [ 110.173755636000067, -7.923352269999953, 0.0 ], [ 110.173349001000076, -7.927051265999978, 0.0 ], [ 110.171584573000075, -7.927123316999939, 0.0 ], [ 110.172755318000043, -7.927950431999932, 0.0 ], [ 110.171660264000081, -7.927968005999958, 0.0 ], [ 110.171809733000089, -7.929776594999964, 0.0 ], [ 110.169935199000065, -7.930100907999929, 0.0 ], [ 110.169787834000033, -7.932456697999953, 0.0 ], [ 110.170591377000051, -7.936258098999929, 0.0 ], [ 110.175393211000085, -7.93713603499998, 0.0 ], [ 110.165549699000053, -7.957719682999937, 0.0 ], [ 110.149303892000034, -7.949756574999981, 0.0 ], [ 110.154316168000037, -7.937569269999926, 0.0 ], [ 110.161233320000065, -7.939546418999953, 0.0 ], [ 110.162064724000061, -7.935939564999956, 0.0 ], [ 110.160795834000055, -7.933155754999973, 0.0 ], [ 110.159020901000076, -7.932940543999962, 0.0 ], [ 110.158347132000074, -7.934843858999955, 0.0 ], [ 110.157219611000073, -7.934590096999955, 0.0 ], [ 110.15815600600007, -7.927605164999932, 0.0 ], [ 110.156596003000061, -7.925366486999962, 0.0 ], [ 110.157396844000061, -7.923469949999969, 0.0 ], [ 110.160926508000045, -7.924082071999976, 0.0 ], [ 110.161555615000054, -7.921742031999941, 0.0 ] ] ] } },
{ "type": "Feature", "properties": { }, "geometry": { "type": "Polygon", "coordinates": [ [ [ 110.360919, -7.780084, 0.0 ], [ 110.360813999000072, -7.782815, 0.0 ], [ 110.363372, -7.782859000999963, 0.0 ], [ 110.362493, -7.788403, 0.0 ], [ 110.355268, -7.788511, 0.0 ], [ 110.355054, -7.785531000999981, 0.0 ], [ 110.357636, -7.781247, 0.0 ], [ 110.359354, -7.779746, 0.0 ], [ 110.360919, -7.780084, 0.0 ] ] ] } },
{ "type": "Feature", "properties": { }, "geometry": { "type": "Polygon", "coordinates": [ [ [ 110.217890903000068, -7.904113028999973, 0.0 ], [ 110.213940251000054, -7.908548010999937, 0.0 ], [ 110.210420252000063, -7.910108010999977, 0.0 ], [ 110.207550252000033, -7.914778009999964, 0.0 ], [ 110.21056025200005, -7.916088009999953, 0.0 ], [ 110.209030252000048, -7.923988007999981, 0.0 ], [ 110.210850251000068, -7.924138006999954, 0.0 ], [ 110.212520251000058, -7.92713800599995, 0.0 ], [ 110.212270251000064, -7.928808007999976, 0.0 ], [ 110.209260252000036, -7.927838006999934, 0.0 ], [ 110.21151025100005, -7.929538005999973, 0.0 ], [ 110.211673476000044, -7.931567036999979, 0.0 ], [ 110.206054104000089, -7.929932976999964, 0.0 ], [ 110.194383674000051, -7.930155680999974, 0.0 ], [ 110.195393465000052, -7.922811144999969, 0.0 ], [ 110.190197227000056, -7.92192302899997, 0.0 ], [ 110.190730258000087, -7.920098008999958, 0.0 ], [ 110.185491575000071, -7.920026771999972, 0.0 ], [ 110.185720149000076, -7.917534304999947, 0.0 ], [ 110.184171384000081, -7.917327386999943, 0.0 ], [ 110.187848472000042, -7.903113907999966, 0.0 ], [ 110.191966199000035, -7.902626313999974, 0.0 ], [ 110.193128265000041, -7.898285061999957, 0.0 ], [ 110.194176670000047, -7.898334064999972, 0.0 ], [ 110.194215774000043, -7.899820491999947, 0.0 ], [ 110.202613480000082, -7.900276338999959, 0.0 ], [ 110.204150369000047, -7.894548013999952, 0.0 ], [ 110.214066100000082, -7.898006674999976, 0.0 ], [ 110.212375833000067, -7.900629295999977, 0.0 ], [ 110.214306108000073, -7.901393063999933, 0.0 ], [ 110.214101846000062, -7.90413452599995, 0.0 ], [ 110.217890903000068, -7.904113028999973, 0.0 ] ] ] } },
{ "type": "Feature", "properties": { }, "geometry": { "type": "Polygon", "coordinates": [ [ [ 110.368165999000041, -7.919899000999976, 0.0 ], [ 110.366854, -7.921106000999941, 0.0 ], [ 110.367262, -7.930259, 0.0 ], [ 110.362726, -7.938499, 0.0 ], [ 110.36363, -7.941734, 0.0 ], [ 110.366919, -7.942267000999948, 0.0 ], [ 110.36609, -7.945406000999981, 0.0 ], [ 110.36208, -7.944093, 0.0 ], [ 110.350276, -7.946064, 0.0 ], [ 110.347909, -7.937734, 0.0 ], [ 110.348936, -7.935773000999973, 0.0 ], [ 110.350406, -7.935736, 0.0 ], [ 110.350379, -7.931968000999973, 0.0 ], [ 110.352323, -7.932056, 0.0 ], [ 110.353341, -7.92747, 0.0 ], [ 110.355758, -7.926115, 0.0 ], [ 110.355775, -7.925063, 0.0 ], [ 110.354077, -7.924814000999959, 0.0 ], [ 110.354984, -7.9201, 0.0 ], [ 110.356152, -7.922336000999962, 0.0 ], [ 110.357184, -7.917253, 0.0 ], [ 110.358867, -7.916324, 0.0 ], [ 110.359585999000046, -7.913207000999932, 0.0 ], [ 110.363298, -7.911873, 0.0 ], [ 110.366693, -7.912504, 0.0 ], [ 110.368549, -7.910776, 0.0 ], [ 110.368284, -7.911929, 0.0 ], [ 110.369534, -7.912153, 0.0 ], [ 110.368165999000041, -7.919899000999976, 0.0 ] ] ] } },
{ "type": "Feature", "properties": { }, "geometry": { "type": "Polygon", "coordinates": [ [ [ 110.281922, -7.945591, 0.0 ], [ 110.280722, -7.947756, 0.0 ], [ 110.283267, -7.953549, 0.0 ], [ 110.280441, -7.954643, 0.0 ], [ 110.281417, -7.958263, 0.0 ], [ 110.279068, -7.956921, 0.0 ], [ 110.271762, -7.957090000999926, 0.0 ], [ 110.261207, -7.954474000999937, 0.0 ], [ 110.262478, -7.949824, 0.0 ], [ 110.264449, -7.947707000999969, 0.0 ], [ 110.259311, -7.946879, 0.0 ], [ 110.259691, -7.943807000999925, 0.0 ], [ 110.254488, -7.940947, 0.0 ], [ 110.255554, -7.938293, 0.0 ], [ 110.26066, -7.935256, 0.0 ], [ 110.260805, -7.932278, 0.0 ], [ 110.262761, -7.931985, 0.0 ], [ 110.262726, -7.93522, 0.0 ], [ 110.26503, -7.93852100099997, 0.0 ], [ 110.264532, -7.939993, 0.0 ], [ 110.267014, -7.939810000999955, 0.0 ], [ 110.267953, -7.93263, 0.0 ], [ 110.273178, -7.931951000999959, 0.0 ], [ 110.272334, -7.936243, 0.0 ], [ 110.280443, -7.941342, 0.0 ], [ 110.279573, -7.944166, 0.0 ], [ 110.281922, -7.945591, 0.0 ] ] ] } },
{ "type": "Feature", "properties": { }, "geometry": { "type": "Polygon", "coordinates": [ [ [ 110.180364002000033, -7.877406292999979, 0.0 ], [ 110.179297528000063, -7.88710098699994, 0.0 ], [ 110.180719130000057, -7.88966438999995, 0.0 ], [ 110.181048557000054, -7.896292631999927, 0.0 ], [ 110.183310959000039, -7.896488925999961, 0.0 ], [ 110.18163587500004, -7.904723045999958, 0.0 ], [ 110.177744906000044, -7.904666616999975, 0.0 ], [ 110.17794026200005, -7.909058011999946, 0.0 ], [ 110.179390262000084, -7.909028011999965, 0.0 ], [ 110.179680262000034, -7.915948009999966, 0.0 ], [ 110.171876991000033, -7.907176162999974, 0.0 ], [ 110.172490847000063, -7.903750378999973, 0.0 ], [ 110.174608259000081, -7.902742370999931, 0.0 ], [ 110.174570975000051, -7.899350780999953, 0.0 ], [ 110.167261198000062, -7.898552274999929, 0.0 ], [ 110.167570772000033, -7.897289873999966, 0.0 ], [ 110.165664369000069, -7.897672589999956, 0.0 ], [ 110.161903409000047, -7.89595036999998, 0.0 ], [ 110.164210267000044, -7.890748015999975, 0.0 ], [ 110.171072895000066, -7.893092981999928, 0.0 ], [ 110.171040264000055, -7.885968016999925, 0.0 ], [ 110.172850264000033, -7.884488017999956, 0.0 ], [ 110.175247623000075, -7.877036523999948, 0.0 ], [ 110.178148700000065, -7.875971800999935, 0.0 ], [ 110.177804, -7.877325399999961, 0.0 ], [ 110.176020599000083, -7.877129400999934, 0.0 ], [ 110.175324300000057, -7.880474799999945, 0.0 ], [ 110.176451400000076, -7.881380500999967, 0.0 ], [ 110.180364002000033, -7.877406292999979, 0.0 ] ] ] } },
{ "type": "Feature", "properties": { }, "geometry": { "type": "Polygon", "coordinates": [ [ [ 110.369356707000065, -7.773685889999967, 0.0 ], [ 110.37127, -7.777237, 0.0 ], [ 110.369984, -7.780582, 0.0 ], [ 110.371452, -7.781513000999951, 0.0 ], [ 110.370885, -7.782963, 0.0 ], [ 110.360831, -7.78205, 0.0 ], [ 110.360919, -7.780084, 0.0 ], [ 110.364887, -7.780241, 0.0 ], [ 110.365279999000052, -7.775462, 0.0 ], [ 110.367509, -7.773196, 0.0 ], [ 110.369356707000065, -7.773685889999967, 0.0 ] ] ] } },
{ "type": "Feature", "properties": { }, "geometry": { "type": "Polygon", "coordinates": [ [ [ 110.394855336000035, -7.788471619999939, 0.0 ], [ 110.380691, -7.789590000999965, 0.0 ], [ 110.380582, -7.787845, 0.0 ], [ 110.382253, -7.786185, 0.0 ], [ 110.387758, -7.785512000999972, 0.0 ], [ 110.388206835000062, -7.780260216999977, 0.0 ], [ 110.390750905000061, -7.780389278999962, 0.0 ], [ 110.392839873000071, -7.786448179999979, 0.0 ], [ 110.395103336000034, -7.787501091999957, 0.0 ], [ 110.394855336000035, -7.788471619999939, 0.0 ] ] ] } },
{ "type": "Feature", "properties": { }, "geometry": { "type": "Polygon", "coordinates": [ [ [ 110.205783944000075, -7.875365536999936, 0.0 ], [ 110.208130253000036, -7.877928018999967, 0.0 ], [ 110.213880251000035, -7.879228018999981, 0.0 ], [ 110.214490251000086, -7.881468018999954, 0.0 ], [ 110.206400253000083, -7.880328018999933, 0.0 ], [ 110.202840159000061, -7.900163100999976, 0.0 ], [ 110.194215774000043, -7.899820491999947, 0.0 ], [ 110.193276901000047, -7.898231492999969, 0.0 ], [ 110.191966199000035, -7.902626313999974, 0.0 ], [ 110.188263078000034, -7.902479402999973, 0.0 ], [ 110.196202419000088, -7.890482560999942, 0.0 ], [ 110.195005415000082, -7.89079023599993, 0.0 ], [ 110.19566117800008, -7.887489290999952, 0.0 ], [ 110.193740257000059, -7.88655801699997, 0.0 ], [ 110.195797545000062, -7.879189460999953, 0.0 ], [ 110.194769548000068, -7.878991397999926, 0.0 ], [ 110.194869729000061, -7.876431135999951, 0.0 ], [ 110.198212870000077, -7.878456384999936, 0.0 ], [ 110.201136190000057, -7.873739708999949, 0.0 ], [ 110.205855107000048, -7.876335216999962, 0.0 ], [ 110.205783944000075, -7.875365536999936, 0.0 ] ] ] } },
{ "type": "Feature", "properties": { }, "geometry": { "type": "Polygon", "coordinates": [ [ [ 110.095480287000044, -7.881078018999972, 0.0 ], [ 110.100944001000073, -7.882061293999925, 0.0 ], [ 110.099247700000035, -7.889185135999981, 0.0 ], [ 110.097207400000059, -7.890160111999933, 0.0 ], [ 110.096374628000035, -7.894421000999955, 0.0 ], [ 110.090786200000082, -7.892387007999957, 0.0 ], [ 110.095480287000044, -7.881078018999972, 0.0 ] ] ] } },
{ "type": "Feature", "properties": { }, "geometry": { "type": "Polygon", "coordinates": [ [ [ 110.165072477000081, -7.910955909999927, 0.0 ], [ 110.164064083000085, -7.92201636599998, 0.0 ], [ 110.161555615000054, -7.921742031999941, 0.0 ], [ 110.160926508000045, -7.924082071999976, 0.0 ], [ 110.157396844000061, -7.923469949999969, 0.0 ], [ 110.157026665000046, -7.919749210999953, 0.0 ], [ 110.155148888000042, -7.920119058999944, 0.0 ], [ 110.154656930000044, -7.922199956999975, 0.0 ], [ 110.15651026900008, -7.923278007999954, 0.0 ], [ 110.147345385000051, -7.919252686999926, 0.0 ], [ 110.147930272000053, -7.912688009999954, 0.0 ], [ 110.146003189000055, -7.909867342999974, 0.0 ], [ 110.151655574000074, -7.910476076999942, 0.0 ], [ 110.153005945000075, -7.910071664999975, 0.0 ], [ 110.152270270000088, -7.907938011999931, 0.0 ], [ 110.161861854000051, -7.907315230999927, 0.0 ], [ 110.161601014000041, -7.910713869999938, 0.0 ], [ 110.165072477000081, -7.910955909999927, 0.0 ] ] ] } },
{ "type": "Feature", "properties": { }, "geometry": { "type": "Polygon", "coordinates": [ [ [ 110.482105, -7.93518, 0.0 ], [ 110.488649076000058, -7.93923996999996, 0.0 ], [ 110.489593506000062, -7.942372279999972, 0.0 ], [ 110.487930304000088, -7.945197074999953, 0.0 ], [ 110.482292176000044, -7.942137228999968, 0.0 ], [ 110.476242049000064, -7.942971670999952, 0.0 ], [ 110.478042591000076, -7.950256316999969, 0.0 ], [ 110.473777774000041, -7.952064475999975, 0.0 ], [ 110.47248839100007, -7.95425699499998, 0.0 ], [ 110.475929260000044, -7.96484180899995, 0.0 ], [ 110.475074773000074, -7.966717211999935, 0.0 ], [ 110.472602857000084, -7.966974701999959, 0.0 ], [ 110.477455145000079, -7.971160862999966, 0.0 ], [ 110.474723829000084, -7.971915220999961, 0.0 ], [ 110.473037729000055, -7.970077949999961, 0.0 ], [ 110.469192502000055, -7.96980092299998, 0.0 ], [ 110.467521660000045, -7.971248610999965, 0.0 ], [ 110.463363644000083, -7.968422872999952, 0.0 ], [ 110.464477555000087, -7.966661428999942, 0.0 ], [ 110.467720030000066, -7.966527424999981, 0.0 ], [ 110.470680232000063, -7.962728961999971, 0.0 ], [ 110.464988714000071, -7.95936009899998, 0.0 ], [ 110.464569075000043, -7.957222926999975, 0.0 ], [ 110.467239386000074, -7.955513928999949, 0.0 ], [ 110.466537473000074, -7.954191661999971, 0.0 ], [ 110.456741329000067, -7.957985385999962, 0.0 ], [ 110.457885755000063, -7.961180202999969, 0.0 ], [ 110.457405086000051, -7.96527813199998, 0.0 ], [ 110.454635615000086, -7.967231247999962, 0.0 ], [ 110.450630197000066, -7.960604652999962, 0.0 ], [ 110.451248158000055, -7.955341309999937, 0.0 ], [ 110.454216, -7.953416797999978, 0.0 ], [ 110.454849267000043, -7.951607188999958, 0.0 ], [ 110.451774599000089, -7.947313282999971, 0.0 ], [ 110.448748, -7.946975, 0.0 ], [ 110.450238, -7.944657, 0.0 ], [ 110.454196, -7.945983, 0.0 ], [ 110.455881, -7.945022, 0.0 ], [ 110.45626, -7.943113, 0.0 ], [ 110.457961, -7.943864000999952, 0.0 ], [ 110.459092, -7.942581000999951, 0.0 ], [ 110.45455, -7.935437, 0.0 ], [ 110.455117, -7.934284, 0.0 ], [ 110.460521, -7.930342, 0.0 ], [ 110.464932999000041, -7.930861, 0.0 ], [ 110.468305999000052, -7.92966, 0.0 ], [ 110.482105, -7.93518, 0.0 ] ] ] } },
{ "type": "Feature", "properties": { }, "geometry": { "type": "Polygon", "coordinates": [ [ [ 110.224339918000055, -7.804992324999944, 0.0 ], [ 110.217730249000056, -7.805708036999931, 0.0 ], [ 110.215160250000054, -7.808518036999942, 0.0 ], [ 110.216090250000036, -7.811648034999962, 0.0 ], [ 110.214960250000047, -7.812158035999971, 0.0 ], [ 110.211010252000051, -7.809048036999968, 0.0 ], [ 110.205843490000063, -7.811221789999934, 0.0 ], [ 110.204442094000058, -7.821828418999928, 0.0 ], [ 110.20585772000004, -7.82223599799994, 0.0 ], [ 110.205586564000043, -7.82462808899993, 0.0 ], [ 110.201852255000063, -7.823026163999941, 0.0 ], [ 110.201569954000036, -7.821482215999936, 0.0 ], [ 110.199464531000046, -7.823418450999952, 0.0 ], [ 110.197360866000054, -7.823520456999972, 0.0 ], [ 110.19655025600008, -7.821438032999936, 0.0 ], [ 110.190490258000068, -7.82255803399994, 0.0 ], [ 110.188443479000057, -7.824961739999935, 0.0 ], [ 110.183234343000038, -7.822676069999943, 0.0 ], [ 110.182060260000071, -7.82521815399997, 0.0 ], [ 110.180699359000073, -7.825198069999942, 0.0 ], [ 110.180301477000057, -7.822051028999965, 0.0 ], [ 110.181982945000073, -7.818739929999936, 0.0 ], [ 110.178954877000081, -7.817462212999942, 0.0 ], [ 110.182887113000049, -7.815672187999951, 0.0 ], [ 110.181873305000067, -7.811640146999935, 0.0 ], [ 110.184020260000068, -7.811518035999939, 0.0 ], [ 110.189010259000042, -7.805938036999976, 0.0 ], [ 110.191057787000034, -7.802181587999939, 0.0 ], [ 110.190227463000042, -7.798937504999969, 0.0 ], [ 110.192513260000055, -7.795641030999946, 0.0 ], [ 110.198735414000055, -7.795103724999933, 0.0 ], [ 110.20519084700004, -7.790256588999966, 0.0 ], [ 110.211014889000069, -7.791108698999949, 0.0 ], [ 110.211712421000072, -7.792673068999932, 0.0 ], [ 110.213126338000052, -7.79240312099995, 0.0 ], [ 110.224918167000055, -7.800267407999968, 0.0 ], [ 110.223641304000068, -7.803193939999971, 0.0 ], [ 110.224339918000055, -7.804992324999944, 0.0 ] ] ] } },
{ "type": "Feature", "properties": { }, "geometry": { "type": "Polygon", "coordinates": [ [ [ 110.323478544000068, -7.973087465999981, 0.0 ], [ 110.326169, -7.973661, 0.0 ], [ 110.326099, -7.975219, 0.0 ], [ 110.328711, -7.976516, 0.0 ], [ 110.329957, -7.979467, 0.0 ], [ 110.328053, -7.983834, 0.0 ], [ 110.321338, -7.98459, 0.0 ], [ 110.315659, -7.989997, 0.0 ], [ 110.308085, -7.993944000999932, 0.0 ], [ 110.301229, -7.999845, 0.0 ], [ 110.301572, -7.99446, 0.0 ], [ 110.303509, -7.994107, 0.0 ], [ 110.304094, -7.989964, 0.0 ], [ 110.305837, -7.988681000999975, 0.0 ], [ 110.307664, -7.983708000999968, 0.0 ], [ 110.307806, -7.978356, 0.0 ], [ 110.306669, -7.978022, 0.0 ], [ 110.308945, -7.974705, 0.0 ], [ 110.307323, -7.974082, 0.0 ], [ 110.307917, -7.970845, 0.0 ], [ 110.319363507000048, -7.972306655999944, 0.0 ], [ 110.320818210000084, -7.975266971999929, 0.0 ], [ 110.323478544000068, -7.973087465999981, 0.0 ] ] ] } },
{ "type": "Feature", "properties": { }, "geometry": { "type": "Polygon", "coordinates": [ [ [ 110.272469, -7.972799, 0.0 ], [ 110.271317, -7.982171, 0.0 ], [ 110.273052, -7.983113, 0.0 ], [ 110.269281, -7.994081000999927, 0.0 ], [ 110.269395, -7.996806, 0.0 ], [ 110.261576, -7.995688, 0.0 ], [ 110.263224, -7.989812000999962, 0.0 ], [ 110.258028, -7.986935, 0.0 ], [ 110.260009, -7.98473900099998, 0.0 ], [ 110.256566, -7.982514, 0.0 ], [ 110.25789, -7.976960000999952, 0.0 ], [ 110.266489, -7.976354000999947, 0.0 ], [ 110.268009, -7.971245000999943, 0.0 ], [ 110.270284, -7.971516, 0.0 ], [ 110.272469, -7.972799, 0.0 ] ] ] } },
{ "type": "Feature", "properties": { }, "geometry": { "type": "Polygon", "coordinates": [ [ [ 110.254752, -7.953093, 0.0 ], [ 110.265028, -7.95517500099993, 0.0 ], [ 110.264618, -7.95672, 0.0 ], [ 110.262606, -7.956806, 0.0 ], [ 110.260647, -7.959003, 0.0 ], [ 110.258937999000068, -7.96302, 0.0 ], [ 110.257455999000058, -7.970397, 0.0 ], [ 110.260596, -7.972183000999962, 0.0 ], [ 110.257984, -7.97393, 0.0 ], [ 110.254691, -7.973713, 0.0 ], [ 110.254133, -7.975883, 0.0 ], [ 110.258843, -7.976103000999956, 0.0 ], [ 110.257421, -7.977696, 0.0 ], [ 110.256566, -7.982514, 0.0 ], [ 110.260009, -7.98473900099998, 0.0 ], [ 110.258028, -7.986935, 0.0 ], [ 110.263224, -7.989812000999962, 0.0 ], [ 110.261919, -7.995185, 0.0 ], [ 110.258585, -7.999999, 0.0 ], [ 110.258433721000074, -8.002792329999977, 0.0 ], [ 110.24184192000007, -7.996446333999927, 0.0 ], [ 110.246813, -7.983744, 0.0 ], [ 110.242298001000051, -7.982339, 0.0 ], [ 110.243757, -7.979153, 0.0 ], [ 110.242564, -7.969175, 0.0 ], [ 110.24406299900005, -7.967429, 0.0 ], [ 110.24751000100008, -7.96726500099993, 0.0 ], [ 110.250146, -7.965356000999975, 0.0 ], [ 110.254752, -7.953093, 0.0 ] ] ] } },
{ "type": "Feature", "properties": { }, "geometry": { "type": "Polygon", "coordinates": [ [ [ 110.140344938000055, -7.92306962899994, 0.0 ], [ 110.139590274000057, -7.92502800799997, 0.0 ], [ 110.145536367000034, -7.92868023099993, 0.0 ], [ 110.14424176600005, -7.933362153999951, 0.0 ], [ 110.133214188000068, -7.928379968999934, 0.0 ], [ 110.128195667000057, -7.940098315999933, 0.0 ], [ 110.107811998000045, -7.931013133999954, 0.0 ], [ 110.112526460000083, -7.920341184999927, 0.0 ], [ 110.113717099000041, -7.92080193399994, 0.0 ], [ 110.115600351000069, -7.91664800999996, 0.0 ], [ 110.118400281000049, -7.917888009999956, 0.0 ], [ 110.118871271000046, -7.916632860999925, 0.0 ], [ 110.122357423000039, -7.918958406999934, 0.0 ], [ 110.123128847000089, -7.918121772999939, 0.0 ], [ 110.13030027700006, -7.920328009999935, 0.0 ], [ 110.131284992000076, -7.916399019999972, 0.0 ], [ 110.135583184000041, -7.917576661999931, 0.0 ], [ 110.136922033000076, -7.913973483999939, 0.0 ], [ 110.140215081000065, -7.91432075299997, 0.0 ], [ 110.139482414000042, -7.91955752399997, 0.0 ], [ 110.137342963000037, -7.918113572999971, 0.0 ], [ 110.137004995000041, -7.920058806999975, 0.0 ], [ 110.138050921000058, -7.920669400999941, 0.0 ], [ 110.137538718000087, -7.922215379999955, 0.0 ], [ 110.140344938000055, -7.92306962899994, 0.0 ] ] ] } },
{ "type": "Feature", "properties": { }, "geometry": { "type": "Polygon", "coordinates": [ [ [ 110.355996, -7.808621000999949, 0.0 ], [ 110.355873, -7.817448, 0.0 ], [ 110.356832, -7.817513000999952, 0.0 ], [ 110.355597396000064, -7.825856687999931, 0.0 ], [ 110.351752580000039, -7.825745171999927, 0.0 ], [ 110.35256899500007, -7.823240993999946, 0.0 ], [ 110.350794144000076, -7.821072322999953, 0.0 ], [ 110.352506203000075, -7.81599327899994, 0.0 ], [ 110.351139538000041, -7.814224440999965, 0.0 ], [ 110.351875, -7.810329, 0.0 ], [ 110.353681, -7.808277, 0.0 ], [ 110.355996, -7.808621000999949, 0.0 ] ] ] } },
{ "type": "Feature", "properties": { }, "geometry": { "type": "Polygon", "coordinates": [ [ [ 110.186682956000084, -7.686370404999934, 0.0 ], [ 110.185713796000073, -7.687908835999963, 0.0 ], [ 110.183860260000074, -7.68797806699996, 0.0 ], [ 110.180933915000082, -7.692988272999969, 0.0 ], [ 110.176445472000069, -7.692338586999938, 0.0 ], [ 110.174116445000038, -7.69363171599997, 0.0 ], [ 110.171068625000089, -7.692655950999949, 0.0 ], [ 110.168210788000067, -7.693970787999945, 0.0 ], [ 110.161655910000036, -7.687951565999981, 0.0 ], [ 110.155610269000078, -7.686938066999971, 0.0 ], [ 110.156444509000039, -7.682840368999962, 0.0 ], [ 110.158337910000057, -7.681840178999948, 0.0 ], [ 110.156580248000068, -7.680378068999971, 0.0 ], [ 110.157963651000046, -7.677590979999934, 0.0 ], [ 110.167577549000043, -7.66424115999996, 0.0 ], [ 110.167238118000057, -7.65950924699996, 0.0 ], [ 110.16919308000007, -7.648447946999966, 0.0 ], [ 110.184121678000054, -7.646571126999959, 0.0 ], [ 110.183609025000067, -7.650627801999974, 0.0 ], [ 110.187782143000049, -7.656296440999938, 0.0 ], [ 110.188100259000066, -7.666238072999931, 0.0 ], [ 110.187520259000053, -7.667278073999967, 0.0 ], [ 110.183110260000035, -7.667478071999938, 0.0 ], [ 110.180350260000068, -7.669848072999969, 0.0 ], [ 110.179230261000043, -7.672788070999957, 0.0 ], [ 110.181469383000035, -7.67700519999994, 0.0 ], [ 110.177241083000069, -7.679273271999932, 0.0 ], [ 110.183926724000059, -7.686066282999946, 0.0 ], [ 110.186682956000084, -7.686370404999934, 0.0 ] ] ] } },
{ "type": "Feature", "properties": { }, "geometry": { "type": "Polygon", "coordinates": [ [ [ 110.309563141000069, -7.895465680999962, 0.0 ], [ 110.313950952000084, -7.896367273999942, 0.0 ], [ 110.313096045000066, -7.901474453999981, 0.0 ], [ 110.314631775000066, -7.90535986499998, 0.0 ], [ 110.31303166400005, -7.91133769299995, 0.0 ], [ 110.314240547000054, -7.911856600999954, 0.0 ], [ 110.314795785000058, -7.915748778999955, 0.0 ], [ 110.314311212000064, -7.917025923999972, 0.0 ], [ 110.311751143000038, -7.914939668999978, 0.0 ], [ 110.311098306000076, -7.917803192999941, 0.0 ], [ 110.314741036000044, -7.91837636799994, 0.0 ], [ 110.314388953000048, -7.920065421999936, 0.0 ], [ 110.307794935000061, -7.920676660999959, 0.0 ], [ 110.306659181000043, -7.92288571399996, 0.0 ], [ 110.307522756000083, -7.923726691999946, 0.0 ], [ 110.304076763000069, -7.92310379099996, 0.0 ], [ 110.303138057000069, -7.924364747999959, 0.0 ], [ 110.30192625400008, -7.927065532999961, 0.0 ], [ 110.303137145000051, -7.927461629999925, 0.0 ], [ 110.302307060000089, -7.930544272999953, 0.0 ], [ 110.305837648000079, -7.931141278999974, 0.0 ], [ 110.304365085000086, -7.933053492999932, 0.0 ], [ 110.306061088000035, -7.933685978999961, 0.0 ], [ 110.305078984000033, -7.935193518999938, 0.0 ], [ 110.303218145000073, -7.934642135999979, 0.0 ], [ 110.29968320100005, -7.941544627999974, 0.0 ], [ 110.298351482000044, -7.940498873999957, 0.0 ], [ 110.298086389000048, -7.944012992999944, 0.0 ], [ 110.296634049000033, -7.942639269999972, 0.0 ], [ 110.293825126000058, -7.942871429999968, 0.0 ], [ 110.293950295000059, -7.941263453999966, 0.0 ], [ 110.292126, -7.940745000999925, 0.0 ], [ 110.290151, -7.944477, 0.0 ], [ 110.285587, -7.944238000999974, 0.0 ], [ 110.285454, -7.937777, 0.0 ], [ 110.28733, -7.934029, 0.0 ], [ 110.290625, -7.932356, 0.0 ], [ 110.291666, -7.926969, 0.0 ], [ 110.294137999000043, -7.923518, 0.0 ], [ 110.294203, -7.918969, 0.0 ], [ 110.291496, -7.916061, 0.0 ], [ 110.294267, -7.915995, 0.0 ], [ 110.297544, -7.912467000999925, 0.0 ], [ 110.298853, -7.913001, 0.0 ], [ 110.298626, -7.914389, 0.0 ], [ 110.304739, -7.915589000999944, 0.0 ], [ 110.304666, -7.909, 0.0 ], [ 110.301553, -7.906617000999972, 0.0 ], [ 110.30438, -7.902124, 0.0 ], [ 110.306035, -7.896015, 0.0 ], [ 110.309494187000041, -7.890788929999928, 0.0 ], [ 110.310945125000046, -7.89288335599997, 0.0 ], [ 110.309563141000069, -7.895465680999962, 0.0 ] ] ] } },
{ "type": "Feature", "properties": { }, "geometry": { "type": "Polygon", "coordinates": [ [ [ 110.174290239000072, -7.862628022999957, 0.0 ], [ 110.173430263000057, -7.872038019999934, 0.0 ], [ 110.176070263000042, -7.874278020999952, 0.0 ], [ 110.174556195000036, -7.87442402299996, 0.0 ], [ 110.175319889000036, -7.876843109999982, 0.0 ], [ 110.172850264000033, -7.884488017999956, 0.0 ], [ 110.162960770000041, -7.880040526999949, 0.0 ], [ 110.161087515000077, -7.879955652999968, 0.0 ], [ 110.160062662000087, -7.882696141999929, 0.0 ], [ 110.148770504000083, -7.881011102999935, 0.0 ], [ 110.150050271000055, -7.877358018999928, 0.0 ], [ 110.145360273000051, -7.875528019999933, 0.0 ], [ 110.142040299000087, -7.876028019999978, 0.0 ], [ 110.141410274000066, -7.87501801999997, 0.0 ], [ 110.144280273000049, -7.872938019999935, 0.0 ], [ 110.146250272000088, -7.874738020999928, 0.0 ], [ 110.146933963000038, -7.871904147999942, 0.0 ], [ 110.150160271000061, -7.87363801999993, 0.0 ], [ 110.148650272000054, -7.871288021999931, 0.0 ], [ 110.153340269000068, -7.869878020999977, 0.0 ], [ 110.153140270000051, -7.866528021999954, 0.0 ], [ 110.157170268000073, -7.868218020999961, 0.0 ], [ 110.162300267000035, -7.868338021999932, 0.0 ], [ 110.16420026600008, -7.864378021999926, 0.0 ], [ 110.166540266000084, -7.864428023999949, 0.0 ], [ 110.165670266000063, -7.861788022999974, 0.0 ], [ 110.167260266000085, -7.86066802299996, 0.0 ], [ 110.174290239000072, -7.862628022999957, 0.0 ] ] ] } },
{ "type": "Feature", "properties": { }, "geometry": { "type": "Polygon", "coordinates": [ [ [ 110.162596226000062, -7.737639591999937, 0.0 ], [ 110.161611089000075, -7.739646439999945, 0.0 ], [ 110.163200267000036, -7.741408053999976, 0.0 ], [ 110.173301135000088, -7.746229901999925, 0.0 ], [ 110.173178922000034, -7.747366691999957, 0.0 ], [ 110.177407096000081, -7.749828463999961, 0.0 ], [ 110.177867330000083, -7.751960380999947, 0.0 ], [ 110.182940261000056, -7.756218049999973, 0.0 ], [ 110.183680260000074, -7.758518048999974, 0.0 ], [ 110.189289176000045, -7.762397560999943, 0.0 ], [ 110.192938669000057, -7.767043661999935, 0.0 ], [ 110.191680257000087, -7.77016804699997, 0.0 ], [ 110.193140257000039, -7.773038045999954, 0.0 ], [ 110.191110258000037, -7.77385804599993, 0.0 ], [ 110.188450259000035, -7.777938043999939, 0.0 ], [ 110.188354498000081, -7.782669836999958, 0.0 ], [ 110.185836209000058, -7.781388540999956, 0.0 ], [ 110.180070261000083, -7.785518041999978, 0.0 ], [ 110.175976981000076, -7.784878598999967, 0.0 ], [ 110.175635235000072, -7.788439626999946, 0.0 ], [ 110.171908099000063, -7.789317867999955, 0.0 ], [ 110.162230267000041, -7.785708041999953, 0.0 ], [ 110.16282026600004, -7.784248042999934, 0.0 ], [ 110.157630268000048, -7.782028042999968, 0.0 ], [ 110.160419708000063, -7.775791175999927, 0.0 ], [ 110.159149768000077, -7.77369854899996, 0.0 ], [ 110.153690432000076, -7.771031221999976, 0.0 ], [ 110.161815036000064, -7.760910892999959, 0.0 ], [ 110.159240268000076, -7.758078048999948, 0.0 ], [ 110.155550269000059, -7.757548049999968, 0.0 ], [ 110.154570269000033, -7.755548050999948, 0.0 ], [ 110.153220270000077, -7.75110805199995, 0.0 ], [ 110.15608564200005, -7.74758221899998, 0.0 ], [ 110.153361274000076, -7.744260133999944, 0.0 ], [ 110.152789892000044, -7.741310891999944, 0.0 ], [ 110.155726258000072, -7.735702991999972, 0.0 ], [ 110.162596226000062, -7.737639591999937, 0.0 ] ] ] } },
{ "type": "Feature", "properties": { }, "geometry": { "type": "Polygon", "coordinates": [ [ [ 110.406216, -7.92777, 0.0 ], [ 110.407615, -7.936287, 0.0 ], [ 110.404216, -7.938147, 0.0 ], [ 110.390937, -7.93674600099996, 0.0 ], [ 110.38329, -7.933107, 0.0 ], [ 110.382721, -7.930502, 0.0 ], [ 110.376081, -7.930764, 0.0 ], [ 110.376807, -7.926974, 0.0 ], [ 110.380397, -7.926251, 0.0 ], [ 110.386652999000034, -7.927772, 0.0 ], [ 110.386555, -7.924540000999968, 0.0 ], [ 110.391331, -7.92469, 0.0 ], [ 110.393095, -7.91867100099995, 0.0 ], [ 110.395536, -7.92290000099996, 0.0 ], [ 110.402854, -7.924122, 0.0 ], [ 110.406216, -7.92777, 0.0 ] ] ] } },
{ "type": "Feature", "properties": { }, "geometry": { "type": "Polygon", "coordinates": [ [ [ 110.390373, -7.822511, 0.0 ], [ 110.39014, -7.825119000999962, 0.0 ], [ 110.39361696800006, -7.827197526999953, 0.0 ], [ 110.393093209000085, -7.829203892999942, 0.0 ], [ 110.39542018700007, -7.832333215999938, 0.0 ], [ 110.395212703000084, -7.835622708999949, 0.0 ], [ 110.394308782000053, -7.83716127699995, 0.0 ], [ 110.390722220000043, -7.835888892999947, 0.0 ], [ 110.389889178000033, -7.840072451999959, 0.0 ], [ 110.387657003000072, -7.839928598999961, 0.0 ], [ 110.387956111000051, -7.834878884999966, 0.0 ], [ 110.383708433000038, -7.834791819999964, 0.0 ], [ 110.386935891000064, -7.833996427999978, 0.0 ], [ 110.38593966500008, -7.83173544999994, 0.0 ], [ 110.387125, -7.828351, 0.0 ], [ 110.385653, -7.825448, 0.0 ], [ 110.386073, -7.821953, 0.0 ], [ 110.390373, -7.822511, 0.0 ] ] ] } },
{ "type": "Feature", "properties": { }, "geometry": { "type": "Polygon", "coordinates": [ [ [ 110.061774559000071, -7.891380926999943, 0.0 ], [ 110.071420297000088, -7.893597972999942, 0.0 ], [ 110.075020295000058, -7.89654801599994, 0.0 ], [ 110.07998764000007, -7.896850761999929, 0.0 ], [ 110.086970292000046, -7.90169801299993, 0.0 ], [ 110.080724965000059, -7.916479036999931, 0.0 ], [ 110.078594850000059, -7.915819903999932, 0.0 ], [ 110.07845005300004, -7.917863055999931, 0.0 ], [ 110.055876761000036, -7.908331567999937, 0.0 ], [ 110.061774559000071, -7.891380926999943, 0.0 ] ] ] } },
{ "type": "Feature", "properties": { }, "geometry": { "type": "Polygon", "coordinates": [ [ [ 110.172850264000033, -7.884488017999956, 0.0 ], [ 110.171040264000055, -7.885968016999925, 0.0 ], [ 110.171072895000066, -7.893092981999928, 0.0 ], [ 110.164210267000044, -7.890748015999975, 0.0 ], [ 110.161903409000047, -7.89595036999998, 0.0 ], [ 110.165664369000069, -7.897672589999956, 0.0 ], [ 110.167570772000033, -7.897289873999966, 0.0 ], [ 110.167261198000062, -7.898552274999929, 0.0 ], [ 110.174570975000051, -7.899350780999953, 0.0 ], [ 110.174608259000081, -7.902742370999931, 0.0 ], [ 110.172490847000063, -7.903750378999973, 0.0 ], [ 110.172484560000044, -7.905632255999933, 0.0 ], [ 110.170348686000068, -7.905456776999927, 0.0 ], [ 110.163300266000078, -7.897628013999963, 0.0 ], [ 110.152720401000067, -7.895508014999962, 0.0 ], [ 110.153440418000059, -7.882238005999966, 0.0 ], [ 110.160062662000087, -7.882696141999929, 0.0 ], [ 110.161087515000077, -7.879955652999968, 0.0 ], [ 110.162960770000041, -7.880040526999949, 0.0 ], [ 110.172850264000033, -7.884488017999956, 0.0 ] ] ] } },
{ "type": "Feature", "properties": { }, "geometry": { "type": "Polygon", "coordinates": [ [ [ 110.370885, -7.782963, 0.0 ], [ 110.368024, -7.786974000999976, 0.0 ], [ 110.36882, -7.789966, 0.0 ], [ 110.3662, -7.789627000999928, 0.0 ], [ 110.366438, -7.787695000999975, 0.0 ], [ 110.362631, -7.787196, 0.0 ], [ 110.363372, -7.782859000999963, 0.0 ], [ 110.360831, -7.78205, 0.0 ], [ 110.370885, -7.782963, 0.0 ] ] ] } },
{ "type": "Feature", "properties": { }, "geometry": { "type": "Polygon", "coordinates": [ [ [ 110.238580356000057, -7.894218069999965, 0.0 ], [ 110.245170241000039, -7.896828014999926, 0.0 ], [ 110.245830241000078, -7.89898801399994, 0.0 ], [ 110.250620239000057, -7.903458012999977, 0.0 ], [ 110.251274010000088, -7.902066622999939, 0.0 ], [ 110.255933997000056, -7.904256368999938, 0.0 ], [ 110.257192887000087, -7.900267540999948, 0.0 ], [ 110.261303196000085, -7.900988176999931, 0.0 ], [ 110.261474278000037, -7.90232746199996, 0.0 ], [ 110.264800176000051, -7.904291588999968, 0.0 ], [ 110.263726388000066, -7.911679184999969, 0.0 ], [ 110.267887951000034, -7.911121718999937, 0.0 ], [ 110.272787920000042, -7.912533316999941, 0.0 ], [ 110.271195590000048, -7.924210228999925, 0.0 ], [ 110.269853574000081, -7.926751492999927, 0.0 ], [ 110.267526461000045, -7.92839332099993, 0.0 ], [ 110.262786575000064, -7.928079232999949, 0.0 ], [ 110.255769017000034, -7.923140754999963, 0.0 ], [ 110.255230237000035, -7.912308009999947, 0.0 ], [ 110.235842208000065, -7.903534892999971, 0.0 ], [ 110.237660929000072, -7.89816807099993, 0.0 ], [ 110.236713507000047, -7.897214883999936, 0.0 ], [ 110.238580356000057, -7.894218069999965, 0.0 ] ] ] } },
{ "type": "Feature", "properties": { }, "geometry": { "type": "Polygon", "coordinates": [ [ [ 110.376765999000042, -7.797192000999928, 0.0 ], [ 110.38041, -7.798199, 0.0 ], [ 110.38051099900008, -7.801796000999957, 0.0 ], [ 110.378635, -7.80175, 0.0 ], [ 110.378085, -7.80458, 0.0 ], [ 110.375344, -7.804330000999926, 0.0 ], [ 110.375082, -7.801655, 0.0 ], [ 110.376773, -7.80169700099998, 0.0 ], [ 110.376765999000042, -7.797192000999928, 0.0 ] ] ] } },
{ "type": "Feature", "properties": { }, "geometry": { "type": "Polygon", "coordinates": [ [ [ 110.324155, -7.861318, 0.0 ], [ 110.320689254000058, -7.867531080999981, 0.0 ], [ 110.324643528000081, -7.871098485999937, 0.0 ], [ 110.321407039000064, -7.877748640999926, 0.0 ], [ 110.315426574000071, -7.878083062999963, 0.0 ], [ 110.31277031500008, -7.88206331899994, 0.0 ], [ 110.309834400000057, -7.880967215999931, 0.0 ], [ 110.309759410000083, -7.882769136999968, 0.0 ], [ 110.311050184000067, -7.883376451999936, 0.0 ], [ 110.308962226000062, -7.885045901999945, 0.0 ], [ 110.310417207000057, -7.885420155999952, 0.0 ], [ 110.311219, -7.888308, 0.0 ], [ 110.306575, -7.895585, 0.0 ], [ 110.302109, -7.896247, 0.0 ], [ 110.301755, -7.894611, 0.0 ], [ 110.295676, -7.892098, 0.0 ], [ 110.295288999000036, -7.889319000999933, 0.0 ], [ 110.298524, -7.882995, 0.0 ], [ 110.299883, -7.882434000999979, 0.0 ], [ 110.301564, -7.877238, 0.0 ], [ 110.294675, -7.875415000999965, 0.0 ], [ 110.296158, -7.871021, 0.0 ], [ 110.297597, -7.870381, 0.0 ], [ 110.301105, -7.871764, 0.0 ], [ 110.302638, -7.868122000999961, 0.0 ], [ 110.303957, -7.868836, 0.0 ], [ 110.306594, -7.864197, 0.0 ], [ 110.307582, -7.861959000999946, 0.0 ], [ 110.305758, -7.859216, 0.0 ], [ 110.306122, -7.85459, 0.0 ], [ 110.307682, -7.854704000999959, 0.0 ], [ 110.309437, -7.852789, 0.0 ], [ 110.314967, -7.854433000999961, 0.0 ], [ 110.318567, -7.859903, 0.0 ], [ 110.324155, -7.861318, 0.0 ] ] ] } },
{ "type": "Feature", "properties": { }, "geometry": { "type": "Polygon", "coordinates": [ [ [ 110.101509949000047, -7.865436387999978, 0.0 ], [ 110.094998501000077, -7.863262419999955, 0.0 ], [ 110.087985370000069, -7.863239965999981, 0.0 ], [ 110.088160042000084, -7.864479711999934, 0.0 ], [ 110.086419213000056, -7.864906939999969, 0.0 ], [ 110.085416001000056, -7.871023588999947, 0.0 ], [ 110.084906183000044, -7.864436890999968, 0.0 ], [ 110.08318672300004, -7.863933738999947, 0.0 ], [ 110.076564224000037, -7.870330496999941, 0.0 ], [ 110.071045992000052, -7.870486445999973, 0.0 ], [ 110.067460297000082, -7.874108019999937, 0.0 ], [ 110.066165493000085, -7.87348759799994, 0.0 ], [ 110.066019844000039, -7.871558921999963, 0.0 ], [ 110.059079527000051, -7.869071542999961, 0.0 ], [ 110.056334274000051, -7.869749527999943, 0.0 ], [ 110.051882907000049, -7.86832944799994, 0.0 ], [ 110.050154716000065, -7.870439375999979, 0.0 ], [ 110.047114233000059, -7.870152735999966, 0.0 ], [ 110.043228799000076, -7.868395703999965, 0.0 ], [ 110.042444444000068, -7.865694443999928, 0.0 ], [ 110.04485874900007, -7.859605732999967, 0.0 ], [ 110.04727777800008, -7.859083332999944, 0.0 ], [ 110.044625, -7.858545831999947, 0.0 ], [ 110.045340245000034, -7.857185029999926, 0.0 ], [ 110.050753843000052, -7.85087716399994, 0.0 ], [ 110.051926785000035, -7.844764908999935, 0.0 ], [ 110.050083333000089, -7.841555554999957, 0.0 ], [ 110.052451703000088, -7.839739576999932, 0.0 ], [ 110.058824456000082, -7.839093300999934, 0.0 ], [ 110.060504483000045, -7.843713803999947, 0.0 ], [ 110.060144727000079, -7.848023837999961, 0.0 ], [ 110.063036575000069, -7.849986445999946, 0.0 ], [ 110.082933123000089, -7.842377798999962, 0.0 ], [ 110.08827683800007, -7.844019074999949, 0.0 ], [ 110.086783007000065, -7.840103386999942, 0.0 ], [ 110.087647900000036, -7.83712475699997, 0.0 ], [ 110.090951716000063, -7.838405369999975, 0.0 ], [ 110.091423064000082, -7.842088166999929, 0.0 ], [ 110.094079065000074, -7.84644805399995, 0.0 ], [ 110.093497218000039, -7.84794381599994, 0.0 ], [ 110.095854626000062, -7.849809027999981, 0.0 ], [ 110.095171569000058, -7.850846172999979, 0.0 ], [ 110.097418577000042, -7.855238049999969, 0.0 ], [ 110.095676607000087, -7.858878327999946, 0.0 ], [ 110.097405517000084, -7.858987041999967, 0.0 ], [ 110.098216566000076, -7.863224983999942, 0.0 ], [ 110.10121993100006, -7.864097565999941, 0.0 ], [ 110.101509949000047, -7.865436387999978, 0.0 ] ] ] } },
{ "type": "Feature", "properties": { }, "geometry": { "type": "Polygon", "coordinates": [ [ [ 110.126602682000055, -7.839376958999935, 0.0 ], [ 110.129649946000086, -7.845055744999968, 0.0 ], [ 110.131110782000064, -7.845707761999961, 0.0 ], [ 110.131379817000038, -7.849874892999935, 0.0 ], [ 110.131262315000072, -7.852133167999966, 0.0 ], [ 110.129800666000051, -7.851861894999956, 0.0 ], [ 110.128737648000083, -7.853936488999977, 0.0 ], [ 110.125668179000058, -7.867256210999926, 0.0 ], [ 110.125698618000058, -7.873281591999955, 0.0 ], [ 110.123479012000075, -7.873297307999962, 0.0 ], [ 110.122118611000076, -7.876827909999975, 0.0 ], [ 110.12167928100007, -7.875885063999931, 0.0 ], [ 110.111890283000037, -7.880728018999946, 0.0 ], [ 110.112382115000059, -7.876772937999931, 0.0 ], [ 110.110356630000069, -7.871768076999956, 0.0 ], [ 110.111582927000086, -7.868060112999956, 0.0 ], [ 110.101509949000047, -7.865436387999978, 0.0 ], [ 110.10121993100006, -7.864097565999941, 0.0 ], [ 110.098216566000076, -7.863224983999942, 0.0 ], [ 110.097405517000084, -7.858987041999967, 0.0 ], [ 110.095676607000087, -7.858878327999946, 0.0 ], [ 110.097418577000042, -7.855238049999969, 0.0 ], [ 110.095171569000058, -7.850846172999979, 0.0 ], [ 110.095854626000062, -7.849809027999981, 0.0 ], [ 110.093497218000039, -7.84794381599994, 0.0 ], [ 110.09329518800007, -7.843775757999936, 0.0 ], [ 110.091423064000082, -7.842088166999929, 0.0 ], [ 110.090738758000043, -7.838004990999934, 0.0 ], [ 110.087598293000042, -7.837125991999926, 0.0 ], [ 110.087797310000042, -7.83894339699998, 0.0 ], [ 110.085261520000074, -7.836558371999956, 0.0 ], [ 110.084399250000047, -7.834503493999932, 0.0 ], [ 110.08558217500007, -7.833067694999954, 0.0 ], [ 110.084568812000043, -7.831807562999927, 0.0 ], [ 110.088102818000038, -7.830771365999965, 0.0 ], [ 110.08946218400007, -7.83244680599995, 0.0 ], [ 110.089678329000037, -7.829950596999936, 0.0 ], [ 110.092138492000061, -7.830281742999944, 0.0 ], [ 110.094589734000067, -7.828053798999974, 0.0 ], [ 110.098994695000044, -7.828580436999971, 0.0 ], [ 110.10042337200008, -7.827627800999949, 0.0 ], [ 110.103254766000077, -7.830633638999927, 0.0 ], [ 110.11080101400006, -7.831213451999929, 0.0 ], [ 110.111538729000074, -7.834707865999974, 0.0 ], [ 110.114300832000083, -7.835894760999963, 0.0 ], [ 110.114641424000069, -7.83828671699996, 0.0 ], [ 110.112411345000055, -7.839892282999926, 0.0 ], [ 110.115048717000036, -7.842651104999959, 0.0 ], [ 110.118678985000088, -7.843148568999936, 0.0 ], [ 110.12051828500006, -7.84116451899996, 0.0 ], [ 110.125967547000073, -7.841980883999952, 0.0 ], [ 110.126602682000055, -7.839376958999935, 0.0 ] ] ] } },
{ "type": "Feature", "properties": { }, "geometry": { "type": "Polygon", "coordinates": [ [ [ 110.108646789000034, -7.776339892999943, 0.0 ], [ 110.117217986000071, -7.779693417999965, 0.0 ], [ 110.119609442000069, -7.786090965999961, 0.0 ], [ 110.124956121000082, -7.793256681999935, 0.0 ], [ 110.125569605000067, -7.797688084999947, 0.0 ], [ 110.119293277000054, -7.799599088999969, 0.0 ], [ 110.113314094000089, -7.808507887999951, 0.0 ], [ 110.101890549000075, -7.81375325199997, 0.0 ], [ 110.100601819000076, -7.819426796999949, 0.0 ], [ 110.096447832000081, -7.820925066999962, 0.0 ], [ 110.092201267000064, -7.818635816999972, 0.0 ], [ 110.089199461000078, -7.813737830999969, 0.0 ], [ 110.084552282000061, -7.811435962999951, 0.0 ], [ 110.081635238000047, -7.804202654999926, 0.0 ], [ 110.08933333300007, -7.795611109999982, 0.0 ], [ 110.089160796000044, -7.793435601999931, 0.0 ], [ 110.092418535000036, -7.786383889999968, 0.0 ], [ 110.102373984000053, -7.778624929999978, 0.0 ], [ 110.101705855000034, -7.775072693999959, 0.0 ], [ 110.108646789000034, -7.776339892999943, 0.0 ] ] ] } },
{ "type": "Feature", "properties": { }, "geometry": { "type": "Polygon", "coordinates": [ [ [ 110.126761952000038, -7.782676943999945, 0.0 ], [ 110.133940276000033, -7.786928041999943, 0.0 ], [ 110.135522, -7.790282257999934, 0.0 ], [ 110.141230274000065, -7.793418040999939, 0.0 ], [ 110.143320273000086, -7.797868040999958, 0.0 ], [ 110.137330275000068, -7.800838038999927, 0.0 ], [ 110.132290277000038, -7.801738037999939, 0.0 ], [ 110.130470277000086, -7.803848038999945, 0.0 ], [ 110.133648546000074, -7.807460807999973, 0.0 ], [ 110.132650276000049, -7.809798035999961, 0.0 ], [ 110.127840278000065, -7.806378036999945, 0.0 ], [ 110.125760278000087, -7.807778036999935, 0.0 ], [ 110.125560279000069, -7.814588035999975, 0.0 ], [ 110.124110279000035, -7.816678033999949, 0.0 ], [ 110.127769758000056, -7.822953398999971, 0.0 ], [ 110.129400048000036, -7.82318550399998, 0.0 ], [ 110.125144946000034, -7.827475324999966, 0.0 ], [ 110.127495015000079, -7.835352164999961, 0.0 ], [ 110.125967547000073, -7.841980883999952, 0.0 ], [ 110.12051828500006, -7.84116451899996, 0.0 ], [ 110.118678985000088, -7.843148568999936, 0.0 ], [ 110.115048717000036, -7.842651104999959, 0.0 ], [ 110.112411345000055, -7.839892282999926, 0.0 ], [ 110.114641424000069, -7.83828671699996, 0.0 ], [ 110.114300832000083, -7.835894760999963, 0.0 ], [ 110.111538729000074, -7.834707865999974, 0.0 ], [ 110.11080101400006, -7.831213451999929, 0.0 ], [ 110.103254766000077, -7.830633638999927, 0.0 ], [ 110.100573015000066, -7.827691168999934, 0.0 ], [ 110.098290582000061, -7.828242262999936, 0.0 ], [ 110.094008670000051, -7.82543758099996, 0.0 ], [ 110.094824237000068, -7.82376084699996, 0.0 ], [ 110.098951505000059, -7.822698136999975, 0.0 ], [ 110.101890549000075, -7.81375325199997, 0.0 ], [ 110.112790141000062, -7.808908820999932, 0.0 ], [ 110.11797602300004, -7.802994478999949, 0.0 ], [ 110.119293277000054, -7.799599088999969, 0.0 ], [ 110.125569605000067, -7.797688084999947, 0.0 ], [ 110.124956121000082, -7.793256681999935, 0.0 ], [ 110.11945028100007, -7.784718042999941, 0.0 ], [ 110.124201622000044, -7.785699517999944, 0.0 ], [ 110.126761952000038, -7.782676943999945, 0.0 ] ] ] } },
{ "type": "Feature", "properties": { }, "geometry": { "type": "Polygon", "coordinates": [ [ [ 110.3866, -7.923385, 0.0 ], [ 110.382136, -7.922412000999941, 0.0 ], [ 110.382089, -7.921032, 0.0 ], [ 110.375478999000052, -7.915139000999943, 0.0 ], [ 110.378068, -7.910543, 0.0 ], [ 110.381211, -7.912439, 0.0 ], [ 110.384491, -7.910294, 0.0 ], [ 110.387511999000083, -7.911222000999942, 0.0 ], [ 110.385783, -7.913479, 0.0 ], [ 110.3866, -7.923385, 0.0 ] ] ] } },
{ "type": "Feature", "properties": { }, "geometry": { "type": "Polygon", "coordinates": [ [ [ 110.399400398000068, -7.827885119999962, 0.0 ], [ 110.396893374000058, -7.832227187999933, 0.0 ], [ 110.399006027000041, -7.833441869999945, 0.0 ], [ 110.395323051000048, -7.833450742999958, 0.0 ], [ 110.393093209000085, -7.829203892999942, 0.0 ], [ 110.393306933000076, -7.826259902999936, 0.0 ], [ 110.399400398000068, -7.827885119999962, 0.0 ] ] ] } },
{ "type": "Feature", "properties": { }, "geometry": { "type": "Polygon", "coordinates": [ [ [ 110.427839, -7.846053, 0.0 ], [ 110.427532, -7.847811, 0.0 ], [ 110.429845, -7.85201400099993, 0.0 ], [ 110.420916, -7.862682000999939, 0.0 ], [ 110.409049, -7.85971, 0.0 ], [ 110.411075, -7.84313, 0.0 ], [ 110.415843, -7.843829, 0.0 ], [ 110.416223, -7.841671, 0.0 ], [ 110.417489, -7.844203, 0.0 ], [ 110.427839, -7.846053, 0.0 ] ] ] } },
{ "type": "Feature", "properties": { }, "geometry": { "type": "Polygon", "coordinates": [ [ [ 110.036898343000075, -7.883726072999934, 0.0 ], [ 110.044004794000045, -7.885540114999969, 0.0 ], [ 110.04266642500005, -7.886167432999969, 0.0 ], [ 110.042256266000038, -7.889035882999963, 0.0 ], [ 110.045484526000052, -7.889432960999955, 0.0 ], [ 110.043282055000077, -7.894591614999968, 0.0 ], [ 110.041490076000059, -7.89358602599998, 0.0 ], [ 110.03980126600004, -7.902581863999956, 0.0 ], [ 110.00352917500004, -7.888300978999951, 0.0 ], [ 110.005027775000087, -7.885194446999947, 0.0 ], [ 110.018157273000043, -7.890586786999961, 0.0 ], [ 110.022944444000075, -7.890722221999965, 0.0 ], [ 110.02623075200006, -7.888857771999938, 0.0 ], [ 110.028607813000065, -7.889988236999955, 0.0 ], [ 110.030388889000051, -7.895277776999933, 0.0 ], [ 110.032288206000032, -7.896328013999948, 0.0 ], [ 110.033888889000082, -7.892944443999966, 0.0 ], [ 110.033684088000086, -7.886370537999937, 0.0 ], [ 110.036898343000075, -7.883726072999934, 0.0 ] ] ] } },
{ "type": "Feature", "properties": { }, "geometry": { "type": "Polygon", "coordinates": [ [ [ 110.067187157000035, -7.87403412499998, 0.0 ], [ 110.070632370000055, -7.873154711999973, 0.0 ], [ 110.070246091000058, -7.874649018999946, 0.0 ], [ 110.069602118000034, -7.876256582999929, 0.0 ], [ 110.068700297000078, -7.875618019999933, 0.0 ], [ 110.067630827000073, -7.879051653999966, 0.0 ], [ 110.068877033000035, -7.88066740599993, 0.0 ], [ 110.06469583900008, -7.884809695999934, 0.0 ], [ 110.058786418000068, -7.88144897199993, 0.0 ], [ 110.060779352000054, -7.876876548999974, 0.0 ], [ 110.059506312000053, -7.875562118999937, 0.0 ], [ 110.060120841000071, -7.869927529999927, 0.0 ], [ 110.066019844000039, -7.871558921999963, 0.0 ], [ 110.067187157000035, -7.87403412499998, 0.0 ] ] ] } },
{ "type": "Feature", "properties": { }, "geometry": { "type": "Polygon", "coordinates": [ [ [ 110.155726258000072, -7.735702991999972, 0.0 ], [ 110.152573880000034, -7.74246369399998, 0.0 ], [ 110.15608564200005, -7.74758221899998, 0.0 ], [ 110.153258258000051, -7.751314212999944, 0.0 ], [ 110.155550269000059, -7.757548049999968, 0.0 ], [ 110.159240268000076, -7.758078048999948, 0.0 ], [ 110.161815036000064, -7.760910892999959, 0.0 ], [ 110.154685404000077, -7.770162830999936, 0.0 ], [ 110.152101500000072, -7.769645361999949, 0.0 ], [ 110.150740271000075, -7.764828048999959, 0.0 ], [ 110.144768139000064, -7.758660954999925, 0.0 ], [ 110.142597948000059, -7.760965164999959, 0.0 ], [ 110.137850275000062, -7.762448048999943, 0.0 ], [ 110.137640275000081, -7.768288046999942, 0.0 ], [ 110.140588439000055, -7.774546249999958, 0.0 ], [ 110.139727614000037, -7.77968584599995, 0.0 ], [ 110.137680275000037, -7.780558044999964, 0.0 ], [ 110.133058644000073, -7.777814570999965, 0.0 ], [ 110.131644278000067, -7.779402305999952, 0.0 ], [ 110.132845665000048, -7.78131290999994, 0.0 ], [ 110.129960277000066, -7.784018042999946, 0.0 ], [ 110.126761952000038, -7.782676943999945, 0.0 ], [ 110.124201622000044, -7.785699517999944, 0.0 ], [ 110.119208324000056, -7.784617974999946, 0.0 ], [ 110.11708997900007, -7.781517591999943, 0.0 ], [ 110.117217986000071, -7.779693417999965, 0.0 ], [ 110.110490284000036, -7.777918043999932, 0.0 ], [ 110.114510834000043, -7.769356610999978, 0.0 ], [ 110.112621034000085, -7.764626110999927, 0.0 ], [ 110.121238044000052, -7.755813609999961, 0.0 ], [ 110.122681817000057, -7.749728754999978, 0.0 ], [ 110.129178702000047, -7.749631765999936, 0.0 ], [ 110.130713936000063, -7.744790232999947, 0.0 ], [ 110.132930277000071, -7.74427805299996, 0.0 ], [ 110.136140275000059, -7.740998053999931, 0.0 ], [ 110.136710275000041, -7.736388054999964, 0.0 ], [ 110.140400273000068, -7.730148056999951, 0.0 ], [ 110.142010158000062, -7.728911669999945, 0.0 ], [ 110.146188061000089, -7.729602098999976, 0.0 ], [ 110.155726258000072, -7.735702991999972, 0.0 ] ] ] } },
{ "type": "Feature", "properties": { }, "geometry": { "type": "Polygon", "coordinates": [ [ [ 110.49224270600007, -7.88988560699994, 0.0 ], [ 110.496215821000078, -7.892170868999926, 0.0 ], [ 110.49564360800008, -7.896336984999948, 0.0 ], [ 110.497848532000035, -7.900768255999935, 0.0 ], [ 110.495964038000068, -7.914072489999967, 0.0 ], [ 110.491241450000075, -7.925307713999928, 0.0 ], [ 110.493148818000066, -7.932015383999953, 0.0 ], [ 110.492195122000055, -7.937820883999962, 0.0 ], [ 110.490501405000089, -7.939418775999968, 0.0 ], [ 110.486578, -7.938425000999928, 0.0 ], [ 110.482105, -7.93518, 0.0 ], [ 110.480999, -7.932811, 0.0 ], [ 110.480912, -7.926829, 0.0 ], [ 110.48315, -7.923009, 0.0 ], [ 110.481466, -7.920828, 0.0 ], [ 110.482339, -7.916814, 0.0 ], [ 110.480653, -7.912266, 0.0 ], [ 110.472417, -7.90631, 0.0 ], [ 110.471325, -7.904, 0.0 ], [ 110.46949599900006, -7.903845, 0.0 ], [ 110.472202, -7.900179, 0.0 ], [ 110.473819, -7.892241, 0.0 ], [ 110.475443999000049, -7.890917000999934, 0.0 ], [ 110.49224270600007, -7.88988560699994, 0.0 ] ] ] } },
{ "type": "Feature", "properties": { }, "geometry": { "type": "Polygon", "coordinates": [ [ [ 110.223430184000051, -7.906688011999961, 0.0 ], [ 110.219870249000053, -7.917578009999943, 0.0 ], [ 110.221060249000061, -7.922108007999952, 0.0 ], [ 110.225480247000064, -7.924628006999967, 0.0 ], [ 110.231091321000065, -7.925267743999939, 0.0 ], [ 110.238710243000071, -7.93247800499995, 0.0 ], [ 110.24232227300007, -7.931123677999949, 0.0 ], [ 110.245649763000074, -7.931740616999946, 0.0 ], [ 110.24467908400004, -7.934028184999931, 0.0 ], [ 110.239861411000049, -7.93342961299993, 0.0 ], [ 110.239557908000052, -7.936188387999948, 0.0 ], [ 110.234281191000036, -7.935391933999938, 0.0 ], [ 110.23345845700004, -7.940126710999948, 0.0 ], [ 110.225117472000079, -7.939419381999926, 0.0 ], [ 110.223220554000079, -7.936900689999959, 0.0 ], [ 110.217172665000078, -7.935315598999978, 0.0 ], [ 110.217459904000066, -7.934001095999974, 0.0 ], [ 110.211673476000044, -7.931567036999979, 0.0 ], [ 110.21151025100005, -7.929538005999973, 0.0 ], [ 110.209260252000036, -7.927838006999934, 0.0 ], [ 110.212270251000064, -7.928808007999976, 0.0 ], [ 110.212520251000058, -7.92713800599995, 0.0 ], [ 110.210850251000068, -7.924138006999954, 0.0 ], [ 110.209030252000048, -7.923988007999981, 0.0 ], [ 110.21056025200005, -7.916088009999953, 0.0 ], [ 110.207550252000033, -7.914778009999964, 0.0 ], [ 110.210420252000063, -7.910108010999977, 0.0 ], [ 110.213940251000054, -7.908548010999937, 0.0 ], [ 110.217890903000068, -7.904113028999973, 0.0 ], [ 110.223430184000051, -7.906688011999961, 0.0 ] ] ] } },
{ "type": "Feature", "properties": { }, "geometry": { "type": "Polygon", "coordinates": [ [ [ 110.219213817000082, -7.756376373999956, 0.0 ], [ 110.218704746000071, -7.758518306999974, 0.0 ], [ 110.221951237000042, -7.759965681999972, 0.0 ], [ 110.21967666900008, -7.764052817999925, 0.0 ], [ 110.221913240000049, -7.764766802999929, 0.0 ], [ 110.222373957000059, -7.767470573999958, 0.0 ], [ 110.221604307000064, -7.773443064999981, 0.0 ], [ 110.220029953000051, -7.774813466999944, 0.0 ], [ 110.218980249000083, -7.770848046999959, 0.0 ], [ 110.217022526000051, -7.769962604999932, 0.0 ], [ 110.213790240000037, -7.770736971999952, 0.0 ], [ 110.213790009000036, -7.77325568699996, 0.0 ], [ 110.211605253000073, -7.77352902399997, 0.0 ], [ 110.211270840000054, -7.775758592999978, 0.0 ], [ 110.201504412000077, -7.765435710999952, 0.0 ], [ 110.199090378000051, -7.764558047999969, 0.0 ], [ 110.200370255000053, -7.75119817999996, 0.0 ], [ 110.205583438000076, -7.752579253999954, 0.0 ], [ 110.207216101000085, -7.755335846999969, 0.0 ], [ 110.207928562000063, -7.753177684999969, 0.0 ], [ 110.21160025100005, -7.75373805199996, 0.0 ], [ 110.211324413000057, -7.755566826999939, 0.0 ], [ 110.215370249000046, -7.754978049999977, 0.0 ], [ 110.217460749000054, -7.756907963999936, 0.0 ], [ 110.219213817000082, -7.756376373999956, 0.0 ] ] ] } },
{ "type": "Feature", "properties": { }, "geometry": { "type": "Polygon", "coordinates": [ [ [ 110.35623, -7.80426, 0.0 ], [ 110.364252, -7.805118, 0.0 ], [ 110.364055, -7.806621, 0.0 ], [ 110.362776, -7.806698, 0.0 ], [ 110.363043, -7.808760000999939, 0.0 ], [ 110.35877, -7.807799, 0.0 ], [ 110.357673, -7.81148800099993, 0.0 ], [ 110.355906, -7.811202, 0.0 ], [ 110.35623, -7.80426, 0.0 ] ] ] } },
{ "type": "Feature", "properties": { }, "geometry": { "type": "Polygon", "coordinates": [ [ [ 110.205586564000043, -7.82462808899993, 0.0 ], [ 110.206023324000057, -7.831881789999954, 0.0 ], [ 110.207476695000082, -7.833902899999941, 0.0 ], [ 110.205402616000072, -7.834815296999977, 0.0 ], [ 110.20370205200004, -7.838668920999964, 0.0 ], [ 110.205386984000086, -7.840946211999949, 0.0 ], [ 110.202735048000079, -7.847266113999979, 0.0 ], [ 110.20795752500004, -7.854326841999978, 0.0 ], [ 110.206720153000049, -7.856411746999981, 0.0 ], [ 110.200260255000046, -7.856168024999931, 0.0 ], [ 110.197400256000037, -7.85473802599995, 0.0 ], [ 110.195745407000061, -7.857073384999978, 0.0 ], [ 110.194421311000042, -7.856781983999952, 0.0 ], [ 110.19395025700004, -7.851878025999952, 0.0 ], [ 110.195029204000036, -7.848096151999925, 0.0 ], [ 110.191311776000077, -7.847664193999947, 0.0 ], [ 110.191001369000048, -7.846767669999963, 0.0 ], [ 110.192325923000055, -7.846730252999976, 0.0 ], [ 110.191184771000053, -7.843537631999936, 0.0 ], [ 110.188332095000078, -7.843103104999955, 0.0 ], [ 110.188362603000087, -7.841509001999952, 0.0 ], [ 110.185847944000045, -7.839703879999945, 0.0 ], [ 110.183681015000047, -7.839960451999957, 0.0 ], [ 110.18516930800007, -7.835620594999966, 0.0 ], [ 110.181919674000085, -7.83510793399995, 0.0 ], [ 110.183800181000038, -7.826734632999944, 0.0 ], [ 110.182157063000034, -7.825704099999939, 0.0 ], [ 110.182077903000049, -7.824029348999943, 0.0 ], [ 110.183234343000038, -7.822676069999943, 0.0 ], [ 110.188443479000057, -7.824961739999935, 0.0 ], [ 110.190490258000068, -7.82255803399994, 0.0 ], [ 110.19655025600008, -7.821438032999936, 0.0 ], [ 110.196960355000044, -7.823270058999981, 0.0 ], [ 110.198463977000074, -7.823846899999978, 0.0 ], [ 110.201569954000036, -7.821482215999936, 0.0 ], [ 110.201852255000063, -7.823026163999941, 0.0 ], [ 110.205586564000043, -7.82462808899993, 0.0 ] ] ] } },
{ "type": "Feature", "properties": { }, "geometry": { "type": "Polygon", "coordinates": [ [ [ 110.091867539000077, -7.887946313999976, 0.0 ], [ 110.086903384000038, -7.901657868999962, 0.0 ], [ 110.07998764000007, -7.896850761999929, 0.0 ], [ 110.075720294000064, -7.896738014999926, 0.0 ], [ 110.076640294000072, -7.892268014999956, 0.0 ], [ 110.082197847000089, -7.892116561999956, 0.0 ], [ 110.083956145000059, -7.887176140999941, 0.0 ], [ 110.091867539000077, -7.887946313999976, 0.0 ] ] ] } },
{ "type": "Feature", "properties": { }, "geometry": { "type": "Polygon", "coordinates": [ [ [ 110.093096569000068, -7.863441155999965, 0.0 ], [ 110.093244657000071, -7.871053872999937, 0.0 ], [ 110.094791513000075, -7.874454811999954, 0.0 ], [ 110.096090661000062, -7.87465190599994, 0.0 ], [ 110.095660288000033, -7.879198018999944, 0.0 ], [ 110.097380288000068, -7.88084796499993, 0.0 ], [ 110.095480287000044, -7.881078018999972, 0.0 ], [ 110.091867539000077, -7.887946313999976, 0.0 ], [ 110.083956145000059, -7.887176140999941, 0.0 ], [ 110.084287437000057, -7.87924281599993, 0.0 ], [ 110.085756791000051, -7.879410045999975, 0.0 ], [ 110.086920291000069, -7.875668019999978, 0.0 ], [ 110.087100027000076, -7.873768497999947, 0.0 ], [ 110.085930441000073, -7.873410361999959, 0.0 ], [ 110.086781708000046, -7.872373787999948, 0.0 ], [ 110.085416001000056, -7.871023588999947, 0.0 ], [ 110.086548845000038, -7.864537337999934, 0.0 ], [ 110.088160042000084, -7.864479711999934, 0.0 ], [ 110.087985370000069, -7.863239965999981, 0.0 ], [ 110.093096569000068, -7.863441155999965, 0.0 ] ] ] } },
{ "type": "Feature", "properties": { }, "geometry": { "type": "Polygon", "coordinates": [ [ [ 110.099719832000062, -7.820322812999962, 0.0 ], [ 110.098830863000046, -7.822834594999961, 0.0 ], [ 110.094824237000068, -7.82376084699996, 0.0 ], [ 110.094008670000051, -7.82543758099996, 0.0 ], [ 110.098994695000044, -7.828580436999971, 0.0 ], [ 110.094589734000067, -7.828053798999974, 0.0 ], [ 110.092138492000061, -7.830281742999944, 0.0 ], [ 110.089678329000037, -7.829950596999936, 0.0 ], [ 110.08946218400007, -7.83244680599995, 0.0 ], [ 110.088102818000038, -7.830771365999965, 0.0 ], [ 110.084568812000043, -7.831807562999927, 0.0 ], [ 110.08558217500007, -7.833067694999954, 0.0 ], [ 110.084368423000058, -7.834877396999957, 0.0 ], [ 110.087797310000042, -7.83894339699998, 0.0 ], [ 110.086783007000065, -7.840103386999942, 0.0 ], [ 110.08827683800007, -7.844019074999949, 0.0 ], [ 110.082933123000089, -7.842377798999962, 0.0 ], [ 110.075429651000036, -7.844512454999972, 0.0 ], [ 110.072062868000046, -7.847265800999935, 0.0 ], [ 110.064737082000079, -7.84978194699994, 0.0 ], [ 110.060144727000079, -7.848023837999961, 0.0 ], [ 110.060504483000045, -7.843713803999947, 0.0 ], [ 110.059435513000039, -7.843035941999972, 0.0 ], [ 110.059319218000041, -7.839613073999942, 0.0 ], [ 110.057608873000049, -7.838766911999926, 0.0 ], [ 110.059694445000048, -7.838555554999971, 0.0 ], [ 110.058526437000069, -7.834554976999925, 0.0 ], [ 110.059098544000051, -7.825721604999956, 0.0 ], [ 110.062255484000048, -7.820389611999929, 0.0 ], [ 110.062218456000039, -7.814350031999936, 0.0 ], [ 110.063317329000085, -7.812256184999967, 0.0 ], [ 110.068727408000086, -7.810740992999968, 0.0 ], [ 110.073098221000066, -7.811006653999925, 0.0 ], [ 110.082117889000074, -7.804829647999952, 0.0 ], [ 110.083865411000033, -7.810603820999972, 0.0 ], [ 110.089199461000078, -7.813737830999969, 0.0 ], [ 110.092201267000064, -7.818635816999972, 0.0 ], [ 110.096447832000081, -7.820925066999962, 0.0 ], [ 110.097287290000054, -7.819821434999938, 0.0 ], [ 110.099719832000062, -7.820322812999962, 0.0 ] ] ] } },
{ "type": "Feature", "properties": { }, "geometry": { "type": "Polygon", "coordinates": [ [ [ 110.177880262000087, -7.920278007999968, 0.0 ], [ 110.17911700500008, -7.92846977399995, 0.0 ], [ 110.177509471000064, -7.932791958999928, 0.0 ], [ 110.169933812000068, -7.930117562999953, 0.0 ], [ 110.171809733000089, -7.929776594999964, 0.0 ], [ 110.171660264000081, -7.927968005999958, 0.0 ], [ 110.172755318000043, -7.927950431999932, 0.0 ], [ 110.171584573000075, -7.927123316999939, 0.0 ], [ 110.173349001000076, -7.927051265999978, 0.0 ], [ 110.173755636000067, -7.923352269999953, 0.0 ], [ 110.164064083000085, -7.92201636599998, 0.0 ], [ 110.165210266000088, -7.91043801099994, 0.0 ], [ 110.173630263000064, -7.911608010999942, 0.0 ], [ 110.174550263000071, -7.915388009999958, 0.0 ], [ 110.176406338000049, -7.915730405999966, 0.0 ], [ 110.175080263000041, -7.919998007999936, 0.0 ], [ 110.177880262000087, -7.920278007999968, 0.0 ] ] ] } },
{ "type": "Feature", "properties": { }, "geometry": { "type": "Polygon", "coordinates": [ [ [ 110.133830276000083, -7.808308100999966, 0.0 ], [ 110.136420276000081, -7.811888034999981, 0.0 ], [ 110.141510272000062, -7.814818034999973, 0.0 ], [ 110.141170274000046, -7.817448033999938, 0.0 ], [ 110.143460347000087, -7.820021868999959, 0.0 ], [ 110.14366027300008, -7.823758032999933, 0.0 ], [ 110.146829040000057, -7.823749946999953, 0.0 ], [ 110.147145127000044, -7.826371725999934, 0.0 ], [ 110.149468139000078, -7.828744532999963, 0.0 ], [ 110.141300274000059, -7.839218028999937, 0.0 ], [ 110.147017624000057, -7.85373945799995, 0.0 ], [ 110.146360186000038, -7.860345833999929, 0.0 ], [ 110.145602385000075, -7.861720174999959, 0.0 ], [ 110.141516877000072, -7.862927639999953, 0.0 ], [ 110.138512879000075, -7.867657374999965, 0.0 ], [ 110.132010277000063, -7.871688020999954, 0.0 ], [ 110.129465850000088, -7.875089246999949, 0.0 ], [ 110.128814079000051, -7.873713266999971, 0.0 ], [ 110.12569439300006, -7.873381721999976, 0.0 ], [ 110.125668179000058, -7.867256210999926, 0.0 ], [ 110.128737648000083, -7.853936488999977, 0.0 ], [ 110.129800666000051, -7.851861894999956, 0.0 ], [ 110.131262315000072, -7.852133167999966, 0.0 ], [ 110.131110782000064, -7.845707761999961, 0.0 ], [ 110.129649946000086, -7.845055744999968, 0.0 ], [ 110.126602682000055, -7.839376958999935, 0.0 ], [ 110.127269380000087, -7.832882988999927, 0.0 ], [ 110.12509043700004, -7.828127954999957, 0.0 ], [ 110.126971236000088, -7.826276834999931, 0.0 ], [ 110.126829182000051, -7.824641891999931, 0.0 ], [ 110.128229747000034, -7.825046476999944, 0.0 ], [ 110.129400048000036, -7.82318550399998, 0.0 ], [ 110.127769758000056, -7.822953398999971, 0.0 ], [ 110.124110279000035, -7.816498035999928, 0.0 ], [ 110.125530279000088, -7.814708036999946, 0.0 ], [ 110.125630279000063, -7.808028036999929, 0.0 ], [ 110.126750279000078, -7.806578037999941, 0.0 ], [ 110.131200277000062, -7.80803803799995, 0.0 ], [ 110.132330275000072, -7.809798035999961, 0.0 ], [ 110.133830276000083, -7.808308100999966, 0.0 ] ] ] } },
{ "type": "Feature", "properties": { }, "geometry": { "type": "Polygon", "coordinates": [ [ [ 110.199230348000071, -7.944785779999961, 0.0 ], [ 110.208817583000041, -7.946115542999962, 0.0 ], [ 110.207402701000035, -7.944634097999938, 0.0 ], [ 110.207870615000047, -7.942036744999939, 0.0 ], [ 110.210425633000057, -7.942295372999979, 0.0 ], [ 110.211262687000044, -7.940557504999958, 0.0 ], [ 110.212992416000077, -7.940303574999973, 0.0 ], [ 110.213713054000038, -7.942415144999927, 0.0 ], [ 110.217802750000033, -7.94246361699993, 0.0 ], [ 110.215440250000086, -7.946838001999936, 0.0 ], [ 110.216898350000065, -7.949197277999929, 0.0 ], [ 110.215835251000044, -7.948807009999939, 0.0 ], [ 110.215699105000056, -7.950841148999928, 0.0 ], [ 110.212924257000054, -7.951092956999958, 0.0 ], [ 110.212776971000039, -7.947411775999967, 0.0 ], [ 110.208537909000086, -7.951512442999956, 0.0 ], [ 110.204018555000061, -7.951925846999927, 0.0 ], [ 110.204056657000081, -7.953213344999938, 0.0 ], [ 110.206216105000067, -7.953291020999927, 0.0 ], [ 110.206112350000069, -7.955147943999975, 0.0 ], [ 110.203530254000043, -7.958127998999942, 0.0 ], [ 110.20039767600008, -7.957529233999935, 0.0 ], [ 110.201880255000049, -7.960327997999968, 0.0 ], [ 110.199225841000043, -7.963096277999966, 0.0 ], [ 110.189513545000068, -7.957177782999963, 0.0 ], [ 110.185434560000033, -7.969092925999973, 0.0 ], [ 110.165549699000053, -7.957719682999937, 0.0 ], [ 110.174989279000044, -7.93815342399995, 0.0 ], [ 110.181827835000036, -7.939970086999949, 0.0 ], [ 110.183264517000055, -7.944248604999927, 0.0 ], [ 110.187987987000042, -7.948742649999929, 0.0 ], [ 110.189712414000041, -7.945623541999964, 0.0 ], [ 110.191629851000073, -7.946202553999967, 0.0 ], [ 110.196856532000083, -7.94471735299993, 0.0 ], [ 110.196311054000034, -7.943448640999975, 0.0 ], [ 110.199070402000075, -7.942720446999942, 0.0 ], [ 110.199230348000071, -7.944785779999961, 0.0 ] ] ] } },
{ "type": "Feature", "properties": { }, "geometry": { "type": "Polygon", "coordinates": [ [ [ 110.3866, -7.923385, 0.0 ], [ 110.385814, -7.925733, 0.0 ], [ 110.386652999000034, -7.927772, 0.0 ], [ 110.380397, -7.926251, 0.0 ], [ 110.37728, -7.92712, 0.0 ], [ 110.373452, -7.926644000999943, 0.0 ], [ 110.373968, -7.921824, 0.0 ], [ 110.372542, -7.921463, 0.0 ], [ 110.371285999000065, -7.92482, 0.0 ], [ 110.36712, -7.923941, 0.0 ], [ 110.366854, -7.921106000999941, 0.0 ], [ 110.367883, -7.91995, 0.0 ], [ 110.375001, -7.919162, 0.0 ], [ 110.376052, -7.917469, 0.0 ], [ 110.375478999000052, -7.915139000999943, 0.0 ], [ 110.382089, -7.921032, 0.0 ], [ 110.382136, -7.922412000999941, 0.0 ], [ 110.3866, -7.923385, 0.0 ] ] ] } },
{ "type": "Feature", "properties": { }, "geometry": { "type": "Polygon", "coordinates": [ [ [ 110.404216, -7.938147, 0.0 ], [ 110.399731, -7.942722, 0.0 ], [ 110.398593, -7.942183, 0.0 ], [ 110.394793, -7.944602, 0.0 ], [ 110.388584999000045, -7.945072, 0.0 ], [ 110.382625, -7.943289, 0.0 ], [ 110.378231, -7.945212000999959, 0.0 ], [ 110.377489, -7.942029, 0.0 ], [ 110.37981, -7.937797, 0.0 ], [ 110.37571, -7.936373, 0.0 ], [ 110.376081, -7.930764, 0.0 ], [ 110.382721, -7.930502, 0.0 ], [ 110.38329, -7.933107, 0.0 ], [ 110.390937, -7.93674600099996, 0.0 ], [ 110.404216, -7.938147, 0.0 ] ] ] } },
{ "type": "Feature", "properties": { }, "geometry": { "type": "Polygon", "coordinates": [ [ [ 110.369356707000065, -7.773685889999967, 0.0 ], [ 110.367509, -7.773196, 0.0 ], [ 110.365279999000052, -7.775462, 0.0 ], [ 110.364887, -7.780241, 0.0 ], [ 110.360919, -7.780084, 0.0 ], [ 110.362117413000078, -7.768535339999971, 0.0 ], [ 110.366213395000045, -7.769538463999936, 0.0 ], [ 110.365273032000061, -7.76964315999993, 0.0 ], [ 110.364971317000084, -7.770227555999952, 0.0 ], [ 110.366639735000035, -7.77035604699995, 0.0 ], [ 110.366534287000036, -7.771694207999928, 0.0 ], [ 110.367606235000039, -7.771948810999959, 0.0 ], [ 110.368558019000034, -7.77035695099994, 0.0 ], [ 110.369356707000065, -7.773685889999967, 0.0 ] ] ] } },
{ "type": "Feature", "properties": { }, "geometry": { "type": "Polygon", "coordinates": [ [ [ 110.060120841000071, -7.869927529999927, 0.0 ], [ 110.059506312000053, -7.875562118999937, 0.0 ], [ 110.060779352000054, -7.876876548999974, 0.0 ], [ 110.058786418000068, -7.88144897199993, 0.0 ], [ 110.055286329000069, -7.879579185999944, 0.0 ], [ 110.054563292000068, -7.880420199999946, 0.0 ], [ 110.054881038000076, -7.877213648999941, 0.0 ], [ 110.046309235000081, -7.872756056999947, 0.0 ], [ 110.046599950000086, -7.869934063999949, 0.0 ], [ 110.050154716000065, -7.870439375999979, 0.0 ], [ 110.051882907000049, -7.86832944799994, 0.0 ], [ 110.060120841000071, -7.869927529999927, 0.0 ] ] ] } },
{ "type": "Feature", "properties": { }, "geometry": { "type": "Polygon", "coordinates": [ [ [ 110.097910288000037, -7.909668006999937, 0.0 ], [ 110.100180287000057, -7.910598010999934, 0.0 ], [ 110.117060281000079, -7.910478148999971, 0.0 ], [ 110.116228658000068, -7.915278820999958, 0.0 ], [ 110.113717099000041, -7.92080193399994, 0.0 ], [ 110.112526460000083, -7.920341184999927, 0.0 ], [ 110.107811998000045, -7.931013133999954, 0.0 ], [ 110.084555659000046, -7.920850658999939, 0.0 ], [ 110.077430672000048, -7.919321459999935, 0.0 ], [ 110.078594850000059, -7.915819903999932, 0.0 ], [ 110.080724965000059, -7.916479036999931, 0.0 ], [ 110.081722943000045, -7.91512312499998, 0.0 ], [ 110.086970292000046, -7.90169801299993, 0.0 ], [ 110.091400290000081, -7.902778012999931, 0.0 ], [ 110.097910288000037, -7.909668006999937, 0.0 ] ] ] } },
{ "type": "Feature", "properties": { }, "geometry": { "type": "Polygon", "coordinates": [ [ [ 110.376807, -7.926974, 0.0 ], [ 110.37571, -7.936373, 0.0 ], [ 110.371096, -7.934902, 0.0 ], [ 110.370935999000039, -7.935972, 0.0 ], [ 110.366347, -7.935179, 0.0 ], [ 110.366758, -7.940314, 0.0 ], [ 110.36601, -7.942007, 0.0 ], [ 110.36363, -7.941734, 0.0 ], [ 110.362836, -7.937884, 0.0 ], [ 110.36674, -7.932015, 0.0 ], [ 110.36712, -7.923941, 0.0 ], [ 110.371285999000065, -7.92482, 0.0 ], [ 110.372542, -7.921463, 0.0 ], [ 110.373968, -7.921824, 0.0 ], [ 110.373452, -7.926644000999943, 0.0 ], [ 110.376807, -7.926974, 0.0 ] ] ] } },
{ "type": "Feature", "properties": { }, "geometry": { "type": "Polygon", "coordinates": [ [ [ 110.167959243000041, -7.711878467999952, 0.0 ], [ 110.165836658000046, -7.712820687999965, 0.0 ], [ 110.166074858000059, -7.716471798999976, 0.0 ], [ 110.163842809000073, -7.71809792199997, 0.0 ], [ 110.163357753000071, -7.72132763299993, 0.0 ], [ 110.156556089000048, -7.718215707999946, 0.0 ], [ 110.151751291000039, -7.720175784999981, 0.0 ], [ 110.147016618000066, -7.715042174999951, 0.0 ], [ 110.143896184000084, -7.714933493999979, 0.0 ], [ 110.143287134000047, -7.716359035999972, 0.0 ], [ 110.13972059200006, -7.715939945999935, 0.0 ], [ 110.140085753000051, -7.712440922999974, 0.0 ], [ 110.144329976000051, -7.708269600999927, 0.0 ], [ 110.143466836000073, -7.706297622999955, 0.0 ], [ 110.142831602000058, -7.70746678699993, 0.0 ], [ 110.139900967000074, -7.706567794999955, 0.0 ], [ 110.134632570000065, -7.711750309999957, 0.0 ], [ 110.133102823000058, -7.709906479999972, 0.0 ], [ 110.130506118000085, -7.710268372999963, 0.0 ], [ 110.131451996000067, -7.701690398999972, 0.0 ], [ 110.133335677000048, -7.697518461999948, 0.0 ], [ 110.137356109000052, -7.695630277999953, 0.0 ], [ 110.158971308000048, -7.69969554599993, 0.0 ], [ 110.169029528000067, -7.706005504999951, 0.0 ], [ 110.169183708000048, -7.707235495999953, 0.0 ], [ 110.165705152000044, -7.71031684999997, 0.0 ], [ 110.167959243000041, -7.711878467999952, 0.0 ] ] ] } },
{ "type": "Feature", "properties": { }, "geometry": { "type": "Polygon", "coordinates": [ [ [ 110.076564224000037, -7.870330496999941, 0.0 ], [ 110.076427596000087, -7.871582822999926, 0.0 ], [ 110.075061222000045, -7.871349898999938, 0.0 ], [ 110.075178805000064, -7.873592418999976, 0.0 ], [ 110.073440295000069, -7.873688019999975, 0.0 ], [ 110.071420297000088, -7.893597972999942, 0.0 ], [ 110.062983897000038, -7.891413418999946, 0.0 ], [ 110.062192006000089, -7.89028553199995, 0.0 ], [ 110.065449413000067, -7.883214041999963, 0.0 ], [ 110.068877033000035, -7.88066740599993, 0.0 ], [ 110.067630827000073, -7.879051653999966, 0.0 ], [ 110.068700297000078, -7.875618019999933, 0.0 ], [ 110.069602118000034, -7.876256582999929, 0.0 ], [ 110.070246091000058, -7.874649018999946, 0.0 ], [ 110.069506813000089, -7.872026167999934, 0.0 ], [ 110.072140769000043, -7.870123060999958, 0.0 ], [ 110.076564224000037, -7.870330496999941, 0.0 ] ] ] } },
{ "type": "Feature", "properties": { }, "geometry": { "type": "Polygon", "coordinates": [ [ [ 110.103491070000075, -7.878674780999972, 0.0 ], [ 110.105296403000068, -7.88234280599994, 0.0 ], [ 110.10772214800005, -7.883394270999929, 0.0 ], [ 110.108120197000062, -7.88580234899996, 0.0 ], [ 110.106217461000085, -7.885790175999944, 0.0 ], [ 110.105855109000061, -7.889657432999968, 0.0 ], [ 110.103732956000044, -7.889896437999937, 0.0 ], [ 110.103437506000034, -7.892446783999958, 0.0 ], [ 110.106262052000034, -7.894325784999978, 0.0 ], [ 110.105804498000055, -7.895552857999974, 0.0 ], [ 110.101979972000038, -7.894327092999958, 0.0 ], [ 110.100474002000055, -7.895896902999937, 0.0 ], [ 110.096374628000035, -7.894421000999955, 0.0 ], [ 110.097207400000059, -7.890160111999933, 0.0 ], [ 110.099247700000035, -7.889185135999981, 0.0 ], [ 110.100944001000073, -7.882061293999925, 0.0 ], [ 110.098770288000082, -7.881617915999925, 0.0 ], [ 110.099103649000085, -7.878175212999963, 0.0 ], [ 110.106160024000076, -7.875918573999968, 0.0 ], [ 110.105460285000049, -7.878298019999932, 0.0 ], [ 110.103491070000075, -7.878674780999972, 0.0 ] ] ] } },
{ "type": "Feature", "properties": { }, "geometry": { "type": "Polygon", "coordinates": [ [ [ 110.194421311000042, -7.856781983999952, 0.0 ], [ 110.198540256000058, -7.86042802399993, 0.0 ], [ 110.199090256000034, -7.864058021999938, 0.0 ], [ 110.200920255000085, -7.864528022999934, 0.0 ], [ 110.199200255000051, -7.867568021999944, 0.0 ], [ 110.200720255000078, -7.867998020999948, 0.0 ], [ 110.205855107000048, -7.876335216999962, 0.0 ], [ 110.201136190000057, -7.873739708999949, 0.0 ], [ 110.198212870000077, -7.878456384999936, 0.0 ], [ 110.194869729000061, -7.876431135999951, 0.0 ], [ 110.189669392000042, -7.876081762999945, 0.0 ], [ 110.186853844000041, -7.873337495999976, 0.0 ], [ 110.183275319000074, -7.873140526999975, 0.0 ], [ 110.183314706000033, -7.871943938999948, 0.0 ], [ 110.180359064000072, -7.870709035999937, 0.0 ], [ 110.178628231000062, -7.871113417999936, 0.0 ], [ 110.178496049000046, -7.875005777999945, 0.0 ], [ 110.180230257000062, -7.875160454999957, 0.0 ], [ 110.180364002000033, -7.877406292999979, 0.0 ], [ 110.17597670400005, -7.881307675999949, 0.0 ], [ 110.176020599000083, -7.877129400999934, 0.0 ], [ 110.177804, -7.877325399999961, 0.0 ], [ 110.178148700000065, -7.875971800999935, 0.0 ], [ 110.175247623000075, -7.877036523999948, 0.0 ], [ 110.174556195000036, -7.87442402299996, 0.0 ], [ 110.176070263000042, -7.874278020999952, 0.0 ], [ 110.173480264000034, -7.872298020999949, 0.0 ], [ 110.174400263000052, -7.862458023999977, 0.0 ], [ 110.177709268000058, -7.861762583999962, 0.0 ], [ 110.180090262000078, -7.866508021999948, 0.0 ], [ 110.18292026000006, -7.86705802299997, 0.0 ], [ 110.184201925000082, -7.862820269999929, 0.0 ], [ 110.18581501400007, -7.861457701999939, 0.0 ], [ 110.186003, -7.85756809999998, 0.0 ], [ 110.188783400000034, -7.85944939999996, 0.0 ], [ 110.187665566000078, -7.85492722999993, 0.0 ], [ 110.191650142000071, -7.847766254999954, 0.0 ], [ 110.195029204000036, -7.848096151999925, 0.0 ], [ 110.193963814000085, -7.852179818999957, 0.0 ], [ 110.194421311000042, -7.856781983999952, 0.0 ] ] ] } },
{ "type": "Feature", "properties": { }, "geometry": { "type": "Polygon", "coordinates": [ [ [ 110.219965578000085, -7.735717940999962, 0.0 ], [ 110.216763871000069, -7.737435909999931, 0.0 ], [ 110.215910397000073, -7.741761498999949, 0.0 ], [ 110.219238512000061, -7.747060937999947, 0.0 ], [ 110.21764571600005, -7.752105115999939, 0.0 ], [ 110.219875010000067, -7.753863013999933, 0.0 ], [ 110.219213817000082, -7.756376373999956, 0.0 ], [ 110.217460749000054, -7.756907963999936, 0.0 ], [ 110.215370249000046, -7.754978049999977, 0.0 ], [ 110.211324413000057, -7.755566826999939, 0.0 ], [ 110.21160025100005, -7.75373805199996, 0.0 ], [ 110.207928562000063, -7.753177684999969, 0.0 ], [ 110.207216101000085, -7.755335846999969, 0.0 ], [ 110.205583438000076, -7.752579253999954, 0.0 ], [ 110.196928395000043, -7.750630568999952, 0.0 ], [ 110.199341806000064, -7.74222156899998, 0.0 ], [ 110.197580979000065, -7.738261370999965, 0.0 ], [ 110.199490255000057, -7.736278054999957, 0.0 ], [ 110.206480253000052, -7.733398055999942, 0.0 ], [ 110.209020252000073, -7.73491805599997, 0.0 ], [ 110.213931, -7.733741299999963, 0.0 ], [ 110.213533100000063, -7.735367900999961, 0.0 ], [ 110.214667900000052, -7.735924199999943, 0.0 ], [ 110.215805018000083, -7.731264976999967, 0.0 ], [ 110.219965578000085, -7.735717940999962, 0.0 ] ] ] } },
{ "type": "Feature", "properties": { }, "geometry": { "type": "Polygon", "coordinates": [ [ [ 110.373973, -7.808001, 0.0 ], [ 110.375292, -7.813211, 0.0 ], [ 110.374637, -7.815494, 0.0 ], [ 110.368661, -7.814601, 0.0 ], [ 110.369124, -7.808194000999947, 0.0 ], [ 110.373973, -7.808001, 0.0 ] ] ] } },
{ "type": "Feature", "properties": { }, "geometry": { "type": "Polygon", "coordinates": [ [ [ 110.388206835000062, -7.780260216999977, 0.0 ], [ 110.387188, -7.786066, 0.0 ], [ 110.382253, -7.786185, 0.0 ], [ 110.380582, -7.787845, 0.0 ], [ 110.380691, -7.789590000999965, 0.0 ], [ 110.378175, -7.789802000999941, 0.0 ], [ 110.379232, -7.782988, 0.0 ], [ 110.381387, -7.783033, 0.0 ], [ 110.380874739000035, -7.78027343399998, 0.0 ], [ 110.388206835000062, -7.780260216999977, 0.0 ] ] ] } },
{ "type": "Feature", "properties": { }, "geometry": { "type": "Polygon", "coordinates": [ [ [ 110.379232, -7.782988, 0.0 ], [ 110.378419, -7.78814, 0.0 ], [ 110.372931, -7.790226, 0.0 ], [ 110.36882, -7.789966, 0.0 ], [ 110.368024, -7.786974000999976, 0.0 ], [ 110.370885, -7.782963, 0.0 ], [ 110.379232, -7.782988, 0.0 ] ] ] } },
{ "type": "Feature", "properties": { }, "geometry": { "type": "Polygon", "coordinates": [ [ [ 110.237842683000054, -7.948450470999944, 0.0 ], [ 110.234411382000076, -7.954451010999946, 0.0 ], [ 110.228585750000036, -7.952573434999977, 0.0 ], [ 110.223670248000076, -7.952918, 0.0 ], [ 110.223346286000037, -7.955963461999943, 0.0 ], [ 110.221390248000034, -7.953288, 0.0 ], [ 110.219559177000065, -7.953382575999967, 0.0 ], [ 110.21881280100007, -7.955003229999932, 0.0 ], [ 110.217615252000087, -7.954541474999928, 0.0 ], [ 110.212620121000043, -7.967026652999948, 0.0 ], [ 110.199225841000043, -7.963096277999966, 0.0 ], [ 110.201880255000049, -7.960327997999968, 0.0 ], [ 110.208374220000053, -7.963995007999927, 0.0 ], [ 110.208751888000052, -7.957523669999944, 0.0 ], [ 110.211030252000057, -7.957577998999966, 0.0 ], [ 110.212310251000076, -7.958477998999967, 0.0 ], [ 110.211390251000068, -7.959957997999936, 0.0 ], [ 110.213866549000045, -7.960726982999972, 0.0 ], [ 110.218370313000037, -7.950144223999928, 0.0 ], [ 110.221841938000068, -7.945649490999926, 0.0 ], [ 110.223592721000045, -7.945943347999957, 0.0 ], [ 110.22365099700005, -7.94732165399995, 0.0 ], [ 110.224796666000088, -7.946546213999966, 0.0 ], [ 110.231731190000062, -7.947918392999952, 0.0 ], [ 110.233817359000057, -7.94634681499997, 0.0 ], [ 110.232893613000044, -7.950196572999971, 0.0 ], [ 110.235936451000043, -7.946613193999951, 0.0 ], [ 110.237842683000054, -7.948450470999944, 0.0 ] ] ] } },
{ "type": "Feature", "properties": { }, "geometry": { "type": "Polygon", "coordinates": [ [ [ 110.194869729000061, -7.876431135999951, 0.0 ], [ 110.194769548000068, -7.878991397999926, 0.0 ], [ 110.195797545000062, -7.879189460999953, 0.0 ], [ 110.193740257000059, -7.88655801699997, 0.0 ], [ 110.19566117800008, -7.887489290999952, 0.0 ], [ 110.195643073000042, -7.89213512699996, 0.0 ], [ 110.187848472000042, -7.903113907999966, 0.0 ], [ 110.183489460000033, -7.920202089999975, 0.0 ], [ 110.181900261000067, -7.918448008999974, 0.0 ], [ 110.181280552000032, -7.920615201999965, 0.0 ], [ 110.178016651000064, -7.920292549999942, 0.0 ], [ 110.178213614000072, -7.914312201999962, 0.0 ], [ 110.179760262000059, -7.915908008999963, 0.0 ], [ 110.179390262000084, -7.909028011999965, 0.0 ], [ 110.17794026200005, -7.909058011999946, 0.0 ], [ 110.177744906000044, -7.904666616999975, 0.0 ], [ 110.18163587500004, -7.904723045999958, 0.0 ], [ 110.183310959000039, -7.896488925999961, 0.0 ], [ 110.181048557000054, -7.896292631999927, 0.0 ], [ 110.180719130000057, -7.88966438999995, 0.0 ], [ 110.179297528000063, -7.88710098699994, 0.0 ], [ 110.18039026200006, -7.876828018999959, 0.0 ], [ 110.180230257000062, -7.875160454999957, 0.0 ], [ 110.178496049000046, -7.875005777999945, 0.0 ], [ 110.178628231000062, -7.871113417999936, 0.0 ], [ 110.181644341000037, -7.870803094999928, 0.0 ], [ 110.183275319000074, -7.873140526999975, 0.0 ], [ 110.186853844000041, -7.873337495999976, 0.0 ], [ 110.189953984000056, -7.876188085999956, 0.0 ], [ 110.194869729000061, -7.876431135999951, 0.0 ] ] ] } },
{ "type": "Feature", "properties": { }, "geometry": { "type": "Polygon", "coordinates": [ [ [ 110.361367796000081, -7.770396461999951, 0.0 ], [ 110.360919, -7.780084, 0.0 ], [ 110.35914, -7.780232, 0.0 ], [ 110.357386, -7.778482, 0.0 ], [ 110.356966, -7.775786, 0.0 ], [ 110.355612, -7.777179, 0.0 ], [ 110.354043, -7.776845, 0.0 ], [ 110.354816, -7.773864, 0.0 ], [ 110.353314, -7.774052, 0.0 ], [ 110.352413, -7.772446000999935, 0.0 ], [ 110.353450252000073, -7.771379500999956, 0.0 ], [ 110.352230064000082, -7.766489707999938, 0.0 ], [ 110.358962874000042, -7.771252903999937, 0.0 ], [ 110.361367796000081, -7.770396461999951, 0.0 ] ] ] } },
{ "type": "Feature", "properties": { }, "geometry": { "type": "Polygon", "coordinates": [ [ [ 110.093096569000068, -7.863441155999965, 0.0 ], [ 110.111582927000086, -7.868060112999956, 0.0 ], [ 110.110356630000069, -7.871768076999956, 0.0 ], [ 110.112382115000059, -7.876772937999931, 0.0 ], [ 110.111890283000037, -7.880728018999946, 0.0 ], [ 110.10627308800008, -7.878512726999929, 0.0 ], [ 110.10553357100008, -7.880166363999933, 0.0 ], [ 110.103828410000062, -7.879891649999934, 0.0 ], [ 110.103491070000075, -7.878674780999972, 0.0 ], [ 110.105460285000049, -7.878298019999932, 0.0 ], [ 110.106160024000076, -7.875918573999968, 0.0 ], [ 110.099103649000085, -7.878175212999963, 0.0 ], [ 110.098770288000082, -7.881617915999925, 0.0 ], [ 110.096200288000034, -7.880188018999945, 0.0 ], [ 110.095320288000039, -7.876138019999928, 0.0 ], [ 110.096242692000033, -7.875022011999931, 0.0 ], [ 110.094791513000075, -7.874454811999954, 0.0 ], [ 110.093244657000071, -7.871053872999937, 0.0 ], [ 110.093096569000068, -7.863441155999965, 0.0 ] ] ] } },
{ "type": "Feature", "properties": { }, "geometry": { "type": "Polygon", "coordinates": [ [ [ 110.129480141000045, -7.896438014999944, 0.0 ], [ 110.128370330000052, -7.91069783599994, 0.0 ], [ 110.114200309000069, -7.910327773999938, 0.0 ], [ 110.116300282000054, -7.90298801299997, 0.0 ], [ 110.118420281000056, -7.902248012999962, 0.0 ], [ 110.117760281000074, -7.897398013999975, 0.0 ], [ 110.118800412000041, -7.890888016999952, 0.0 ], [ 110.123870280000062, -7.891498016999947, 0.0 ], [ 110.12368762300008, -7.893547608999938, 0.0 ], [ 110.126405666000039, -7.894157843999949, 0.0 ], [ 110.125700279000057, -7.895938014999956, 0.0 ], [ 110.129480141000045, -7.896438014999944, 0.0 ] ] ] } },
{ "type": "Feature", "properties": { }, "geometry": { "type": "Polygon", "coordinates": [ [ [ 110.444498008000039, -7.949991440999952, 0.0 ], [ 110.443550111000036, -7.951670152999952, 0.0 ], [ 110.444671615000061, -7.957591497999942, 0.0 ], [ 110.443824769000059, -7.966209388999971, 0.0 ], [ 110.44094847100007, -7.967429134999975, 0.0 ], [ 110.434623711000086, -7.966315247999944, 0.0 ], [ 110.430464002000065, -7.962166998999976, 0.0 ], [ 110.430219002000058, -7.958804, 0.0 ], [ 110.428051003000064, -7.958366998999963, 0.0 ], [ 110.424770003000049, -7.954025, 0.0 ], [ 110.424967002000074, -7.951917, 0.0 ], [ 110.427831, -7.949087, 0.0 ], [ 110.427272, -7.944115, 0.0 ], [ 110.41313, -7.936282, 0.0 ], [ 110.408188, -7.937114, 0.0 ], [ 110.406767, -7.93085, 0.0 ], [ 110.412619, -7.930317, 0.0 ], [ 110.414588, -7.928475, 0.0 ], [ 110.425741, -7.925997, 0.0 ], [ 110.426368, -7.922025000999952, 0.0 ], [ 110.43008, -7.917467, 0.0 ], [ 110.43181, -7.920447, 0.0 ], [ 110.436426, -7.919261, 0.0 ], [ 110.439272, -7.920575, 0.0 ], [ 110.44285, -7.928982, 0.0 ], [ 110.441521, -7.933763000999932, 0.0 ], [ 110.442463, -7.937829, 0.0 ], [ 110.440862, -7.940868, 0.0 ], [ 110.44219399900004, -7.94789, 0.0 ], [ 110.444498008000039, -7.949991440999952, 0.0 ] ] ] } },
{ "type": "Feature", "properties": { }, "geometry": { "type": "Polygon", "coordinates": [ [ [ 110.368479, -7.814891, 0.0 ], [ 110.367475615000046, -7.826771085999951, 0.0 ], [ 110.367270344000076, -7.825569908999967, 0.0 ], [ 110.360913931000084, -7.825858326999935, 0.0 ], [ 110.362831, -7.814035, 0.0 ], [ 110.368479, -7.814891, 0.0 ] ] ] } },
{ "type": "Feature", "properties": { }, "geometry": { "type": "Polygon", "coordinates": [ [ [ 110.191650142000071, -7.847766254999954, 0.0 ], [ 110.187665566000078, -7.85492722999993, 0.0 ], [ 110.188783400000034, -7.85944939999996, 0.0 ], [ 110.186003, -7.85756809999998, 0.0 ], [ 110.18581501400007, -7.861457701999939, 0.0 ], [ 110.184201925000082, -7.862820269999929, 0.0 ], [ 110.18292026000006, -7.86705802299997, 0.0 ], [ 110.180090262000078, -7.866508021999948, 0.0 ], [ 110.177618290000055, -7.861718785999926, 0.0 ], [ 110.173420264000072, -7.862568022999938, 0.0 ], [ 110.167620265000039, -7.860598022999966, 0.0 ], [ 110.163730267000062, -7.862168022999981, 0.0 ], [ 110.162700267000048, -7.860848023999949, 0.0 ], [ 110.162806258000046, -7.857069058999969, 0.0 ], [ 110.166980266000053, -7.853808024999978, 0.0 ], [ 110.167390266000041, -7.85664802499997, 0.0 ], [ 110.170280264000041, -7.855388024999968, 0.0 ], [ 110.168400265000059, -7.85237802599994, 0.0 ], [ 110.175810262000084, -7.84650802699997, 0.0 ], [ 110.180540261000033, -7.846548026999926, 0.0 ], [ 110.181470261000072, -7.842368027999953, 0.0 ], [ 110.183630261000076, -7.842198027999927, 0.0 ], [ 110.184516908000035, -7.840111837999928, 0.0 ], [ 110.185847944000045, -7.839703879999945, 0.0 ], [ 110.188362603000087, -7.841509001999952, 0.0 ], [ 110.188332095000078, -7.843103104999955, 0.0 ], [ 110.191184771000053, -7.843537631999936, 0.0 ], [ 110.191650142000071, -7.847766254999954, 0.0 ] ] ] } },
{ "type": "Feature", "properties": { }, "geometry": { "type": "Polygon", "coordinates": [ [ [ 110.398429062000048, -7.79987304499997, 0.0 ], [ 110.396361, -7.807929, 0.0 ], [ 110.394848, -7.809130000999971, 0.0 ], [ 110.390347, -7.805384000999936, 0.0 ], [ 110.39065, -7.802075, 0.0 ], [ 110.386692999000047, -7.80193, 0.0 ], [ 110.388122, -7.793178000999944, 0.0 ], [ 110.390843, -7.793937000999961, 0.0 ], [ 110.394844999000043, -7.791576000999953, 0.0 ], [ 110.395603, -7.788973, 0.0 ], [ 110.397126886000081, -7.788483850999967, 0.0 ], [ 110.395776746000081, -7.792731203999949, 0.0 ], [ 110.398429062000048, -7.79987304499997, 0.0 ] ] ] } },
{ "type": "Feature", "properties": { }, "geometry": { "type": "Polygon", "coordinates": [ [ [ 110.331921393000073, -7.940222752999944, 0.0 ], [ 110.32587, -7.953347, 0.0 ], [ 110.326631017000068, -7.955268660999934, 0.0 ], [ 110.325222165000071, -7.957337632999952, 0.0 ], [ 110.327404450000074, -7.958757548999927, 0.0 ], [ 110.323778287000039, -7.957996524999942, 0.0 ], [ 110.320359271000086, -7.964906535999944, 0.0 ], [ 110.317913666000038, -7.964392980999946, 0.0 ], [ 110.316927761000045, -7.96598221499994, 0.0 ], [ 110.313886518000061, -7.962040291999926, 0.0 ], [ 110.310543564000056, -7.960412775999941, 0.0 ], [ 110.312451825000039, -7.952062396999963, 0.0 ], [ 110.306800949000035, -7.951062738999951, 0.0 ], [ 110.306270631000075, -7.948749247999956, 0.0 ], [ 110.304278905000047, -7.948345066999934, 0.0 ], [ 110.304214673000047, -7.949215612999978, 0.0 ], [ 110.300623991000066, -7.947029285999974, 0.0 ], [ 110.298899303000042, -7.948704096999961, 0.0 ], [ 110.297049488000084, -7.947604903999945, 0.0 ], [ 110.300697672000069, -7.941845808999972, 0.0 ], [ 110.299636783000039, -7.941714875999935, 0.0 ], [ 110.30020670600004, -7.938936401999968, 0.0 ], [ 110.304309216000036, -7.936587131999943, 0.0 ], [ 110.307941355000082, -7.937317592999932, 0.0 ], [ 110.308319269000037, -7.939847812999972, 0.0 ], [ 110.311042328000042, -7.942096824999965, 0.0 ], [ 110.31186037100008, -7.942191328999968, 0.0 ], [ 110.311554424000065, -7.939548505999937, 0.0 ], [ 110.317095432000087, -7.939721258999953, 0.0 ], [ 110.314550003000079, -7.93757936399993, 0.0 ], [ 110.31908020700007, -7.937118048999935, 0.0 ], [ 110.319229752000069, -7.933485659999974, 0.0 ], [ 110.317850132000046, -7.931564003999938, 0.0 ], [ 110.319233617000066, -7.930302428999937, 0.0 ], [ 110.321609285000079, -7.931305764999934, 0.0 ], [ 110.322622306000085, -7.935368070999971, 0.0 ], [ 110.321210981000036, -7.936650789999931, 0.0 ], [ 110.324082606000047, -7.938085723999961, 0.0 ], [ 110.321130757000049, -7.937829067999928, 0.0 ], [ 110.321348012000044, -7.94041849599995, 0.0 ], [ 110.323273019000055, -7.940299791999962, 0.0 ], [ 110.323971742000083, -7.943031896999969, 0.0 ], [ 110.326650853000046, -7.943576378999978, 0.0 ], [ 110.326242126000068, -7.941606763999971, 0.0 ], [ 110.328526714000077, -7.941130717999954, 0.0 ], [ 110.328866809000033, -7.938656413999979, 0.0 ], [ 110.331921393000073, -7.940222752999944, 0.0 ] ] ] } },
{ "type": "Feature", "properties": { }, "geometry": { "type": "Polygon", "coordinates": [ [ [ 110.461083, -7.909112000999926, 0.0 ], [ 110.458449, -7.914391, 0.0 ], [ 110.458938, -7.9156, 0.0 ], [ 110.45657, -7.918758, 0.0 ], [ 110.457433, -7.919781000999933, 0.0 ], [ 110.456034, -7.92087, 0.0 ], [ 110.456552, -7.928895, 0.0 ], [ 110.454314, -7.935062, 0.0 ], [ 110.459092, -7.942581000999951, 0.0 ], [ 110.457961, -7.943864000999952, 0.0 ], [ 110.45626, -7.943113, 0.0 ], [ 110.455881, -7.945022, 0.0 ], [ 110.454196, -7.945983, 0.0 ], [ 110.450238, -7.944657, 0.0 ], [ 110.447898857000041, -7.948173959999963, 0.0 ], [ 110.444498008000039, -7.949991440999952, 0.0 ], [ 110.44219399900004, -7.94789, 0.0 ], [ 110.440862, -7.940868, 0.0 ], [ 110.442463, -7.937829, 0.0 ], [ 110.441521, -7.933763000999932, 0.0 ], [ 110.442907, -7.930117000999928, 0.0 ], [ 110.441406, -7.923636, 0.0 ], [ 110.439486, -7.92074, 0.0 ], [ 110.436426, -7.919261, 0.0 ], [ 110.43181, -7.920447, 0.0 ], [ 110.43008, -7.917467, 0.0 ], [ 110.435371, -7.912132, 0.0 ], [ 110.437252, -7.906584, 0.0 ], [ 110.433838, -7.901949, 0.0 ], [ 110.430793, -7.900802, 0.0 ], [ 110.445973, -7.887134000999936, 0.0 ], [ 110.455695, -7.896366, 0.0 ], [ 110.456082, -7.900092, 0.0 ], [ 110.460833, -7.906956, 0.0 ], [ 110.461083, -7.909112000999926, 0.0 ] ] ] } },
{ "type": "Feature", "properties": { }, "geometry": { "type": "Polygon", "coordinates": [ [ [ 110.277964, -7.956827, 0.0 ], [ 110.277541, -7.96342, 0.0 ], [ 110.275622, -7.966234000999975, 0.0 ], [ 110.279646, -7.968388, 0.0 ], [ 110.276693, -7.97022, 0.0 ], [ 110.278209, -7.971846, 0.0 ], [ 110.278295, -7.979092, 0.0 ], [ 110.275240999000061, -7.978562, 0.0 ], [ 110.271398999000041, -7.980959000999974, 0.0 ], [ 110.272469, -7.972799, 0.0 ], [ 110.269843, -7.971447, 0.0 ], [ 110.268009, -7.971245000999943, 0.0 ], [ 110.266489, -7.976354000999947, 0.0 ], [ 110.26006, -7.976474000999929, 0.0 ], [ 110.257462, -7.975277, 0.0 ], [ 110.254134, -7.9763, 0.0 ], [ 110.254691, -7.973713, 0.0 ], [ 110.257984, -7.97393, 0.0 ], [ 110.260596, -7.972183000999962, 0.0 ], [ 110.257455999000058, -7.970397, 0.0 ], [ 110.258937999000068, -7.96302, 0.0 ], [ 110.262606, -7.956806, 0.0 ], [ 110.264618, -7.95672, 0.0 ], [ 110.265028, -7.95517500099993, 0.0 ], [ 110.271762, -7.957090000999926, 0.0 ], [ 110.277964, -7.956827, 0.0 ] ] ] } },
{ "type": "Feature", "properties": { }, "geometry": { "type": "Polygon", "coordinates": [ [ [ 110.361998, -7.796072, 0.0 ], [ 110.362021, -7.801252000999966, 0.0 ], [ 110.354755, -7.801042, 0.0 ], [ 110.355353999000044, -7.795617, 0.0 ], [ 110.361998, -7.796072, 0.0 ] ] ] } },
{ "type": "Feature", "properties": { }, "geometry": { "type": "Polygon", "coordinates": [ [ [ 110.150428809000061, -7.647036703999959, 0.0 ], [ 110.16919308000007, -7.648447946999966, 0.0 ], [ 110.169065806000049, -7.651391418999935, 0.0 ], [ 110.167238118000057, -7.65950924699996, 0.0 ], [ 110.167577549000043, -7.66424115999996, 0.0 ], [ 110.165192549000039, -7.666477485999962, 0.0 ], [ 110.16337016500006, -7.671167803999936, 0.0 ], [ 110.161113238000041, -7.672136316999968, 0.0 ], [ 110.156580248000068, -7.680378068999971, 0.0 ], [ 110.152130394000039, -7.677350417999946, 0.0 ], [ 110.153830440000036, -7.674109788999942, 0.0 ], [ 110.149340271000085, -7.671758071999932, 0.0 ], [ 110.146090271000048, -7.666428072999963, 0.0 ], [ 110.14418783900004, -7.661085133999961, 0.0 ], [ 110.144914029000063, -7.652046127999938, 0.0 ], [ 110.144055740000056, -7.650207995999949, 0.0 ], [ 110.147558743000047, -7.650292209999975, 0.0 ], [ 110.150428809000061, -7.647036703999959, 0.0 ] ] ] } },
{ "type": "Feature", "properties": { }, "geometry": { "type": "Polygon", "coordinates": [ [ [ 110.273741613000084, -7.893165400999976, 0.0 ], [ 110.272787920000042, -7.912533316999941, 0.0 ], [ 110.267887951000034, -7.911121718999937, 0.0 ], [ 110.263726388000066, -7.911679184999969, 0.0 ], [ 110.264800176000051, -7.904291588999968, 0.0 ], [ 110.261474278000037, -7.90232746199996, 0.0 ], [ 110.261672007000072, -7.90126778399997, 0.0 ], [ 110.257192887000087, -7.900267540999948, 0.0 ], [ 110.255933997000056, -7.904256368999938, 0.0 ], [ 110.251274010000088, -7.902066622999939, 0.0 ], [ 110.249900239000056, -7.903228012999932, 0.0 ], [ 110.245170241000039, -7.896828014999926, 0.0 ], [ 110.238664734000054, -7.894344923999938, 0.0 ], [ 110.240070370000069, -7.890879960999939, 0.0 ], [ 110.242260541000064, -7.892752323999957, 0.0 ], [ 110.243349303000059, -7.891660243999979, 0.0 ], [ 110.251341644000036, -7.892398089999972, 0.0 ], [ 110.252811998000084, -7.887285012999939, 0.0 ], [ 110.254887268000061, -7.885699360999979, 0.0 ], [ 110.258389548000082, -7.886559695999949, 0.0 ], [ 110.259550235000063, -7.888288015999933, 0.0 ], [ 110.268835486000057, -7.885304265999935, 0.0 ], [ 110.273741613000084, -7.893165400999976, 0.0 ] ] ] } },
{ "type": "Feature", "properties": { }, "geometry": { "type": "Polygon", "coordinates": [ [ [ 110.140910273000088, -7.893328014999952, 0.0 ], [ 110.142320273000053, -7.901388013999963, 0.0 ], [ 110.140550274000077, -7.906488012999944, 0.0 ], [ 110.137790275000043, -7.908898011999952, 0.0 ], [ 110.128370330000052, -7.91069783599994, 0.0 ], [ 110.130010277000054, -7.892288014999963, 0.0 ], [ 110.140910273000088, -7.893328014999952, 0.0 ] ] ] } },
{ "type": "Feature", "properties": { }, "geometry": { "type": "Polygon", "coordinates": [ [ [ 110.351089015000071, -7.768220295999981, 0.0 ], [ 110.351313294000079, -7.780681682999955, 0.0 ], [ 110.350275385000089, -7.789680140999963, 0.0 ], [ 110.348610671000074, -7.793295990999979, 0.0 ], [ 110.349897273000067, -7.794118343999969, 0.0 ], [ 110.349360191000073, -7.795492346999936, 0.0 ], [ 110.34820342200004, -7.79510552499994, 0.0 ], [ 110.34831945500008, -7.799500380999973, 0.0 ], [ 110.344800105000047, -7.806857719999925, 0.0 ], [ 110.345779393000043, -7.81253606599995, 0.0 ], [ 110.351487755000051, -7.813477263999971, 0.0 ], [ 110.352129579000064, -7.814692426999954, 0.0 ], [ 110.351831477000076, -7.816994314999931, 0.0 ], [ 110.34859, -7.816451, 0.0 ], [ 110.348383, -7.817411, 0.0 ], [ 110.344928, -7.816706, 0.0 ], [ 110.344606, -7.813924, 0.0 ], [ 110.337569, -7.812504000999979, 0.0 ], [ 110.335453, -7.810893, 0.0 ], [ 110.33196, -7.813471, 0.0 ], [ 110.329974, -7.80509, 0.0 ], [ 110.332192, -7.803447000999938, 0.0 ], [ 110.330244529000083, -7.801355414999932, 0.0 ], [ 110.330788486000074, -7.799956262999956, 0.0 ], [ 110.332387158000074, -7.800066540999978, 0.0 ], [ 110.332766166000056, -7.798076510999977, 0.0 ], [ 110.337849627000082, -7.79783436799994, 0.0 ], [ 110.338841711000043, -7.795492488999969, 0.0 ], [ 110.338138727000057, -7.793029650999927, 0.0 ], [ 110.343770048000067, -7.791463390999979, 0.0 ], [ 110.34752652700007, -7.781857729999956, 0.0 ], [ 110.347213045000046, -7.777112098999964, 0.0 ], [ 110.349223218000077, -7.77215330599995, 0.0 ], [ 110.348509388000082, -7.770086896999942, 0.0 ], [ 110.351089015000071, -7.768220295999981, 0.0 ] ] ] } },
{ "type": "Feature", "properties": { }, "geometry": { "type": "Polygon", "coordinates": [ [ [ 110.361998, -7.796072, 0.0 ], [ 110.370067, -7.796715, 0.0 ], [ 110.371257, -7.801539, 0.0 ], [ 110.364742, -7.801397, 0.0 ], [ 110.364252, -7.805118, 0.0 ], [ 110.36051, -7.804478, 0.0 ], [ 110.360973, -7.801252000999966, 0.0 ], [ 110.362021, -7.801252000999966, 0.0 ], [ 110.361998, -7.796072, 0.0 ] ] ] } },
{ "type": "Feature", "properties": { }, "geometry": { "type": "Polygon", "coordinates": [ [ [ 110.215852612000049, -7.945611947999964, 0.0 ], [ 110.221841938000068, -7.945649490999926, 0.0 ], [ 110.218370313000037, -7.950144223999928, 0.0 ], [ 110.213866549000045, -7.960726982999972, 0.0 ], [ 110.211390251000068, -7.959957997999936, 0.0 ], [ 110.212310251000076, -7.958477998999967, 0.0 ], [ 110.211030252000057, -7.957577998999966, 0.0 ], [ 110.208751888000052, -7.957523669999944, 0.0 ], [ 110.208374220000053, -7.963995007999927, 0.0 ], [ 110.200903891000053, -7.959245461999956, 0.0 ], [ 110.20039767600008, -7.957529233999935, 0.0 ], [ 110.203530254000043, -7.958127998999942, 0.0 ], [ 110.206112350000069, -7.955147943999975, 0.0 ], [ 110.206216105000067, -7.953291020999927, 0.0 ], [ 110.204056657000081, -7.953213344999938, 0.0 ], [ 110.204018555000061, -7.951925846999927, 0.0 ], [ 110.208537909000086, -7.951512442999956, 0.0 ], [ 110.212776971000039, -7.947411775999967, 0.0 ], [ 110.212924257000054, -7.951092956999958, 0.0 ], [ 110.215699105000056, -7.950841148999928, 0.0 ], [ 110.215835251000044, -7.948807009999939, 0.0 ], [ 110.216901949000089, -7.949299034999967, 0.0 ], [ 110.215852612000049, -7.945611947999964, 0.0 ] ] ] } },
{ "type": "Feature", "properties": { }, "geometry": { "type": "Polygon", "coordinates": [ [ [ 110.360973, -7.801252000999966, 0.0 ], [ 110.36051, -7.804478, 0.0 ], [ 110.356343, -7.804124, 0.0 ], [ 110.355996, -7.808621000999949, 0.0 ], [ 110.353681, -7.808277, 0.0 ], [ 110.355243, -7.805981, 0.0 ], [ 110.3538, -7.804969, 0.0 ], [ 110.354755, -7.801042, 0.0 ], [ 110.360973, -7.801252000999966, 0.0 ] ] ] } },
{ "type": "Feature", "properties": { }, "geometry": { "type": "Polygon", "coordinates": [ [ [ 110.143684707000034, -7.647076127999981, 0.0 ], [ 110.14440393600006, -7.662293380999927, 0.0 ], [ 110.149131136000051, -7.67151968099995, 0.0 ], [ 110.153878185000053, -7.674244501999965, 0.0 ], [ 110.146580272000051, -7.688728066999943, 0.0 ], [ 110.138447260000078, -7.694753047999939, 0.0 ], [ 110.136317043000076, -7.688437119999946, 0.0 ], [ 110.131955195000046, -7.68391395499998, 0.0 ], [ 110.118933797000068, -7.678489802999934, 0.0 ], [ 110.115646668000068, -7.675816661999932, 0.0 ], [ 110.115563679000047, -7.673608760999969, 0.0 ], [ 110.118041402000074, -7.669966251999938, 0.0 ], [ 110.117945321000036, -7.668145574999926, 0.0 ], [ 110.121792726000081, -7.667466464999961, 0.0 ], [ 110.122707164000076, -7.663428043999943, 0.0 ], [ 110.127930564000053, -7.660212386999945, 0.0 ], [ 110.130302136000068, -7.65734847799996, 0.0 ], [ 110.130824896000036, -7.654336137999962, 0.0 ], [ 110.139031444000068, -7.654069023999966, 0.0 ], [ 110.141444444000058, -7.644805555999937, 0.0 ], [ 110.143684707000034, -7.647076127999981, 0.0 ] ] ] } },
{ "type": "Feature", "properties": { }, "geometry": { "type": "Polygon", "coordinates": [ [ [ 110.35544, -7.794187, 0.0 ], [ 110.354755, -7.801042, 0.0 ], [ 110.347746147000066, -7.800907539999969, 0.0 ], [ 110.34820342200004, -7.79510552499994, 0.0 ], [ 110.349360191000073, -7.795492346999936, 0.0 ], [ 110.349897273000067, -7.794118343999969, 0.0 ], [ 110.348661922000076, -7.793232519999947, 0.0 ], [ 110.35544, -7.794187, 0.0 ] ] ] } },
{ "type": "Feature", "properties": { }, "geometry": { "type": "Polygon", "coordinates": [ [ [ 110.323656116000052, -7.896034344999975, 0.0 ], [ 110.328241411000079, -7.897295681999935, 0.0 ], [ 110.329137072000037, -7.901518653999972, 0.0 ], [ 110.334134192000079, -7.902078805999963, 0.0 ], [ 110.334065957000064, -7.908246534999932, 0.0 ], [ 110.337001969000085, -7.910064750999936, 0.0 ], [ 110.336686718000067, -7.912824098999977, 0.0 ], [ 110.334534068000039, -7.912357977999932, 0.0 ], [ 110.333980289000067, -7.915214936999973, 0.0 ], [ 110.335168951000071, -7.915605224999979, 0.0 ], [ 110.333909955000081, -7.915577794999933, 0.0 ], [ 110.333478304000039, -7.918212186999938, 0.0 ], [ 110.335336602000041, -7.917994138999973, 0.0 ], [ 110.335045371000035, -7.919207104999941, 0.0 ], [ 110.333441186000073, -7.921183023999959, 0.0 ], [ 110.333488804000069, -7.920031319999964, 0.0 ], [ 110.331421512000077, -7.920524885999953, 0.0 ], [ 110.329469582000058, -7.918752704999974, 0.0 ], [ 110.327581820000034, -7.920243625999944, 0.0 ], [ 110.326858591000075, -7.918496972999947, 0.0 ], [ 110.317943943000046, -7.918912954999939, 0.0 ], [ 110.318359163000082, -7.917673751999928, 0.0 ], [ 110.316474502000062, -7.917402262999929, 0.0 ], [ 110.316038313000035, -7.92008978299998, 0.0 ], [ 110.314388953000048, -7.920065421999936, 0.0 ], [ 110.314741036000044, -7.91837636799994, 0.0 ], [ 110.311098306000076, -7.917803192999941, 0.0 ], [ 110.311751143000038, -7.914939668999978, 0.0 ], [ 110.314311212000064, -7.917025923999972, 0.0 ], [ 110.314795785000058, -7.915748778999955, 0.0 ], [ 110.314240547000054, -7.911856600999954, 0.0 ], [ 110.31303166400005, -7.91133769299995, 0.0 ], [ 110.314631775000066, -7.90535986499998, 0.0 ], [ 110.313096045000066, -7.901474453999981, 0.0 ], [ 110.313950952000084, -7.896367273999942, 0.0 ], [ 110.313003842000057, -7.896170146999964, 0.0 ], [ 110.314632561000053, -7.893482247999941, 0.0 ], [ 110.316577005000056, -7.893710086999931, 0.0 ], [ 110.317860511000049, -7.899943726999936, 0.0 ], [ 110.319881772000087, -7.900068501999954, 0.0 ], [ 110.319064547000039, -7.89564332499998, 0.0 ], [ 110.322876124000061, -7.897464190999926, 0.0 ], [ 110.323656116000052, -7.896034344999975, 0.0 ] ] ] } },
{ "type": "Feature", "properties": { }, "geometry": { "type": "Polygon", "coordinates": [ [ [ 110.05504893300008, -7.879629039999941, 0.0 ], [ 110.064771705000055, -7.884956443999954, 0.0 ], [ 110.055876761000036, -7.908331567999937, 0.0 ], [ 110.044055036000088, -7.904101972999968, 0.0 ], [ 110.048660304000066, -7.893908014999965, 0.0 ], [ 110.049436433000039, -7.88894298699995, 0.0 ], [ 110.051098598000067, -7.886092738999935, 0.0 ], [ 110.05362030100008, -7.887258016999965, 0.0 ], [ 110.05504893300008, -7.879629039999941, 0.0 ] ] ] } },
{ "type": "Feature", "properties": { }, "geometry": { "type": "Polygon", "coordinates": [ [ [ 110.380595, -7.811329, 0.0 ], [ 110.392096, -7.812673, 0.0 ], [ 110.391613, -7.814396000999977, 0.0 ], [ 110.393361999000035, -7.813807, 0.0 ], [ 110.391956, -7.815491, 0.0 ], [ 110.394609, -7.81874, 0.0 ], [ 110.393379, -7.825714, 0.0 ], [ 110.392054, -7.82525500099996, 0.0 ], [ 110.392756, -7.823428, 0.0 ], [ 110.389357, -7.821947, 0.0 ], [ 110.384495, -7.822084, 0.0 ], [ 110.38506, -7.820303000999957, 0.0 ], [ 110.382493, -7.82000900099996, 0.0 ], [ 110.38321, -7.816705, 0.0 ], [ 110.381394, -7.816459, 0.0 ], [ 110.380595, -7.811329, 0.0 ] ] ] } },
{ "type": "Feature", "properties": { }, "geometry": { "type": "Polygon", "coordinates": [ [ [ 110.207888207000053, -7.930202473999941, 0.0 ], [ 110.212768242000038, -7.932006657999978, 0.0 ], [ 110.211180252000077, -7.935638003999941, 0.0 ], [ 110.212097453000069, -7.936048220999965, 0.0 ], [ 110.211618739000073, -7.938133904999972, 0.0 ], [ 110.220513541000059, -7.939403084999981, 0.0 ], [ 110.220120249000047, -7.945337884999958, 0.0 ], [ 110.217217335000043, -7.944780848999926, 0.0 ], [ 110.217802750000033, -7.94246361699993, 0.0 ], [ 110.213394865000055, -7.94226875399994, 0.0 ], [ 110.212992416000077, -7.940303574999973, 0.0 ], [ 110.211177699000075, -7.940590211999961, 0.0 ], [ 110.210425633000057, -7.942295372999979, 0.0 ], [ 110.207870615000047, -7.942036744999939, 0.0 ], [ 110.207402701000035, -7.944634097999938, 0.0 ], [ 110.208445644000051, -7.946428365999964, 0.0 ], [ 110.206230252000069, -7.94601800199996, 0.0 ], [ 110.204729009000062, -7.942545121999956, 0.0 ], [ 110.20108304300004, -7.943463435999945, 0.0 ], [ 110.202244903000064, -7.942590078999956, 0.0 ], [ 110.201952778000077, -7.939649256999928, 0.0 ], [ 110.205199007000033, -7.940333586999941, 0.0 ], [ 110.205705351000063, -7.938257390999979, 0.0 ], [ 110.207922368000084, -7.938415130999942, 0.0 ], [ 110.208881126000051, -7.93651934199994, 0.0 ], [ 110.20919355400008, -7.934184318999939, 0.0 ], [ 110.206604779000088, -7.933402701999967, 0.0 ], [ 110.205639304000044, -7.936392694999938, 0.0 ], [ 110.204191714000046, -7.93668440099998, 0.0 ], [ 110.204833564000069, -7.931252408999967, 0.0 ], [ 110.207175733000042, -7.931774124999947, 0.0 ], [ 110.207888207000053, -7.930202473999941, 0.0 ] ] ] } },
{ "type": "Feature", "properties": { }, "geometry": { "type": "Polygon", "coordinates": [ [ [ 110.369186, -7.803638, 0.0 ], [ 110.368479, -7.814891, 0.0 ], [ 110.362831, -7.814035, 0.0 ], [ 110.363893, -7.811313000999974, 0.0 ], [ 110.362488, -7.807916, 0.0 ], [ 110.364055, -7.806621, 0.0 ], [ 110.364557999000056, -7.802875, 0.0 ], [ 110.369186, -7.803638, 0.0 ] ] ] } },
{ "type": "Feature", "properties": { }, "geometry": { "type": "Polygon", "coordinates": [ [ [ 110.361116994000042, -7.82425049099993, 0.0 ], [ 110.360913931000084, -7.825858326999935, 0.0 ], [ 110.367270344000076, -7.825569908999967, 0.0 ], [ 110.367475615000046, -7.826771085999951, 0.0 ], [ 110.367148, -7.831151, 0.0 ], [ 110.364778, -7.831151, 0.0 ], [ 110.361757, -7.837259, 0.0 ], [ 110.361808999000061, -7.839657, 0.0 ], [ 110.363421, -7.840265, 0.0 ], [ 110.360009, -7.847447, 0.0 ], [ 110.361978, -7.847574, 0.0 ], [ 110.361468, -7.849985000999936, 0.0 ], [ 110.358980999000039, -7.849665, 0.0 ], [ 110.356929, -7.853937, 0.0 ], [ 110.3587, -7.854225, 0.0 ], [ 110.358211, -7.859116, 0.0 ], [ 110.360959, -7.859973, 0.0 ], [ 110.361523, -7.863524, 0.0 ], [ 110.347866, -7.859882, 0.0 ], [ 110.347988, -7.849944000999926, 0.0 ], [ 110.345843, -7.846750000999975, 0.0 ], [ 110.347343, -7.841937, 0.0 ], [ 110.348769, -7.840591, 0.0 ], [ 110.350391, -7.841854000999945, 0.0 ], [ 110.350817, -7.839128, 0.0 ], [ 110.349447, -7.836037, 0.0 ], [ 110.35254, -7.832917, 0.0 ], [ 110.351779070000077, -7.825741172999926, 0.0 ], [ 110.359139368000058, -7.826039305999927, 0.0 ], [ 110.359344357000055, -7.824484449999943, 0.0 ], [ 110.361116994000042, -7.82425049099993, 0.0 ] ] ] } },
{ "type": "Feature", "properties": { }, "geometry": { "type": "Polygon", "coordinates": [ [ [ 110.34599, -7.969964, 0.0 ], [ 110.346974, -7.973941, 0.0 ], [ 110.346089999000071, -7.976077, 0.0 ], [ 110.341385, -7.975522, 0.0 ], [ 110.335246999000049, -7.976718, 0.0 ], [ 110.329957, -7.979467, 0.0 ], [ 110.328711, -7.976516, 0.0 ], [ 110.326099, -7.975219, 0.0 ], [ 110.326241, -7.973726, 0.0 ], [ 110.323478544000068, -7.973087465999981, 0.0 ], [ 110.325462031000086, -7.971751842999936, 0.0 ], [ 110.325779129000068, -7.968687689999967, 0.0 ], [ 110.321952045000046, -7.967968402999929, 0.0 ], [ 110.32208619000005, -7.96522607199995, 0.0 ], [ 110.320359271000086, -7.964906535999944, 0.0 ], [ 110.323778287000039, -7.957996524999942, 0.0 ], [ 110.327404450000074, -7.958757548999927, 0.0 ], [ 110.325222165000071, -7.957337632999952, 0.0 ], [ 110.328574, -7.947716, 0.0 ], [ 110.333913, -7.948974000999954, 0.0 ], [ 110.334032, -7.949957, 0.0 ], [ 110.337546, -7.948454, 0.0 ], [ 110.337781999000072, -7.956052, 0.0 ], [ 110.338912, -7.956168, 0.0 ], [ 110.338362, -7.960281, 0.0 ], [ 110.339231, -7.960389, 0.0 ], [ 110.337662, -7.970224, 0.0 ], [ 110.343505, -7.971106, 0.0 ], [ 110.34599, -7.969964, 0.0 ] ] ] } },
{ "type": "Feature", "properties": { }, "geometry": { "type": "Polygon", "coordinates": [ [ [ 110.172484560000044, -7.905632255999933, 0.0 ], [ 110.171876991000033, -7.907176162999974, 0.0 ], [ 110.178213614000072, -7.914312201999962, 0.0 ], [ 110.178016651000064, -7.920292549999942, 0.0 ], [ 110.175080263000041, -7.919998007999936, 0.0 ], [ 110.176406338000049, -7.915730405999966, 0.0 ], [ 110.174550263000071, -7.915388009999958, 0.0 ], [ 110.173630263000064, -7.911608010999942, 0.0 ], [ 110.161601014000041, -7.910713869999938, 0.0 ], [ 110.161861854000051, -7.907315230999927, 0.0 ], [ 110.158120100000076, -7.907588011999962, 0.0 ], [ 110.158390268000062, -7.905828011999972, 0.0 ], [ 110.163480267000068, -7.906828011999949, 0.0 ], [ 110.166100266000058, -7.906048011999928, 0.0 ], [ 110.166480266000065, -7.901108014999977, 0.0 ], [ 110.170348686000068, -7.905456776999927, 0.0 ], [ 110.172484560000044, -7.905632255999933, 0.0 ] ] ] } },
{ "type": "Feature", "properties": { }, "geometry": { "type": "Polygon", "coordinates": [ [ [ 110.330850478000059, -8.007466049999948, 0.0 ], [ 110.334704893000037, -8.01900934799994, 0.0 ], [ 110.33976838600006, -8.027387429999976, 0.0 ], [ 110.339001283000073, -8.028066897999963, 0.0 ], [ 110.331031028000041, -8.024721486999965, 0.0 ], [ 110.279137749000085, -8.010461824999936, 0.0 ], [ 110.284694, -8.009458, 0.0 ], [ 110.289618, -8.010307000999944, 0.0 ], [ 110.295319, -8.008368, 0.0 ], [ 110.301203, -8.000305000999958, 0.0 ], [ 110.308085, -7.993944000999932, 0.0 ], [ 110.318388, -7.987519, 0.0 ], [ 110.323048, -8.000384, 0.0 ], [ 110.330850478000059, -8.007466049999948, 0.0 ] ] ] } },
{ "type": "Feature", "properties": { }, "geometry": { "type": "Polygon", "coordinates": [ [ [ 110.355873209000038, -7.901931857999955, 0.0 ], [ 110.354936, -7.911752, 0.0 ], [ 110.359585999000046, -7.913207000999932, 0.0 ], [ 110.358867, -7.916324, 0.0 ], [ 110.357184, -7.917253, 0.0 ], [ 110.356152, -7.922336000999962, 0.0 ], [ 110.354984, -7.9201, 0.0 ], [ 110.354077, -7.924814000999959, 0.0 ], [ 110.355775, -7.925063, 0.0 ], [ 110.355758, -7.926115, 0.0 ], [ 110.353341, -7.92747, 0.0 ], [ 110.352323, -7.932056, 0.0 ], [ 110.350379, -7.931968000999973, 0.0 ], [ 110.350406, -7.935736, 0.0 ], [ 110.348936, -7.935773000999973, 0.0 ], [ 110.347909, -7.937734, 0.0 ], [ 110.349814, -7.944673, 0.0 ], [ 110.339277, -7.943963000999929, 0.0 ], [ 110.341045, -7.942477, 0.0 ], [ 110.33815, -7.938894000999937, 0.0 ], [ 110.338361, -7.93757, 0.0 ], [ 110.335594, -7.93869, 0.0 ], [ 110.333449, -7.941911, 0.0 ], [ 110.332415272000048, -7.940721296999925, 0.0 ], [ 110.334278078000068, -7.934957234999956, 0.0 ], [ 110.336781031000044, -7.930057204999969, 0.0 ], [ 110.339972812000042, -7.927422424999975, 0.0 ], [ 110.339395618000083, -7.925360395999974, 0.0 ], [ 110.342419289000077, -7.923643563999974, 0.0 ], [ 110.345227254000065, -7.924791654999979, 0.0 ], [ 110.347831377000034, -7.921707392999963, 0.0 ], [ 110.348003048000066, -7.919090492999942, 0.0 ], [ 110.344066836000081, -7.916568909999967, 0.0 ], [ 110.346836162000045, -7.913732870999979, 0.0 ], [ 110.34789519900005, -7.910528624999927, 0.0 ], [ 110.344622933000039, -7.907820188999949, 0.0 ], [ 110.344794816000046, -7.90537605399993, 0.0 ], [ 110.350559378000071, -7.906512070999952, 0.0 ], [ 110.35174031400004, -7.903467914999965, 0.0 ], [ 110.352863013000047, -7.90347726899995, 0.0 ], [ 110.352438780000057, -7.901776439999935, 0.0 ], [ 110.354430119000085, -7.902329949999967, 0.0 ], [ 110.354806541000073, -7.899506588999941, 0.0 ], [ 110.355873209000038, -7.901931857999955, 0.0 ] ] ] } },
{ "type": "Feature", "properties": { }, "geometry": { "type": "Polygon", "coordinates": [ [ [ 110.353681, -7.808277, 0.0 ], [ 110.351967, -7.810088, 0.0 ], [ 110.35154207800008, -7.813497063999932, 0.0 ], [ 110.345779393000043, -7.81253606599995, 0.0 ], [ 110.345264525000061, -7.807106540999939, 0.0 ], [ 110.353681, -7.808277, 0.0 ] ] ] } },
{ "type": "Feature", "properties": { }, "geometry": { "type": "Polygon", "coordinates": [ [ [ 110.363043, -7.808760000999939, 0.0 ], [ 110.363894999000081, -7.811483, 0.0 ], [ 110.362831, -7.814035, 0.0 ], [ 110.355851, -7.812938, 0.0 ], [ 110.355906, -7.811202, 0.0 ], [ 110.357673, -7.81148800099993, 0.0 ], [ 110.35877, -7.807799, 0.0 ], [ 110.363043, -7.808760000999939, 0.0 ] ] ] } },
{ "type": "Feature", "properties": { }, "geometry": { "type": "Polygon", "coordinates": [ [ [ 110.333784999000045, -7.847228, 0.0 ], [ 110.332759, -7.849793, 0.0 ], [ 110.335703, -7.850859, 0.0 ], [ 110.335229, -7.855101, 0.0 ], [ 110.337878, -7.855776000999981, 0.0 ], [ 110.339492, -7.849474, 0.0 ], [ 110.343359999000086, -7.850397, 0.0 ], [ 110.346532, -7.848514, 0.0 ], [ 110.347883, -7.849508, 0.0 ], [ 110.348436, -7.857188, 0.0 ], [ 110.347766999000044, -7.860774, 0.0 ], [ 110.346502, -7.861481, 0.0 ], [ 110.347980999000072, -7.864402, 0.0 ], [ 110.34445, -7.874999, 0.0 ], [ 110.346175291000065, -7.879058329999964, 0.0 ], [ 110.342505656000071, -7.881499532999953, 0.0 ], [ 110.341233245000069, -7.881223395999939, 0.0 ], [ 110.341500451000059, -7.879670360999967, 0.0 ], [ 110.336431, -7.879497, 0.0 ], [ 110.336841684000035, -7.874944616999926, 0.0 ], [ 110.333429701000057, -7.874364847999971, 0.0 ], [ 110.331531978000044, -7.872409005999941, 0.0 ], [ 110.33064945700005, -7.870476314999962, 0.0 ], [ 110.332091804000072, -7.869028355999944, 0.0 ], [ 110.330816822000088, -7.869378120999954, 0.0 ], [ 110.330405170000063, -7.865665664999938, 0.0 ], [ 110.328080283000077, -7.865209642999957, 0.0 ], [ 110.327402108000058, -7.861590093999951, 0.0 ], [ 110.326686567000081, -7.863290486999972, 0.0 ], [ 110.324484877000089, -7.862353618999975, 0.0 ], [ 110.324791, -7.860132, 0.0 ], [ 110.327825, -7.859048, 0.0 ], [ 110.328679, -7.856235, 0.0 ], [ 110.326279, -7.84969100099994, 0.0 ], [ 110.321131, -7.849973, 0.0 ], [ 110.321135, -7.846906000999979, 0.0 ], [ 110.317446, -7.846595, 0.0 ], [ 110.317934, -7.844543000999977, 0.0 ], [ 110.321372, -7.844148, 0.0 ], [ 110.323409999000035, -7.845306000999926, 0.0 ], [ 110.324875, -7.848506, 0.0 ], [ 110.329318999000066, -7.848197, 0.0 ], [ 110.329302, -7.850433000999942, 0.0 ], [ 110.331805, -7.849667, 0.0 ], [ 110.331299, -7.846842, 0.0 ], [ 110.333784999000045, -7.847228, 0.0 ] ] ] } },
{ "type": "Feature", "properties": { }, "geometry": { "type": "Polygon", "coordinates": [ [ [ 110.200190254000063, -7.736238054999944, 0.0 ], [ 110.197580979000065, -7.738261370999965, 0.0 ], [ 110.199341806000064, -7.74222156899998, 0.0 ], [ 110.196928395000043, -7.750630568999952, 0.0 ], [ 110.200370255000053, -7.75119817999996, 0.0 ], [ 110.200080255000046, -7.761338049999949, 0.0 ], [ 110.198572673000058, -7.767025558999933, 0.0 ], [ 110.196053914000061, -7.768112222999946, 0.0 ], [ 110.193036663000044, -7.768033550999974, 0.0 ], [ 110.19206878500006, -7.765351936999934, 0.0 ], [ 110.183680260000074, -7.758518048999974, 0.0 ], [ 110.182940261000056, -7.756218049999973, 0.0 ], [ 110.177867330000083, -7.751960380999947, 0.0 ], [ 110.177407096000081, -7.749828463999961, 0.0 ], [ 110.173178922000034, -7.747366691999957, 0.0 ], [ 110.173301135000088, -7.746229901999925, 0.0 ], [ 110.170349547000058, -7.74555927199998, 0.0 ], [ 110.161611089000075, -7.739646439999945, 0.0 ], [ 110.163490267000043, -7.737168054999927, 0.0 ], [ 110.169838662000075, -7.737566170999969, 0.0 ], [ 110.170818724000071, -7.738893506999943, 0.0 ], [ 110.175381424000079, -7.741168950999963, 0.0 ], [ 110.177280962000054, -7.743422512999928, 0.0 ], [ 110.179109880000055, -7.74467350499998, 0.0 ], [ 110.180009067000071, -7.744822880999948, 0.0 ], [ 110.174412214000085, -7.739328260999969, 0.0 ], [ 110.172661852000033, -7.735821036999937, 0.0 ], [ 110.176059278000082, -7.735429070999942, 0.0 ], [ 110.175198736000084, -7.73318259499996, 0.0 ], [ 110.177670262000049, -7.73160805599997, 0.0 ], [ 110.184813334000069, -7.731131066999978, 0.0 ], [ 110.183994513000073, -7.729183083999942, 0.0 ], [ 110.186781397000061, -7.723360271999979, 0.0 ], [ 110.189280719000067, -7.727322663999928, 0.0 ], [ 110.197070322000059, -7.731964394999977, 0.0 ], [ 110.198941990000037, -7.731385456999931, 0.0 ], [ 110.198372219000078, -7.734836445999974, 0.0 ], [ 110.19974598500005, -7.734262286999979, 0.0 ], [ 110.199066185000049, -7.735659141999975, 0.0 ], [ 110.200190254000063, -7.736238054999944, 0.0 ] ] ] } },
{ "type": "Feature", "properties": { }, "geometry": { "type": "Polygon", "coordinates": [ [ [ 110.184516908000035, -7.840111837999928, 0.0 ], [ 110.183630261000076, -7.842198027999927, 0.0 ], [ 110.181470261000072, -7.842368027999953, 0.0 ], [ 110.180540261000033, -7.846548026999926, 0.0 ], [ 110.175810262000084, -7.84650802699997, 0.0 ], [ 110.168400265000059, -7.85237802599994, 0.0 ], [ 110.170280264000041, -7.855388024999968, 0.0 ], [ 110.167390266000041, -7.85664802499997, 0.0 ], [ 110.166980266000053, -7.853808024999978, 0.0 ], [ 110.162290111000061, -7.857472895999933, 0.0 ], [ 110.161414903000036, -7.853825714999971, 0.0 ], [ 110.155066495000085, -7.851866516999962, 0.0 ], [ 110.154593850000083, -7.852926182999965, 0.0 ], [ 110.151100270000086, -7.852948026999968, 0.0 ], [ 110.149873735000085, -7.84645216499996, 0.0 ], [ 110.145032670000035, -7.842452581999964, 0.0 ], [ 110.144703925000044, -7.839846738999938, 0.0 ], [ 110.141310247000035, -7.839148357999932, 0.0 ], [ 110.142795572000068, -7.838130640999964, 0.0 ], [ 110.148107766000066, -7.839300384999945, 0.0 ], [ 110.152160271000071, -7.836868028999959, 0.0 ], [ 110.154570270000079, -7.837048029999949, 0.0 ], [ 110.157792254000071, -7.840262554999981, 0.0 ], [ 110.156342043000052, -7.844343382999966, 0.0 ], [ 110.165955704000055, -7.84540076199994, 0.0 ], [ 110.166431533000036, -7.843361182999956, 0.0 ], [ 110.164078931000063, -7.84372032899995, 0.0 ], [ 110.162633267000047, -7.842946877999964, 0.0 ], [ 110.162970267000048, -7.841688028999954, 0.0 ], [ 110.166833239000084, -7.840374828999927, 0.0 ], [ 110.167124423000075, -7.839010350999956, 0.0 ], [ 110.16910708000006, -7.839132094999968, 0.0 ], [ 110.170690264000086, -7.835398029999965, 0.0 ], [ 110.17213, -7.834865099999945, 0.0 ], [ 110.172725300000081, -7.830576900999972, 0.0 ], [ 110.176728600000047, -7.82993290099995, 0.0 ], [ 110.178180367000039, -7.831658038999933, 0.0 ], [ 110.18046593300005, -7.830546498999979, 0.0 ], [ 110.182060260000071, -7.82521815399997, 0.0 ], [ 110.183800181000038, -7.826734632999944, 0.0 ], [ 110.181919674000085, -7.83510793399995, 0.0 ], [ 110.18516930800007, -7.835620594999966, 0.0 ], [ 110.183681015000047, -7.839960451999957, 0.0 ], [ 110.184516908000035, -7.840111837999928, 0.0 ] ] ] } },
{ "type": "Feature", "properties": { }, "geometry": { "type": "Polygon", "coordinates": [ [ [ 110.144740273000082, -7.918918008999981, 0.0 ], [ 110.15651026900008, -7.923278007999954, 0.0 ], [ 110.154656930000044, -7.922199956999975, 0.0 ], [ 110.155148888000042, -7.920119058999944, 0.0 ], [ 110.157026665000046, -7.919749210999953, 0.0 ], [ 110.156602673000066, -7.925418798999942, 0.0 ], [ 110.15815600600007, -7.927605164999932, 0.0 ], [ 110.157219611000073, -7.934590096999955, 0.0 ], [ 110.158347132000074, -7.934843858999955, 0.0 ], [ 110.159020901000076, -7.932940543999962, 0.0 ], [ 110.160795834000055, -7.933155754999973, 0.0 ], [ 110.162064724000061, -7.935939564999956, 0.0 ], [ 110.161233320000065, -7.939546418999953, 0.0 ], [ 110.160207911000043, -7.93979965799997, 0.0 ], [ 110.154316168000037, -7.937569269999926, 0.0 ], [ 110.149303892000034, -7.949756574999981, 0.0 ], [ 110.128195667000057, -7.940098315999933, 0.0 ], [ 110.133214188000068, -7.928379968999934, 0.0 ], [ 110.14424176600005, -7.933362153999951, 0.0 ], [ 110.14437468400007, -7.930813457999932, 0.0 ], [ 110.14557669800007, -7.929997699999944, 0.0 ], [ 110.145090304000064, -7.92763287799994, 0.0 ], [ 110.139600273000042, -7.92493800799997, 0.0 ], [ 110.140344938000055, -7.92306962899994, 0.0 ], [ 110.142032014000051, -7.92383844099993, 0.0 ], [ 110.141817207000088, -7.924903539999946, 0.0 ], [ 110.144740117000083, -7.925129381999966, 0.0 ], [ 110.14636648700008, -7.922466082999961, 0.0 ], [ 110.144490273000088, -7.921238008999978, 0.0 ], [ 110.144740273000082, -7.918918008999981, 0.0 ] ] ] } },
{ "type": "Feature", "properties": { }, "geometry": { "type": "Polygon", "coordinates": [ [ [ 110.409595, -7.855231000999936, 0.0 ], [ 110.409049, -7.85971, 0.0 ], [ 110.420916, -7.862682000999939, 0.0 ], [ 110.419081, -7.868087, 0.0 ], [ 110.413224, -7.871547, 0.0 ], [ 110.412169, -7.875109, 0.0 ], [ 110.407628, -7.877196, 0.0 ], [ 110.405933, -7.880293, 0.0 ], [ 110.399206, -7.87903, 0.0 ], [ 110.39559, -7.876545000999954, 0.0 ], [ 110.394783, -7.873659000999965, 0.0 ], [ 110.395205, -7.863233, 0.0 ], [ 110.396416, -7.861479, 0.0 ], [ 110.402038, -7.863121, 0.0 ], [ 110.403801, -7.854634, 0.0 ], [ 110.409595, -7.855231000999936, 0.0 ] ] ] } },
{ "type": "Feature", "properties": { }, "geometry": { "type": "Polygon", "coordinates": [ [ [ 110.110007094000082, -7.897441606999962, 0.0 ], [ 110.108564805000071, -7.905406902999971, 0.0 ], [ 110.107447186000059, -7.906831361999934, 0.0 ], [ 110.097910288000037, -7.909668006999937, 0.0 ], [ 110.091400290000081, -7.902778012999931, 0.0 ], [ 110.086903384000038, -7.901657868999962, 0.0 ], [ 110.090786200000082, -7.892387007999957, 0.0 ], [ 110.100474002000055, -7.895896902999937, 0.0 ], [ 110.101979972000038, -7.894327092999958, 0.0 ], [ 110.105804498000055, -7.895552857999974, 0.0 ], [ 110.106262052000034, -7.894325784999978, 0.0 ], [ 110.10382222800007, -7.893267971999933, 0.0 ], [ 110.103589491000037, -7.891079514999944, 0.0 ], [ 110.107431881000082, -7.891592184999979, 0.0 ], [ 110.108413043000041, -7.891961433999938, 0.0 ], [ 110.106522530000063, -7.897543241999927, 0.0 ], [ 110.109110429000054, -7.899604938999971, 0.0 ], [ 110.110007094000082, -7.897441606999962, 0.0 ] ] ] } },
{ "type": "Feature", "properties": { }, "geometry": { "type": "Polygon", "coordinates": [ [ [ 110.254752, -7.953093, 0.0 ], [ 110.250146, -7.965356000999975, 0.0 ], [ 110.24751000100008, -7.96726500099993, 0.0 ], [ 110.24406299900005, -7.967429, 0.0 ], [ 110.242565, -7.969164, 0.0 ], [ 110.243757, -7.979153, 0.0 ], [ 110.242298001000051, -7.982339, 0.0 ], [ 110.246813, -7.983744, 0.0 ], [ 110.24184192000007, -7.996446333999927, 0.0 ], [ 110.211499049000054, -7.985540779999951, 0.0 ], [ 110.215693488000056, -7.98172535499998, 0.0 ], [ 110.219393550000063, -7.974372819999928, 0.0 ], [ 110.227876329000082, -7.964129240999966, 0.0 ], [ 110.237259365000057, -7.949514976999978, 0.0 ], [ 110.254752, -7.953093, 0.0 ] ] ] } },
{ "type": "Feature", "properties": { }, "geometry": { "type": "Polygon", "coordinates": [ [ [ 110.430021381000074, -7.835845092999932, 0.0 ], [ 110.428425, -7.835616, 0.0 ], [ 110.428611, -7.839372, 0.0 ], [ 110.426969, -7.83946, 0.0 ], [ 110.427324, -7.842206000999965, 0.0 ], [ 110.429283, -7.84333, 0.0 ], [ 110.427839, -7.846053, 0.0 ], [ 110.417489, -7.844203, 0.0 ], [ 110.416223, -7.841671, 0.0 ], [ 110.415843, -7.843829, 0.0 ], [ 110.411075, -7.84313, 0.0 ], [ 110.410492, -7.848191000999975, 0.0 ], [ 110.407733999000072, -7.847242, 0.0 ], [ 110.408007999000063, -7.844628, 0.0 ], [ 110.405384, -7.84425300099997, 0.0 ], [ 110.405556, -7.840427000999966, 0.0 ], [ 110.408447, -7.840581, 0.0 ], [ 110.407949999000039, -7.834666, 0.0 ], [ 110.410193, -7.833228, 0.0 ], [ 110.412257, -7.833896000999971, 0.0 ], [ 110.412054, -7.835367, 0.0 ], [ 110.415095, -7.835985000999926, 0.0 ], [ 110.416833, -7.831521, 0.0 ], [ 110.419542, -7.832260000999952, 0.0 ], [ 110.42023, -7.828835, 0.0 ], [ 110.423209, -7.824562, 0.0 ], [ 110.422813801000075, -7.822110374999966, 0.0 ], [ 110.428430450000064, -7.823118187999967, 0.0 ], [ 110.427043716000071, -7.82906087799995, 0.0 ], [ 110.430676367000046, -7.83040329399995, 0.0 ], [ 110.430021381000074, -7.835845092999932, 0.0 ] ] ] } },
{ "type": "Feature", "properties": { }, "geometry": { "type": "Polygon", "coordinates": [ [ [ 110.371257, -7.801539, 0.0 ], [ 110.372089, -7.80414, 0.0 ], [ 110.37426, -7.805018, 0.0 ], [ 110.373973, -7.808001, 0.0 ], [ 110.369124, -7.808194000999947, 0.0 ], [ 110.369186, -7.803638, 0.0 ], [ 110.364557999000056, -7.802875, 0.0 ], [ 110.364742, -7.801397, 0.0 ], [ 110.371257, -7.801539, 0.0 ] ] ] } },
{ "type": "Feature", "properties": { }, "geometry": { "type": "Polygon", "coordinates": [ [ [ 110.400802, -7.820579, 0.0 ], [ 110.399459096000044, -7.827888472999973, 0.0 ], [ 110.39413539700007, -7.827287732999935, 0.0 ], [ 110.39014, -7.825119000999962, 0.0 ], [ 110.390373, -7.822511, 0.0 ], [ 110.392756, -7.823428, 0.0 ], [ 110.392054, -7.82525500099996, 0.0 ], [ 110.393379, -7.825714, 0.0 ], [ 110.394503, -7.823316, 0.0 ], [ 110.393985999000051, -7.816825, 0.0 ], [ 110.391975, -7.815806, 0.0 ], [ 110.393361999000035, -7.813807, 0.0 ], [ 110.397118, -7.814789, 0.0 ], [ 110.398182, -7.816219, 0.0 ], [ 110.397531, -7.819711, 0.0 ], [ 110.400802, -7.820579, 0.0 ] ] ] } },
{ "type": "Feature", "properties": { }, "geometry": { "type": "Polygon", "coordinates": [ [ [ 110.355268, -7.788511, 0.0 ], [ 110.362100999000063, -7.789776, 0.0 ], [ 110.361998, -7.796072, 0.0 ], [ 110.355353999000044, -7.795617, 0.0 ], [ 110.355493, -7.79177200099997, 0.0 ], [ 110.357015, -7.79021, 0.0 ], [ 110.355268, -7.788511, 0.0 ] ] ] } },
{ "type": "Feature", "properties": { }, "geometry": { "type": "Polygon", "coordinates": [ [ [ 110.405076512000051, -7.830461209999953, 0.0 ], [ 110.40356599900008, -7.833092601999965, 0.0 ], [ 110.401911956000049, -7.833098525999958, 0.0 ], [ 110.401982135000083, -7.831759069999976, 0.0 ], [ 110.400575363000087, -7.831361581999943, 0.0 ], [ 110.400052803000051, -7.833535250999944, 0.0 ], [ 110.396893374000058, -7.832227187999933, 0.0 ], [ 110.399366587000088, -7.828835134999963, 0.0 ], [ 110.401368526000056, -7.819263287999945, 0.0 ], [ 110.403724826000087, -7.819681773999946, 0.0 ], [ 110.403517870000087, -7.822374572999934, 0.0 ], [ 110.401397981000059, -7.822651036999957, 0.0 ], [ 110.404826196000045, -7.822508927999934, 0.0 ], [ 110.405076512000051, -7.830461209999953, 0.0 ] ] ] } },
{ "type": "Feature", "properties": { }, "geometry": { "type": "Polygon", "coordinates": [ [ [ 110.20608547900008, -7.684145916999967, 0.0 ], [ 110.205719342000066, -7.690865636999945, 0.0 ], [ 110.206874785000082, -7.694321798999965, 0.0 ], [ 110.205479394000065, -7.696196144999931, 0.0 ], [ 110.207622659000037, -7.697343196999952, 0.0 ], [ 110.204639206000081, -7.70385400999993, 0.0 ], [ 110.206417748000035, -7.706074360999935, 0.0 ], [ 110.209264571000062, -7.705715322999936, 0.0 ], [ 110.211863236000056, -7.710247202999938, 0.0 ], [ 110.209789851000039, -7.713659765999978, 0.0 ], [ 110.206773532000057, -7.715653073999931, 0.0 ], [ 110.201455257000077, -7.71631421799998, 0.0 ], [ 110.195021007000037, -7.713107540999943, 0.0 ], [ 110.193363298000065, -7.715034700999979, 0.0 ], [ 110.187068671000077, -7.715428378999945, 0.0 ], [ 110.191005517000065, -7.71134387099994, 0.0 ], [ 110.191175907000058, -7.709585662999928, 0.0 ], [ 110.183936092000067, -7.706320976999962, 0.0 ], [ 110.185288774000071, -7.701267666999968, 0.0 ], [ 110.181034769000064, -7.700063584999953, 0.0 ], [ 110.175214028000084, -7.700518149999937, 0.0 ], [ 110.172537855000087, -7.698146376999944, 0.0 ], [ 110.17070319000004, -7.698487461999946, 0.0 ], [ 110.170377342000052, -7.695871488999956, 0.0 ], [ 110.168210788000067, -7.693970787999945, 0.0 ], [ 110.171068625000089, -7.692655950999949, 0.0 ], [ 110.174116445000038, -7.69363171599997, 0.0 ], [ 110.176445472000069, -7.692338586999938, 0.0 ], [ 110.180933915000082, -7.692988272999969, 0.0 ], [ 110.183860260000074, -7.68797806699996, 0.0 ], [ 110.185713796000073, -7.687908835999963, 0.0 ], [ 110.187722121000036, -7.685946328999933, 0.0 ], [ 110.188278601000036, -7.683452650999925, 0.0 ], [ 110.194277302000046, -7.682919210999955, 0.0 ], [ 110.195807174000038, -7.681740383999966, 0.0 ], [ 110.20608547900008, -7.684145916999967, 0.0 ] ] ] } },
{ "type": "Feature", "properties": { }, "geometry": { "type": "Polygon", "coordinates": [ [ [ 110.369791, -7.797306, 0.0 ], [ 110.376765999000042, -7.797192000999928, 0.0 ], [ 110.376773, -7.80169700099998, 0.0 ], [ 110.371257, -7.801539, 0.0 ], [ 110.369791, -7.797306, 0.0 ] ] ] } },
{ "type": "Feature", "properties": { }, "geometry": { "type": "Polygon", "coordinates": [ [ [ 110.167959243000041, -7.711878467999952, 0.0 ], [ 110.173135365000064, -7.715426641999954, 0.0 ], [ 110.174812580000037, -7.718322039999975, 0.0 ], [ 110.180119270000034, -7.719165983999972, 0.0 ], [ 110.18327359500006, -7.717950395999935, 0.0 ], [ 110.183580261000088, -7.720238058999939, 0.0 ], [ 110.189729157000045, -7.719767948999959, 0.0 ], [ 110.191385801000081, -7.721643250999932, 0.0 ], [ 110.189890258000048, -7.72330805799993, 0.0 ], [ 110.18641025800008, -7.723558057999981, 0.0 ], [ 110.183994513000073, -7.729183083999942, 0.0 ], [ 110.184813334000069, -7.731131066999978, 0.0 ], [ 110.177670262000049, -7.73160805599997, 0.0 ], [ 110.175198736000084, -7.73318259499996, 0.0 ], [ 110.176059278000082, -7.735429070999942, 0.0 ], [ 110.172661852000033, -7.735821036999937, 0.0 ], [ 110.174412214000085, -7.739328260999969, 0.0 ], [ 110.180009067000071, -7.744822880999948, 0.0 ], [ 110.169838662000075, -7.737566170999969, 0.0 ], [ 110.163000267000086, -7.737838054999941, 0.0 ], [ 110.158479383000042, -7.73580289299997, 0.0 ], [ 110.156104870000036, -7.736343543999965, 0.0 ], [ 110.147415513000055, -7.730151749999948, 0.0 ], [ 110.142010158000062, -7.728911669999945, 0.0 ], [ 110.136710275000041, -7.736388054999964, 0.0 ], [ 110.136140275000059, -7.740998053999931, 0.0 ], [ 110.132080276000067, -7.744828052999935, 0.0 ], [ 110.129122984000048, -7.743760857999973, 0.0 ], [ 110.130082942000058, -7.739494259999958, 0.0 ], [ 110.131594628000073, -7.738930660999927, 0.0 ], [ 110.131318942000064, -7.736882761999937, 0.0 ], [ 110.129335018000063, -7.733277148999946, 0.0 ], [ 110.123502758000086, -7.730715399999951, 0.0 ], [ 110.124571021000065, -7.728305857999942, 0.0 ], [ 110.127288441000076, -7.728106811999965, 0.0 ], [ 110.129477370000075, -7.724258195999937, 0.0 ], [ 110.134422635000078, -7.721143124999969, 0.0 ], [ 110.131481815000086, -7.714712474999942, 0.0 ], [ 110.127238616000056, -7.71602272399997, 0.0 ], [ 110.130155057000081, -7.710019016999979, 0.0 ], [ 110.133102823000058, -7.709906479999972, 0.0 ], [ 110.134632570000065, -7.711750309999957, 0.0 ], [ 110.139900967000074, -7.706567794999955, 0.0 ], [ 110.142831602000058, -7.70746678699993, 0.0 ], [ 110.143466836000073, -7.706297622999955, 0.0 ], [ 110.144329976000051, -7.708269600999927, 0.0 ], [ 110.140085753000051, -7.712440922999974, 0.0 ], [ 110.140240274000064, -7.716408059999935, 0.0 ], [ 110.146890275000032, -7.715010401999962, 0.0 ], [ 110.151751291000039, -7.720175784999981, 0.0 ], [ 110.156556089000048, -7.718215707999946, 0.0 ], [ 110.163120030000073, -7.721343746999935, 0.0 ], [ 110.163842809000073, -7.71809792199997, 0.0 ], [ 110.166074858000059, -7.716471798999976, 0.0 ], [ 110.165836658000046, -7.712820687999965, 0.0 ], [ 110.167959243000041, -7.711878467999952, 0.0 ] ] ] } },
{ "type": "Feature", "properties": { }, "geometry": { "type": "Polygon", "coordinates": [ [ [ 110.402260455000089, -7.802432637999971, 0.0 ], [ 110.400962, -7.820623, 0.0 ], [ 110.397531, -7.819711, 0.0 ], [ 110.398182, -7.816219, 0.0 ], [ 110.397118, -7.814789, 0.0 ], [ 110.394325, -7.814505, 0.0 ], [ 110.394562, -7.813509, 0.0 ], [ 110.393361999000035, -7.813807, 0.0 ], [ 110.394395999000039, -7.809849000999975, 0.0 ], [ 110.396846, -7.806638, 0.0 ], [ 110.39752160900008, -7.802250374999971, 0.0 ], [ 110.402260455000089, -7.802432637999971, 0.0 ] ] ] } },
{ "type": "Feature", "properties": { }, "geometry": { "type": "Polygon", "coordinates": [ [ [ 110.315426574000071, -7.878083062999963, 0.0 ], [ 110.32033963400005, -7.878831011999978, 0.0 ], [ 110.319189683000047, -7.882600276999938, 0.0 ], [ 110.321033294000074, -7.882432173999973, 0.0 ], [ 110.32035929400007, -7.884434623999937, 0.0 ], [ 110.321366959000045, -7.884673179999936, 0.0 ], [ 110.321776023000041, -7.883209956999963, 0.0 ], [ 110.322859593000032, -7.883347391999962, 0.0 ], [ 110.322907340000086, -7.884980800999926, 0.0 ], [ 110.325524536000046, -7.885071176999929, 0.0 ], [ 110.325060692000079, -7.886933505999934, 0.0 ], [ 110.326146445000063, -7.887805894999929, 0.0 ], [ 110.324719626000046, -7.893382377999956, 0.0 ], [ 110.325921478000055, -7.893536779999977, 0.0 ], [ 110.324176286000068, -7.894921097999941, 0.0 ], [ 110.326796434000073, -7.89556244399995, 0.0 ], [ 110.326484163000089, -7.896924407999961, 0.0 ], [ 110.323656116000052, -7.896034344999975, 0.0 ], [ 110.322876124000061, -7.897464190999926, 0.0 ], [ 110.319064547000039, -7.89564332499998, 0.0 ], [ 110.319881772000087, -7.900068501999954, 0.0 ], [ 110.317860511000049, -7.899943726999936, 0.0 ], [ 110.317842794000057, -7.896067982999966, 0.0 ], [ 110.315763962000062, -7.893312457999969, 0.0 ], [ 110.313003842000057, -7.896170146999964, 0.0 ], [ 110.309563141000069, -7.895465680999962, 0.0 ], [ 110.310945125000046, -7.89288335599997, 0.0 ], [ 110.309494187000041, -7.890788929999928, 0.0 ], [ 110.31122, -7.887841, 0.0 ], [ 110.310417207000057, -7.885420155999952, 0.0 ], [ 110.308962226000062, -7.885045901999945, 0.0 ], [ 110.311050184000067, -7.883376451999936, 0.0 ], [ 110.309759410000083, -7.882769136999968, 0.0 ], [ 110.309834400000057, -7.880967215999931, 0.0 ], [ 110.31277031500008, -7.88206331899994, 0.0 ], [ 110.315426574000071, -7.878083062999963, 0.0 ] ] ] } },
{ "type": "Feature", "properties": { }, "geometry": { "type": "Polygon", "coordinates": [ [ [ 110.363739851000048, -7.887044934999949, 0.0 ], [ 110.361831724000069, -7.896567782999966, 0.0 ], [ 110.358008607000045, -7.898027995999939, 0.0 ], [ 110.357694908000042, -7.902035832999957, 0.0 ], [ 110.355828889000065, -7.901925268999946, 0.0 ], [ 110.354806541000073, -7.899506588999941, 0.0 ], [ 110.354430119000085, -7.902329949999967, 0.0 ], [ 110.352726276000055, -7.902117912999927, 0.0 ], [ 110.35233340800005, -7.900255312999946, 0.0 ], [ 110.348081369000056, -7.898969387999955, 0.0 ], [ 110.346443027000078, -7.896613804999959, 0.0 ], [ 110.348063149000041, -7.89597667399994, 0.0 ], [ 110.348020513000051, -7.893943408999974, 0.0 ], [ 110.350095748000058, -7.891281144999937, 0.0 ], [ 110.348988366000071, -7.890396335999981, 0.0 ], [ 110.349364503000061, -7.886156828999958, 0.0 ], [ 110.351155062000089, -7.886126101999935, 0.0 ], [ 110.35150771900004, -7.887773150999976, 0.0 ], [ 110.353452409000056, -7.887412395999945, 0.0 ], [ 110.353446376000079, -7.885114941999973, 0.0 ], [ 110.355207752000069, -7.885328253999944, 0.0 ], [ 110.355383977000088, -7.883122019999973, 0.0 ], [ 110.356473252000058, -7.883372583999972, 0.0 ], [ 110.356473673000039, -7.88620610299995, 0.0 ], [ 110.359366488000035, -7.885796518999939, 0.0 ], [ 110.359359531000052, -7.882517856999925, 0.0 ], [ 110.361245282000084, -7.881443806999926, 0.0 ], [ 110.361191103000067, -7.883906901999978, 0.0 ], [ 110.363739851000048, -7.887044934999949, 0.0 ] ] ] } },
{ "type": "Feature", "properties": { }, "geometry": { "type": "Polygon", "coordinates": [ [ [ 110.242358983000088, -7.856689177999954, 0.0 ], [ 110.238020243000051, -7.86084802299996, 0.0 ], [ 110.234710244000041, -7.87116802099996, 0.0 ], [ 110.232083200000034, -7.870674099999974, 0.0 ], [ 110.229210300000034, -7.880070699999976, 0.0 ], [ 110.227111796000088, -7.879773841999963, 0.0 ], [ 110.23170024500007, -7.858818023999959, 0.0 ], [ 110.217300758000079, -7.850230573999966, 0.0 ], [ 110.216694656000072, -7.844970020999938, 0.0 ], [ 110.21825025000004, -7.844698027999925, 0.0 ], [ 110.219876081000052, -7.839022350999926, 0.0 ], [ 110.222447259000035, -7.838872761999937, 0.0 ], [ 110.231803018000051, -7.84468745199996, 0.0 ], [ 110.236483552000038, -7.851881288999948, 0.0 ], [ 110.242358983000088, -7.856689177999954, 0.0 ] ] ] } },
{ "type": "Feature", "properties": { }, "geometry": { "type": "Polygon", "coordinates": [ [ [ 110.421817, -7.878577, 0.0 ], [ 110.425634, -7.885285000999943, 0.0 ], [ 110.42176, -7.893161000999953, 0.0 ], [ 110.41556, -7.891081, 0.0 ], [ 110.409905, -7.895268000999977, 0.0 ], [ 110.39883, -7.897100000999956, 0.0 ], [ 110.395658, -7.896714, 0.0 ], [ 110.393583, -7.894788, 0.0 ], [ 110.395252999000036, -7.887495, 0.0 ], [ 110.396998, -7.886258000999931, 0.0 ], [ 110.394598, -7.883216000999937, 0.0 ], [ 110.394907, -7.880293, 0.0 ], [ 110.3939, -7.88015300099994, 0.0 ], [ 110.39486, -7.876214000999937, 0.0 ], [ 110.399206, -7.87903, 0.0 ], [ 110.404641, -7.880528, 0.0 ], [ 110.405933, -7.880293, 0.0 ], [ 110.407628, -7.877196, 0.0 ], [ 110.411519, -7.875514000999942, 0.0 ], [ 110.419416999000077, -7.877038, 0.0 ], [ 110.421817, -7.878577, 0.0 ] ] ] } },
{ "type": "Feature", "properties": { }, "geometry": { "type": "Polygon", "coordinates": [ [ [ 110.36709589600008, -7.973219198999971, 0.0 ], [ 110.365645818000075, -7.972452813999951, 0.0 ], [ 110.364655962000086, -7.973347491999959, 0.0 ], [ 110.362866607000058, -7.981494765999969, 0.0 ], [ 110.360992426000053, -7.982401816999925, 0.0 ], [ 110.358438942000078, -7.981859220999979, 0.0 ], [ 110.355233297000041, -7.978391948999956, 0.0 ], [ 110.352968050000072, -7.978277734999949, 0.0 ], [ 110.350531482000065, -7.974527703999968, 0.0 ], [ 110.34824719900007, -7.97433734699996, 0.0 ], [ 110.34824719900007, -7.975803094999947, 0.0 ], [ 110.352625407000062, -7.98069526699993, 0.0 ], [ 110.350337952000075, -7.984055065999939, 0.0 ], [ 110.349505141000066, -7.988159635999978, 0.0 ], [ 110.350718666000034, -7.989753874999963, 0.0 ], [ 110.35340745700006, -7.987767024999926, 0.0 ], [ 110.352419980000036, -7.99354911599994, 0.0 ], [ 110.341498254000044, -7.991574162999939, 0.0 ], [ 110.333717417000059, -7.995750116999943, 0.0 ], [ 110.331528313000035, -7.99908136199997, 0.0 ], [ 110.330850478000059, -8.007466049999948, 0.0 ], [ 110.323993999000038, -8.001871, 0.0 ], [ 110.320326, -7.994712, 0.0 ], [ 110.318388, -7.987519, 0.0 ], [ 110.322219, -7.984153, 0.0 ], [ 110.32753, -7.984217, 0.0 ], [ 110.329957, -7.979467, 0.0 ], [ 110.333264, -7.977537, 0.0 ], [ 110.341385, -7.975522, 0.0 ], [ 110.346089999000071, -7.976077, 0.0 ], [ 110.346974, -7.973941, 0.0 ], [ 110.346295, -7.968753, 0.0 ], [ 110.349704, -7.966066, 0.0 ], [ 110.352642999000068, -7.959453, 0.0 ], [ 110.359532001000048, -7.957969, 0.0 ], [ 110.360312001000068, -7.960346998999967, 0.0 ], [ 110.364028002000055, -7.962464998999963, 0.0 ], [ 110.364441003000081, -7.967199998999945, 0.0 ], [ 110.36709589600008, -7.973219198999971, 0.0 ] ] ] } },
{ "type": "Feature", "properties": { }, "geometry": { "type": "Polygon", "coordinates": [ [ [ 110.427462002000084, -7.947094998999944, 0.0 ], [ 110.424953002000052, -7.954337, 0.0 ], [ 110.428051003000064, -7.958366998999963, 0.0 ], [ 110.430219002000058, -7.958804, 0.0 ], [ 110.430464002000065, -7.962166998999976, 0.0 ], [ 110.431830598000033, -7.962989003999951, 0.0 ], [ 110.430072104000033, -7.966018751999968, 0.0 ], [ 110.421201473000053, -7.973271348999958, 0.0 ], [ 110.409019476000083, -7.971660584999938, 0.0 ], [ 110.404649943000038, -7.968264962999967, 0.0 ], [ 110.396988078000049, -7.967141856999945, 0.0 ], [ 110.395741241000053, -7.968207855999935, 0.0 ], [ 110.396369418000063, -7.973823383999957, 0.0 ], [ 110.39931043200005, -7.979086751999944, 0.0 ], [ 110.395569919000081, -7.981037909999941, 0.0 ], [ 110.373298164000062, -7.97898205499996, 0.0 ], [ 110.367416137000077, -7.973766276999982, 0.0 ], [ 110.364873002000081, -7.968676998999968, 0.0 ], [ 110.364028002000055, -7.962464998999963, 0.0 ], [ 110.360312001000068, -7.960346998999967, 0.0 ], [ 110.359532001000048, -7.957969, 0.0 ], [ 110.367048002000047, -7.955674998999939, 0.0 ], [ 110.37077600300006, -7.953221998999936, 0.0 ], [ 110.375304002000064, -7.957209998999929, 0.0 ], [ 110.375912001000074, -7.94762499899997, 0.0 ], [ 110.379443001000084, -7.947335000999942, 0.0 ], [ 110.38325300200006, -7.951615998999955, 0.0 ], [ 110.388162002000058, -7.951529000999926, 0.0 ], [ 110.394921002000046, -7.946037998999941, 0.0 ], [ 110.41115, -7.943461998999965, 0.0 ], [ 110.414870001000054, -7.945820998999977, 0.0 ], [ 110.426046002000078, -7.94540799899994, 0.0 ], [ 110.427462002000084, -7.947094998999944, 0.0 ] ] ] } },
{ "type": "Feature", "properties": { }, "geometry": { "type": "Polygon", "coordinates": [ [ [ 110.387783, -7.794358, 0.0 ], [ 110.386692999000047, -7.80193, 0.0 ], [ 110.38051099900008, -7.801796000999957, 0.0 ], [ 110.380154, -7.793954, 0.0 ], [ 110.387783, -7.794358, 0.0 ] ] ] } },
{ "type": "Feature", "properties": { }, "geometry": { "type": "Polygon", "coordinates": [ [ [ 110.168376828000078, -7.813610137999945, 0.0 ], [ 110.168534163000061, -7.817996307999977, 0.0 ], [ 110.167366659000038, -7.819603659999927, 0.0 ], [ 110.167244068000059, -7.817402861999938, 0.0 ], [ 110.165246393000075, -7.817221038999946, 0.0 ], [ 110.164647090000074, -7.81963671799997, 0.0 ], [ 110.160815410000055, -7.821526902999949, 0.0 ], [ 110.162828492000074, -7.824671573999979, 0.0 ], [ 110.167100265000045, -7.822948033999978, 0.0 ], [ 110.170040265000068, -7.824078032999978, 0.0 ], [ 110.171840264000082, -7.821978032999937, 0.0 ], [ 110.176852328000052, -7.822475137999959, 0.0 ], [ 110.180416173000083, -7.819245422999927, 0.0 ], [ 110.181331537000062, -7.820533482999963, 0.0 ], [ 110.180301477000057, -7.822051028999965, 0.0 ], [ 110.180699359000073, -7.825198069999942, 0.0 ], [ 110.182060260000071, -7.82521815399997, 0.0 ], [ 110.181449132000068, -7.828978014999961, 0.0 ], [ 110.178180367000039, -7.831658038999933, 0.0 ], [ 110.176728600000047, -7.82993290099995, 0.0 ], [ 110.172574200000042, -7.830685, 0.0 ], [ 110.17213, -7.834865099999945, 0.0 ], [ 110.170690264000086, -7.835398029999965, 0.0 ], [ 110.16910708000006, -7.839132094999968, 0.0 ], [ 110.167124423000075, -7.839010350999956, 0.0 ], [ 110.166833239000084, -7.840374828999927, 0.0 ], [ 110.162870266000084, -7.841818028999967, 0.0 ], [ 110.162646687000063, -7.842968385999939, 0.0 ], [ 110.164078931000063, -7.84372032899995, 0.0 ], [ 110.166431533000036, -7.843361182999956, 0.0 ], [ 110.165955704000055, -7.84540076199994, 0.0 ], [ 110.156711416000064, -7.844463866999945, 0.0 ], [ 110.157792254000071, -7.840262554999981, 0.0 ], [ 110.156350269000086, -7.837838029999944, 0.0 ], [ 110.152160271000071, -7.836868028999959, 0.0 ], [ 110.145980273000077, -7.839488028999938, 0.0 ], [ 110.142795572000068, -7.838130640999964, 0.0 ], [ 110.149468139000078, -7.827843905999941, 0.0 ], [ 110.147145127000044, -7.826371725999934, 0.0 ], [ 110.146829040000057, -7.823749946999953, 0.0 ], [ 110.143880273000036, -7.824058032999972, 0.0 ], [ 110.143460347000087, -7.820021868999959, 0.0 ], [ 110.141170274000046, -7.817448033999938, 0.0 ], [ 110.141650274000085, -7.815028034999955, 0.0 ], [ 110.135940275000053, -7.81143803599997, 0.0 ], [ 110.130470277000086, -7.803848038999945, 0.0 ], [ 110.132470276000049, -7.801638037999965, 0.0 ], [ 110.143517657000075, -7.798641578999934, 0.0 ], [ 110.144121928000061, -7.803584876999935, 0.0 ], [ 110.146500271000036, -7.803578038999945, 0.0 ], [ 110.150710270000047, -7.807058036999933, 0.0 ], [ 110.154070269000044, -7.807798036999941, 0.0 ], [ 110.15451026900007, -7.811288035999951, 0.0 ], [ 110.161482696000064, -7.811640242999943, 0.0 ], [ 110.163220537000086, -7.815473784999938, 0.0 ], [ 110.164768053000046, -7.815665718999981, 0.0 ], [ 110.166232850000085, -7.813429194999969, 0.0 ], [ 110.168376828000078, -7.813610137999945, 0.0 ] ] ] } },
{ "type": "Feature", "properties": { }, "geometry": { "type": "Polygon", "coordinates": [ [ [ 110.306122, -7.85459, 0.0 ], [ 110.305758, -7.859216, 0.0 ], [ 110.307582, -7.861959000999946, 0.0 ], [ 110.306594, -7.864197, 0.0 ], [ 110.303957, -7.868836, 0.0 ], [ 110.302638, -7.868122000999961, 0.0 ], [ 110.301105, -7.871764, 0.0 ], [ 110.297597, -7.870381, 0.0 ], [ 110.296158, -7.871021, 0.0 ], [ 110.294675, -7.875415000999965, 0.0 ], [ 110.301564, -7.877238, 0.0 ], [ 110.299883, -7.882434000999979, 0.0 ], [ 110.298524, -7.882995, 0.0 ], [ 110.295288999000036, -7.889319000999933, 0.0 ], [ 110.295676, -7.892098, 0.0 ], [ 110.29435, -7.89186, 0.0 ], [ 110.293844999000044, -7.898814, 0.0 ], [ 110.289767, -7.900196, 0.0 ], [ 110.284715, -7.896831, 0.0 ], [ 110.284666, -7.900934, 0.0 ], [ 110.281029, -7.903232, 0.0 ], [ 110.281772999000054, -7.906695000999946, 0.0 ], [ 110.280363, -7.910007, 0.0 ], [ 110.273334530000056, -7.909577630999934, 0.0 ], [ 110.273741613000084, -7.893165400999976, 0.0 ], [ 110.266849853000053, -7.881788513999936, 0.0 ], [ 110.267498999000054, -7.879738, 0.0 ], [ 110.268966, -7.87788, 0.0 ], [ 110.270203, -7.880029, 0.0 ], [ 110.273289, -7.879831, 0.0 ], [ 110.27503, -7.882670000999951, 0.0 ], [ 110.280426, -7.88091, 0.0 ], [ 110.280583, -7.879163, 0.0 ], [ 110.283033, -7.877781, 0.0 ], [ 110.285242, -7.871862, 0.0 ], [ 110.282385, -7.870237, 0.0 ], [ 110.285454, -7.866644, 0.0 ], [ 110.283575, -7.862437, 0.0 ], [ 110.287882, -7.860941, 0.0 ], [ 110.285598, -7.859449, 0.0 ], [ 110.287824, -7.849752000999956, 0.0 ], [ 110.290248, -7.851497, 0.0 ], [ 110.298337, -7.852012000999935, 0.0 ], [ 110.30161, -7.854428, 0.0 ], [ 110.306122, -7.85459, 0.0 ] ] ] } },
{ "type": "Feature", "properties": { }, "geometry": { "type": "Polygon", "coordinates": [ [ [ 110.233963981000045, -7.822392777999937, 0.0 ], [ 110.230511209000042, -7.830222232999972, 0.0 ], [ 110.22731882000005, -7.833166216999928, 0.0 ], [ 110.221757410000066, -7.835356157999968, 0.0 ], [ 110.221200616000033, -7.836783834999949, 0.0 ], [ 110.222447259000035, -7.838872761999937, 0.0 ], [ 110.219876081000052, -7.839022350999926, 0.0 ], [ 110.216296038000053, -7.848138436999932, 0.0 ], [ 110.214861902000052, -7.846617959999946, 0.0 ], [ 110.210428410000077, -7.847508295999944, 0.0 ], [ 110.210159068000053, -7.844179167999926, 0.0 ], [ 110.2081, -7.841095, 0.0 ], [ 110.203817233000052, -7.839300770999955, 0.0 ], [ 110.205402616000072, -7.834815296999977, 0.0 ], [ 110.207476695000082, -7.833902899999941, 0.0 ], [ 110.206023324000057, -7.831881789999954, 0.0 ], [ 110.205620253000063, -7.824148032999972, 0.0 ], [ 110.20892733800008, -7.821432696999977, 0.0 ], [ 110.211436244000083, -7.820656987999939, 0.0 ], [ 110.211322434000067, -7.821811637999929, 0.0 ], [ 110.214797469000075, -7.823021800999925, 0.0 ], [ 110.215786380000054, -7.822727266999948, 0.0 ], [ 110.215848907000066, -7.820063296999933, 0.0 ], [ 110.219426096000063, -7.819709526999929, 0.0 ], [ 110.223903343000075, -7.821572166999943, 0.0 ], [ 110.233963981000045, -7.822392777999937, 0.0 ] ] ] } },
{ "type": "Feature", "properties": { }, "geometry": { "type": "Polygon", "coordinates": [ [ [ 110.209725899000034, -7.650735433999955, 0.0 ], [ 110.211668215000088, -7.663793256999952, 0.0 ], [ 110.210850916000084, -7.664535774999933, 0.0 ], [ 110.21628325000006, -7.668803682999965, 0.0 ], [ 110.219812687000058, -7.675419008999938, 0.0 ], [ 110.210249427000065, -7.679064320999942, 0.0 ], [ 110.208699436000074, -7.682546166999941, 0.0 ], [ 110.208857606000038, -7.68676623999994, 0.0 ], [ 110.203252299000042, -7.682682177999936, 0.0 ], [ 110.195807174000038, -7.681740383999966, 0.0 ], [ 110.194277302000046, -7.682919210999955, 0.0 ], [ 110.188245230000064, -7.683466500999941, 0.0 ], [ 110.187297362000038, -7.686202599999945, 0.0 ], [ 110.183926724000059, -7.686066282999946, 0.0 ], [ 110.177241083000069, -7.679273271999932, 0.0 ], [ 110.181469383000035, -7.67700519999994, 0.0 ], [ 110.179230261000043, -7.672788070999957, 0.0 ], [ 110.180350260000068, -7.669848072999969, 0.0 ], [ 110.183110260000035, -7.667478071999938, 0.0 ], [ 110.187520259000053, -7.667278073999967, 0.0 ], [ 110.188100259000066, -7.666238072999931, 0.0 ], [ 110.187782143000049, -7.656296440999938, 0.0 ], [ 110.183609025000067, -7.650627801999974, 0.0 ], [ 110.184121678000054, -7.646571126999959, 0.0 ], [ 110.190411357000073, -7.645964470999957, 0.0 ], [ 110.192610943000034, -7.649027269999976, 0.0 ], [ 110.196602583000072, -7.650214475999974, 0.0 ], [ 110.198772053000084, -7.65313330999993, 0.0 ], [ 110.201536727000075, -7.653879304999975, 0.0 ], [ 110.209725899000034, -7.650735433999955, 0.0 ] ] ] } },
{ "type": "Feature", "properties": { }, "geometry": { "type": "Polygon", "coordinates": [ [ [ 110.152101500000072, -7.769645361999949, 0.0 ], [ 110.159149768000077, -7.77369854899996, 0.0 ], [ 110.160419708000063, -7.775791175999927, 0.0 ], [ 110.157630268000048, -7.782028042999968, 0.0 ], [ 110.16282026600004, -7.784248042999934, 0.0 ], [ 110.162230267000041, -7.785708041999953, 0.0 ], [ 110.170802024000068, -7.788532566999947, 0.0 ], [ 110.168789553000067, -7.78941221599996, 0.0 ], [ 110.170499410000048, -7.790636995999932, 0.0 ], [ 110.171094762000052, -7.794692790999932, 0.0 ], [ 110.170711137000069, -7.798307934999968, 0.0 ], [ 110.168788987000084, -7.801130558999944, 0.0 ], [ 110.170940313000074, -7.800712378999947, 0.0 ], [ 110.171556068000086, -7.803210428999932, 0.0 ], [ 110.168250988000068, -7.80608558199998, 0.0 ], [ 110.169935723000037, -7.809478481999975, 0.0 ], [ 110.168376828000078, -7.813610137999945, 0.0 ], [ 110.166232850000085, -7.813429194999969, 0.0 ], [ 110.164768053000046, -7.815665718999981, 0.0 ], [ 110.163008546000071, -7.815250098999968, 0.0 ], [ 110.161482696000064, -7.811640242999943, 0.0 ], [ 110.15451026900007, -7.811288035999951, 0.0 ], [ 110.154070269000044, -7.807798036999941, 0.0 ], [ 110.150710270000047, -7.807058036999933, 0.0 ], [ 110.146500271000036, -7.803578038999945, 0.0 ], [ 110.144121928000061, -7.803584876999935, 0.0 ], [ 110.143130273000054, -7.801588038999967, 0.0 ], [ 110.144267615000047, -7.799710682999944, 0.0 ], [ 110.141230274000065, -7.793418040999939, 0.0 ], [ 110.135522, -7.790282257999934, 0.0 ], [ 110.133940276000033, -7.786928041999943, 0.0 ], [ 110.129960277000066, -7.784018042999946, 0.0 ], [ 110.132845665000048, -7.78131290999994, 0.0 ], [ 110.131644278000067, -7.779402305999952, 0.0 ], [ 110.133058644000073, -7.777814570999965, 0.0 ], [ 110.137680275000037, -7.780558044999964, 0.0 ], [ 110.140385061000075, -7.779185785999971, 0.0 ], [ 110.139469074000033, -7.778546726999934, 0.0 ], [ 110.140588439000055, -7.774546249999958, 0.0 ], [ 110.137540275000049, -7.767788046999954, 0.0 ], [ 110.138170332000072, -7.762200099999973, 0.0 ], [ 110.141064147000066, -7.761792776999926, 0.0 ], [ 110.144768139000064, -7.758660954999925, 0.0 ], [ 110.148530271000084, -7.761878047999971, 0.0 ], [ 110.152101500000072, -7.769645361999949, 0.0 ] ] ] } },
{ "type": "Feature", "properties": { }, "geometry": { "type": "Polygon", "coordinates": [ [ [ 110.298351482000044, -7.940498873999957, 0.0 ], [ 110.300697672000069, -7.941845808999972, 0.0 ], [ 110.297049488000084, -7.947604903999945, 0.0 ], [ 110.298899303000042, -7.948704096999961, 0.0 ], [ 110.300623991000066, -7.947029285999974, 0.0 ], [ 110.304214673000047, -7.949215612999978, 0.0 ], [ 110.304278905000047, -7.948345066999934, 0.0 ], [ 110.306270631000075, -7.948749247999956, 0.0 ], [ 110.306800949000035, -7.951062738999951, 0.0 ], [ 110.312451825000039, -7.952062396999963, 0.0 ], [ 110.310543564000056, -7.960412775999941, 0.0 ], [ 110.316357721000088, -7.96426030799995, 0.0 ], [ 110.316019136000079, -7.965759884999954, 0.0 ], [ 110.317913666000038, -7.964392980999946, 0.0 ], [ 110.32208619000005, -7.96522607199995, 0.0 ], [ 110.321952045000046, -7.967968402999929, 0.0 ], [ 110.325779129000068, -7.968687689999967, 0.0 ], [ 110.325462031000086, -7.971751842999936, 0.0 ], [ 110.324011958000085, -7.971806915999935, 0.0 ], [ 110.322846229000049, -7.974131152999973, 0.0 ], [ 110.320818210000084, -7.975266971999929, 0.0 ], [ 110.319363507000048, -7.972306655999944, 0.0 ], [ 110.315474173000041, -7.972491699999978, 0.0 ], [ 110.308803696000041, -7.970537394999951, 0.0 ], [ 110.289078, -7.962487, 0.0 ], [ 110.284698, -7.959404, 0.0 ], [ 110.285799, -7.956469, 0.0 ], [ 110.281635, -7.957296, 0.0 ], [ 110.280441, -7.954643, 0.0 ], [ 110.283267, -7.953549, 0.0 ], [ 110.280722, -7.947756, 0.0 ], [ 110.282601, -7.943974, 0.0 ], [ 110.290151, -7.944477, 0.0 ], [ 110.292126, -7.940745000999925, 0.0 ], [ 110.293950295000059, -7.941263453999966, 0.0 ], [ 110.293825126000058, -7.942871429999968, 0.0 ], [ 110.296634049000033, -7.942639269999972, 0.0 ], [ 110.298086389000048, -7.944012992999944, 0.0 ], [ 110.298351482000044, -7.940498873999957, 0.0 ] ] ] } },
{ "type": "Feature", "properties": { }, "geometry": { "type": "Polygon", "coordinates": [ [ [ 110.233910957000035, -7.902462420999939, 0.0 ], [ 110.255230237000035, -7.912308009999947, 0.0 ], [ 110.255769017000034, -7.923140754999963, 0.0 ], [ 110.248809621000078, -7.927136965999978, 0.0 ], [ 110.245649763000074, -7.931740616999946, 0.0 ], [ 110.24232227300007, -7.931123677999949, 0.0 ], [ 110.238710243000071, -7.93247800499995, 0.0 ], [ 110.231091321000065, -7.925267743999939, 0.0 ], [ 110.225480247000064, -7.924628006999967, 0.0 ], [ 110.220267357000068, -7.920859936999932, 0.0 ], [ 110.219870249000053, -7.917578009999943, 0.0 ], [ 110.223780248000082, -7.906058012999949, 0.0 ], [ 110.227298351000059, -7.904898405999973, 0.0 ], [ 110.229572128000086, -7.902151771999968, 0.0 ], [ 110.231390058000045, -7.902212468999949, 0.0 ], [ 110.231727091000039, -7.903932203999943, 0.0 ], [ 110.233652008000035, -7.90431468099996, 0.0 ], [ 110.233910957000035, -7.902462420999939, 0.0 ] ] ] } },
{ "type": "Feature", "properties": { }, "geometry": { "type": "Polygon", "coordinates": [ [ [ 110.046599950000086, -7.869934063999949, 0.0 ], [ 110.046309235000081, -7.872756056999947, 0.0 ], [ 110.054881038000076, -7.877213648999941, 0.0 ], [ 110.054952466000088, -7.878597972999955, 0.0 ], [ 110.05362030100008, -7.887258016999965, 0.0 ], [ 110.051098598000067, -7.886092738999935, 0.0 ], [ 110.049436433000039, -7.88894298699995, 0.0 ], [ 110.048660304000066, -7.893908014999965, 0.0 ], [ 110.044055036000088, -7.904101972999968, 0.0 ], [ 110.03980126600004, -7.902581863999956, 0.0 ], [ 110.041490076000059, -7.89358602599998, 0.0 ], [ 110.043282055000077, -7.894591614999968, 0.0 ], [ 110.045484526000052, -7.889432960999955, 0.0 ], [ 110.042256266000038, -7.889035882999963, 0.0 ], [ 110.04266642500005, -7.886167432999969, 0.0 ], [ 110.044004794000045, -7.885540114999969, 0.0 ], [ 110.041590654000061, -7.884441684999956, 0.0 ], [ 110.043065943000045, -7.87272969199995, 0.0 ], [ 110.044833334000089, -7.873138887999971, 0.0 ], [ 110.045179029000053, -7.868896267999958, 0.0 ], [ 110.046599950000086, -7.869934063999949, 0.0 ] ] ] } },
{ "type": "Feature", "properties": { }, "geometry": { "type": "Polygon", "coordinates": [ [ [ 110.401982135000083, -7.831759069999976, 0.0 ], [ 110.402835, -7.842072, 0.0 ], [ 110.396139, -7.841933000999973, 0.0 ], [ 110.395357, -7.839033, 0.0 ], [ 110.397135, -7.837572, 0.0 ], [ 110.395467, -7.837559, 0.0 ], [ 110.395323051000048, -7.833450742999958, 0.0 ], [ 110.400052803000051, -7.833535250999944, 0.0 ], [ 110.400575363000087, -7.831361581999943, 0.0 ], [ 110.401982135000083, -7.831759069999976, 0.0 ] ] ] } },
{ "type": "Feature", "properties": { }, "geometry": { "type": "Polygon", "coordinates": [ [ [ 110.452635714000053, -7.824619969999958, 0.0 ], [ 110.451369, -7.838295, 0.0 ], [ 110.44844, -7.841548, 0.0 ], [ 110.445571, -7.841655, 0.0 ], [ 110.442301, -7.846856, 0.0 ], [ 110.447716, -7.848307000999966, 0.0 ], [ 110.451053, -7.851399, 0.0 ], [ 110.449005, -7.859172000999934, 0.0 ], [ 110.447483, -7.861836, 0.0 ], [ 110.445866, -7.861788, 0.0 ], [ 110.442846, -7.864924000999963, 0.0 ], [ 110.439927, -7.865239, 0.0 ], [ 110.436872, -7.867383, 0.0 ], [ 110.434333, -7.86706800099995, 0.0 ], [ 110.431473, -7.87117, 0.0 ], [ 110.429373, -7.872045, 0.0 ], [ 110.42817, -7.867458000999932, 0.0 ], [ 110.425792, -7.865780000999962, 0.0 ], [ 110.425493, -7.86392, 0.0 ], [ 110.420561, -7.86411, 0.0 ], [ 110.42127, -7.86115, 0.0 ], [ 110.429845, -7.85201400099993, 0.0 ], [ 110.427493, -7.847611, 0.0 ], [ 110.429283, -7.84333, 0.0 ], [ 110.427324, -7.842206000999965, 0.0 ], [ 110.426839, -7.840227, 0.0 ], [ 110.428611, -7.839372, 0.0 ], [ 110.428425, -7.835616, 0.0 ], [ 110.434143221000056, -7.836622560999956, 0.0 ], [ 110.434392465000087, -7.833151227999963, 0.0 ], [ 110.436157743000081, -7.832173678999936, 0.0 ], [ 110.437122045000081, -7.828160288999925, 0.0 ], [ 110.440555333000077, -7.829345617999934, 0.0 ], [ 110.440485995000074, -7.827676842999949, 0.0 ], [ 110.444271467000078, -7.82833713399998, 0.0 ], [ 110.443488635000051, -7.82601028299996, 0.0 ], [ 110.444871746000047, -7.822463270999947, 0.0 ], [ 110.452635714000053, -7.824619969999958, 0.0 ] ] ] } },
{ "type": "Feature", "properties": { }, "geometry": { "type": "Polygon", "coordinates": [ [ [ 110.120223385000088, -7.887480998999933, 0.0 ], [ 110.11778028100008, -7.896938014999932, 0.0 ], [ 110.118420281000056, -7.902248012999962, 0.0 ], [ 110.116300282000054, -7.90298801299997, 0.0 ], [ 110.114200309000069, -7.910327773999938, 0.0 ], [ 110.100180287000057, -7.910598010999934, 0.0 ], [ 110.097910288000037, -7.909668006999937, 0.0 ], [ 110.108435067000073, -7.905747632999976, 0.0 ], [ 110.111518409000041, -7.886225782999929, 0.0 ], [ 110.114255565000065, -7.886577851999959, 0.0 ], [ 110.114672133000056, -7.884927549999929, 0.0 ], [ 110.117923884000049, -7.889336499999956, 0.0 ], [ 110.120223385000088, -7.887480998999933, 0.0 ] ] ] } },
{ "type": "Feature", "properties": { }, "geometry": { "type": "Polygon", "coordinates": [ [ [ 110.381438, -7.815088, 0.0 ], [ 110.381394, -7.816459, 0.0 ], [ 110.38321, -7.816705, 0.0 ], [ 110.382493, -7.82000900099996, 0.0 ], [ 110.38506, -7.820303000999957, 0.0 ], [ 110.384495, -7.822084, 0.0 ], [ 110.386073, -7.821953, 0.0 ], [ 110.385653, -7.825448, 0.0 ], [ 110.387045, -7.829217000999961, 0.0 ], [ 110.385537545000034, -7.830384511999966, 0.0 ], [ 110.384555425000087, -7.829001268999946, 0.0 ], [ 110.379715048000037, -7.828537409999967, 0.0 ], [ 110.38016278200007, -7.830018328999927, 0.0 ], [ 110.377464528000075, -7.831803227999956, 0.0 ], [ 110.377001030000088, -7.830023304999941, 0.0 ], [ 110.376853752000045, -7.831379855999955, 0.0 ], [ 110.374927500000069, -7.830784154999947, 0.0 ], [ 110.374579661000041, -7.829309871999953, 0.0 ], [ 110.375848243000064, -7.828659946999949, 0.0 ], [ 110.375138, -7.824294, 0.0 ], [ 110.376516, -7.813545, 0.0 ], [ 110.381438, -7.815088, 0.0 ] ] ] } },
{ "type": "Feature", "properties": { }, "geometry": { "type": "Polygon", "coordinates": [ [ [ 110.366438, -7.787695000999975, 0.0 ], [ 110.365368, -7.796348, 0.0 ], [ 110.361998, -7.796072, 0.0 ], [ 110.362100999000063, -7.789776, 0.0 ], [ 110.359386, -7.788834, 0.0 ], [ 110.36162, -7.789056, 0.0 ], [ 110.362824, -7.787205, 0.0 ], [ 110.366438, -7.787695000999975, 0.0 ] ] ] } },
{ "type": "Feature", "properties": { }, "geometry": { "type": "Polygon", "coordinates": [ [ [ 110.289111, -7.976163, 0.0 ], [ 110.290037, -7.984407, 0.0 ], [ 110.287521, -7.990381, 0.0 ], [ 110.284026, -7.990229, 0.0 ], [ 110.283261, -7.99741, 0.0 ], [ 110.275117800000089, -8.009103599999946, 0.0 ], [ 110.258433721000074, -8.002792329999977, 0.0 ], [ 110.258585, -7.999999, 0.0 ], [ 110.261576, -7.995688, 0.0 ], [ 110.269395, -7.996806, 0.0 ], [ 110.269281, -7.994081000999927, 0.0 ], [ 110.273052, -7.983113, 0.0 ], [ 110.271317, -7.982171, 0.0 ], [ 110.271451, -7.980959000999974, 0.0 ], [ 110.275240999000061, -7.978562, 0.0 ], [ 110.278418999000053, -7.978884, 0.0 ], [ 110.278209, -7.971846, 0.0 ], [ 110.276681, -7.97032, 0.0 ], [ 110.279646, -7.968388, 0.0 ], [ 110.275622, -7.966234000999975, 0.0 ], [ 110.278025, -7.960595, 0.0 ], [ 110.285768, -7.966962, 0.0 ], [ 110.290588999000079, -7.965544, 0.0 ], [ 110.289603, -7.967202, 0.0 ], [ 110.290099, -7.970337, 0.0 ], [ 110.286757, -7.969351, 0.0 ], [ 110.286215, -7.970798000999935, 0.0 ], [ 110.284273, -7.970554, 0.0 ], [ 110.286682, -7.972418000999937, 0.0 ], [ 110.287379, -7.976014, 0.0 ], [ 110.289111, -7.976163, 0.0 ] ] ] } },
{ "type": "Feature", "properties": { }, "geometry": { "type": "Polygon", "coordinates": [ [ [ 110.349814, -7.944673, 0.0 ], [ 110.350535999000044, -7.946119, 0.0 ], [ 110.36208, -7.944093, 0.0 ], [ 110.365751, -7.945105, 0.0 ], [ 110.365601, -7.955062000999931, 0.0 ], [ 110.359532001000048, -7.957969, 0.0 ], [ 110.352642999000068, -7.959453, 0.0 ], [ 110.349704, -7.966066, 0.0 ], [ 110.34599, -7.969964, 0.0 ], [ 110.343505, -7.971106, 0.0 ], [ 110.337662, -7.970224, 0.0 ], [ 110.339231, -7.960389, 0.0 ], [ 110.338362, -7.960281, 0.0 ], [ 110.338912, -7.956168, 0.0 ], [ 110.337781999000072, -7.956052, 0.0 ], [ 110.337546, -7.948454, 0.0 ], [ 110.334032, -7.949957, 0.0 ], [ 110.333913, -7.948974000999954, 0.0 ], [ 110.328574, -7.947716, 0.0 ], [ 110.329396999000039, -7.945948, 0.0 ], [ 110.331288078000057, -7.942224910999926, 0.0 ], [ 110.333013126000083, -7.94259045299998, 0.0 ], [ 110.335594, -7.93869, 0.0 ], [ 110.33805, -7.937581, 0.0 ], [ 110.340911, -7.941583000999969, 0.0 ], [ 110.339277, -7.943963000999929, 0.0 ], [ 110.349814, -7.944673, 0.0 ] ] ] } },
{ "type": "Feature", "properties": { }, "geometry": { "type": "Polygon", "coordinates": [ [ [ 110.371096, -7.934902, 0.0 ], [ 110.37981, -7.937797, 0.0 ], [ 110.377489, -7.942029, 0.0 ], [ 110.378231, -7.945212000999959, 0.0 ], [ 110.382625, -7.943289, 0.0 ], [ 110.388584999000045, -7.945072, 0.0 ], [ 110.394793, -7.944602, 0.0 ], [ 110.398593, -7.942183, 0.0 ], [ 110.399731, -7.942722, 0.0 ], [ 110.403648, -7.938406000999976, 0.0 ], [ 110.407615, -7.936287, 0.0 ], [ 110.408502, -7.93724, 0.0 ], [ 110.41313, -7.936282, 0.0 ], [ 110.426745, -7.943493000999979, 0.0 ], [ 110.428103, -7.94585400099993, 0.0 ], [ 110.427831, -7.949087, 0.0 ], [ 110.425160001000052, -7.951656998999965, 0.0 ], [ 110.427462002000084, -7.947094998999944, 0.0 ], [ 110.426046002000078, -7.94540799899994, 0.0 ], [ 110.414870001000054, -7.945820998999977, 0.0 ], [ 110.41115, -7.943461998999965, 0.0 ], [ 110.394921002000046, -7.946037998999941, 0.0 ], [ 110.388162002000058, -7.951529000999926, 0.0 ], [ 110.38325300200006, -7.951615998999955, 0.0 ], [ 110.379443001000084, -7.947335000999942, 0.0 ], [ 110.375912001000074, -7.94762499899997, 0.0 ], [ 110.375304002000064, -7.957209998999929, 0.0 ], [ 110.371076001000063, -7.953210998999964, 0.0 ], [ 110.36508000200007, -7.955718, 0.0 ], [ 110.365083, -7.946706, 0.0 ], [ 110.367037, -7.94313, 0.0 ], [ 110.36601, -7.942007, 0.0 ], [ 110.366347, -7.935179, 0.0 ], [ 110.370935999000039, -7.935972, 0.0 ], [ 110.371096, -7.934902, 0.0 ] ] ] } },
{ "type": "Feature", "properties": { }, "geometry": { "type": "Polygon", "coordinates": [ [ [ 110.214556926000057, -7.880361867999966, 0.0 ], [ 110.221270248000053, -7.883108017999973, 0.0 ], [ 110.221856848000073, -7.882142143999943, 0.0 ], [ 110.22382484700006, -7.88254741999998, 0.0 ], [ 110.224440247000075, -7.884688016999974, 0.0 ], [ 110.235426644000086, -7.887807044999931, 0.0 ], [ 110.238460294000049, -7.893978014999959, 0.0 ], [ 110.236713507000047, -7.897214883999936, 0.0 ], [ 110.237660929000072, -7.89816807099993, 0.0 ], [ 110.235842208000065, -7.903534892999971, 0.0 ], [ 110.233910957000035, -7.902462420999939, 0.0 ], [ 110.233652008000035, -7.90431468099996, 0.0 ], [ 110.231727091000039, -7.903932203999943, 0.0 ], [ 110.231390058000045, -7.902212468999949, 0.0 ], [ 110.229572128000086, -7.902151771999968, 0.0 ], [ 110.227298351000059, -7.904898405999973, 0.0 ], [ 110.222870248000049, -7.906618011999967, 0.0 ], [ 110.217890903000068, -7.904113028999973, 0.0 ], [ 110.214101846000062, -7.90413452599995, 0.0 ], [ 110.214306108000073, -7.901393063999933, 0.0 ], [ 110.212375833000067, -7.900629295999977, 0.0 ], [ 110.213409909000063, -7.897571676999974, 0.0 ], [ 110.204470253000068, -7.895038014999955, 0.0 ], [ 110.206400253000083, -7.880328018999933, 0.0 ], [ 110.214490251000086, -7.881468018999954, 0.0 ], [ 110.214556926000057, -7.880361867999966, 0.0 ] ] ] } },
{ "type": "Feature", "properties": { }, "geometry": { "type": "Polygon", "coordinates": [ [ [ 110.485475591000068, -7.818385712999941, 0.0 ], [ 110.484324095000034, -7.821546936999937, 0.0 ], [ 110.486281343000087, -7.821163702999968, 0.0 ], [ 110.485976958000037, -7.822440996999944, 0.0 ], [ 110.486930891000043, -7.821248062999928, 0.0 ], [ 110.493198367000048, -7.82311545999994, 0.0 ], [ 110.501649631000078, -7.82256105099998, 0.0 ], [ 110.51646521400005, -7.827233275999959, 0.0 ], [ 110.517350474000068, -7.830363869999928, 0.0 ], [ 110.521301281000035, -7.83220764899994, 0.0 ], [ 110.521148683000035, -7.834060177999959, 0.0 ], [ 110.516273496000053, -7.837604004999946, 0.0 ], [ 110.497840867000036, -7.837857697999937, 0.0 ], [ 110.494483949000085, -7.839326832999973, 0.0 ], [ 110.488909988000046, -7.837760746999948, 0.0 ], [ 110.487310990000083, -7.840787421999948, 0.0 ], [ 110.480251, -7.844794, 0.0 ], [ 110.481711, -7.841287000999955, 0.0 ], [ 110.478437, -7.839484, 0.0 ], [ 110.477203, -7.841549, 0.0 ], [ 110.476046, -7.840577, 0.0 ], [ 110.476613, -7.83656, 0.0 ], [ 110.47239, -7.835340000999963, 0.0 ], [ 110.472661, -7.834035, 0.0 ], [ 110.470936, -7.83350700099993, 0.0 ], [ 110.46932, -7.830779, 0.0 ], [ 110.469806, -7.827337, 0.0 ], [ 110.468282643000066, -7.826940772999933, 0.0 ], [ 110.472838674000059, -7.823143497999979, 0.0 ], [ 110.476053210000089, -7.82377379199994, 0.0 ], [ 110.475843627000074, -7.825399499999946, 0.0 ], [ 110.477018588000078, -7.824025134999943, 0.0 ], [ 110.479477915000075, -7.824787201999925, 0.0 ], [ 110.481415665000043, -7.817384301999937, 0.0 ], [ 110.485475591000068, -7.818385712999941, 0.0 ] ] ] } },
{ "type": "Feature", "properties": { }, "geometry": { "type": "Polygon", "coordinates": [ [ [ 110.458040471000061, -7.822312660999955, 0.0 ], [ 110.460528206000049, -7.821273423999969, 0.0 ], [ 110.460819288000039, -7.82462501599997, 0.0 ], [ 110.462093362000076, -7.823428136999951, 0.0 ], [ 110.461697864000087, -7.821735033999971, 0.0 ], [ 110.465476221000074, -7.822847487999979, 0.0 ], [ 110.465618060000054, -7.824680219999948, 0.0 ], [ 110.46735816000006, -7.825134163999962, 0.0 ], [ 110.466828099000054, -7.827818699999966, 0.0 ], [ 110.469806, -7.827337, 0.0 ], [ 110.46932, -7.830779, 0.0 ], [ 110.470936, -7.83350700099993, 0.0 ], [ 110.472661, -7.834035, 0.0 ], [ 110.47239, -7.835340000999963, 0.0 ], [ 110.476613, -7.83656, 0.0 ], [ 110.476046, -7.840577, 0.0 ], [ 110.477203, -7.841549, 0.0 ], [ 110.478437, -7.839484, 0.0 ], [ 110.480965, -7.840339, 0.0 ], [ 110.481767, -7.842087000999925, 0.0 ], [ 110.473815905000038, -7.854365815999927, 0.0 ], [ 110.47272491700005, -7.861313299999949, 0.0 ], [ 110.470245360000035, -7.862200695999945, 0.0 ], [ 110.46565399900004, -7.868556, 0.0 ], [ 110.463959, -7.86673, 0.0 ], [ 110.461622, -7.867815, 0.0 ], [ 110.460856999000043, -7.869799000999933, 0.0 ], [ 110.459963, -7.869311000999971, 0.0 ], [ 110.45472, -7.872696, 0.0 ], [ 110.448752, -7.870401000999948, 0.0 ], [ 110.446424, -7.871441, 0.0 ], [ 110.443711, -7.869082, 0.0 ], [ 110.444547, -7.868132, 0.0 ], [ 110.443121, -7.864513000999978, 0.0 ], [ 110.445866, -7.861788, 0.0 ], [ 110.447483, -7.861836, 0.0 ], [ 110.451053, -7.851399, 0.0 ], [ 110.447716, -7.848307000999966, 0.0 ], [ 110.442301, -7.846856, 0.0 ], [ 110.445571, -7.841655, 0.0 ], [ 110.44844, -7.841548, 0.0 ], [ 110.451369, -7.838295, 0.0 ], [ 110.45333624400007, -7.82098136299993, 0.0 ], [ 110.45410312000007, -7.820521363999944, 0.0 ], [ 110.454299051000078, -7.822247042999948, 0.0 ], [ 110.458040471000061, -7.822312660999955, 0.0 ] ] ] } },
{ "type": "Feature", "properties": { }, "geometry": { "type": "Polygon", "coordinates": [ [ [ 110.214861902000052, -7.846617959999946, 0.0 ], [ 110.217300758000079, -7.850230573999966, 0.0 ], [ 110.219904639000049, -7.852392838999947, 0.0 ], [ 110.23170024500007, -7.858818023999959, 0.0 ], [ 110.228985664000049, -7.874938910999958, 0.0 ], [ 110.225485437000088, -7.874340682999957, 0.0 ], [ 110.22382484700006, -7.88254741999998, 0.0 ], [ 110.221856848000073, -7.882142143999943, 0.0 ], [ 110.221589171000062, -7.883163390999925, 0.0 ], [ 110.20731025300006, -7.877338018999978, 0.0 ], [ 110.200720255000078, -7.867998020999948, 0.0 ], [ 110.199200255000051, -7.867568021999944, 0.0 ], [ 110.200920255000085, -7.864528022999934, 0.0 ], [ 110.199090256000034, -7.864058021999938, 0.0 ], [ 110.198540256000058, -7.86042802399993, 0.0 ], [ 110.195760256000085, -7.857408024999927, 0.0 ], [ 110.197220256000037, -7.854758025999956, 0.0 ], [ 110.205456052000045, -7.856569914999966, 0.0 ], [ 110.207896548000065, -7.85444184499994, 0.0 ], [ 110.204379829000061, -7.848196214999973, 0.0 ], [ 110.20285399900007, -7.848612893999928, 0.0 ], [ 110.205734817000064, -7.840270106999981, 0.0 ], [ 110.2081, -7.841095, 0.0 ], [ 110.210159068000053, -7.844179167999926, 0.0 ], [ 110.210428410000077, -7.847508295999944, 0.0 ], [ 110.214861902000052, -7.846617959999946, 0.0 ] ] ] } },
{ "type": "Feature", "properties": { }, "geometry": { "type": "Polygon", "coordinates": [ [ [ 110.375, -7.882394, 0.0 ], [ 110.374152999000046, -7.889661, 0.0 ], [ 110.376583, -7.890019, 0.0 ], [ 110.376567, -7.895974, 0.0 ], [ 110.375684, -7.897615, 0.0 ], [ 110.37201, -7.897273, 0.0 ], [ 110.371506, -7.899891000999958, 0.0 ], [ 110.372703, -7.899954, 0.0 ], [ 110.372643, -7.902133000999982, 0.0 ], [ 110.375036, -7.90242, 0.0 ], [ 110.374184, -7.904237000999956, 0.0 ], [ 110.372648, -7.903566, 0.0 ], [ 110.372729999000057, -7.909002, 0.0 ], [ 110.374089, -7.909312, 0.0 ], [ 110.37407, -7.907944000999976, 0.0 ], [ 110.375819, -7.907221000999925, 0.0 ], [ 110.37923, -7.908569000999933, 0.0 ], [ 110.375906, -7.913311, 0.0 ], [ 110.37526, -7.918935, 0.0 ], [ 110.368165999000041, -7.919899000999976, 0.0 ], [ 110.369534, -7.912153, 0.0 ], [ 110.368284, -7.911929, 0.0 ], [ 110.368549, -7.910776, 0.0 ], [ 110.366693, -7.912504, 0.0 ], [ 110.363298, -7.911873, 0.0 ], [ 110.359585999000046, -7.913207000999932, 0.0 ], [ 110.354936, -7.911752, 0.0 ], [ 110.355618, -7.902205, 0.0 ], [ 110.357694908000042, -7.902035832999957, 0.0 ], [ 110.358008607000045, -7.898027995999939, 0.0 ], [ 110.361831724000069, -7.896567782999966, 0.0 ], [ 110.36224253000006, -7.890848717999972, 0.0 ], [ 110.362865348000071, -7.891651380999974, 0.0 ], [ 110.363559904000056, -7.887060593999934, 0.0 ], [ 110.365723, -7.886112, 0.0 ], [ 110.366254999000034, -7.881118, 0.0 ], [ 110.372377999000037, -7.882142000999977, 0.0 ], [ 110.372579, -7.8832, 0.0 ], [ 110.375, -7.882394, 0.0 ] ] ] } },
{ "type": "Feature", "properties": { }, "geometry": { "type": "Polygon", "coordinates": [ [ [ 110.346665276000067, -7.920129270999951, 0.0 ], [ 110.348003048000066, -7.919090492999942, 0.0 ], [ 110.347831377000034, -7.921707392999963, 0.0 ], [ 110.345554199000048, -7.924522313999944, 0.0 ], [ 110.341121537000049, -7.923812849999933, 0.0 ], [ 110.339395618000083, -7.925360395999974, 0.0 ], [ 110.339972812000042, -7.927422424999975, 0.0 ], [ 110.336781031000044, -7.930057204999969, 0.0 ], [ 110.334278078000068, -7.934957234999956, 0.0 ], [ 110.332717488000071, -7.942772736999927, 0.0 ], [ 110.331268641000065, -7.94222321899997, 0.0 ], [ 110.331921393000073, -7.940222752999944, 0.0 ], [ 110.328866809000033, -7.938656413999979, 0.0 ], [ 110.328526714000077, -7.941130717999954, 0.0 ], [ 110.326242126000068, -7.941606763999971, 0.0 ], [ 110.326650853000046, -7.943576378999978, 0.0 ], [ 110.323971742000083, -7.943031896999969, 0.0 ], [ 110.323273019000055, -7.940299791999962, 0.0 ], [ 110.321348012000044, -7.94041849599995, 0.0 ], [ 110.321130757000049, -7.937829067999928, 0.0 ], [ 110.322359404000053, -7.938324489999957, 0.0 ], [ 110.324082606000047, -7.938085723999961, 0.0 ], [ 110.321210981000036, -7.936650789999931, 0.0 ], [ 110.322622306000085, -7.935368070999971, 0.0 ], [ 110.321609285000079, -7.931305764999934, 0.0 ], [ 110.319233617000066, -7.930302428999937, 0.0 ], [ 110.317850132000046, -7.931564003999938, 0.0 ], [ 110.319229752000069, -7.933485659999974, 0.0 ], [ 110.31908020700007, -7.937118048999935, 0.0 ], [ 110.314550003000079, -7.93757936399993, 0.0 ], [ 110.316965789000051, -7.938588503999938, 0.0 ], [ 110.316883447000066, -7.939884806999942, 0.0 ], [ 110.311554424000065, -7.939548505999937, 0.0 ], [ 110.31186037100008, -7.942191328999968, 0.0 ], [ 110.309218246000057, -7.940988151999932, 0.0 ], [ 110.307941355000082, -7.937317592999932, 0.0 ], [ 110.304309216000036, -7.936587131999943, 0.0 ], [ 110.302267724000046, -7.937735997999937, 0.0 ], [ 110.303218145000073, -7.934642135999979, 0.0 ], [ 110.305078984000033, -7.935193518999938, 0.0 ], [ 110.306061088000035, -7.933685978999961, 0.0 ], [ 110.304365085000086, -7.933053492999932, 0.0 ], [ 110.305837648000079, -7.931141278999974, 0.0 ], [ 110.302307060000089, -7.930544272999953, 0.0 ], [ 110.303137145000051, -7.927461629999925, 0.0 ], [ 110.302030181000077, -7.926581684999974, 0.0 ], [ 110.304076763000069, -7.92310379099996, 0.0 ], [ 110.307522756000083, -7.923726691999946, 0.0 ], [ 110.306659181000043, -7.92288571399996, 0.0 ], [ 110.307794935000061, -7.920676660999959, 0.0 ], [ 110.316038313000035, -7.92008978299998, 0.0 ], [ 110.316474502000062, -7.917402262999929, 0.0 ], [ 110.318359163000082, -7.917673751999928, 0.0 ], [ 110.317943943000046, -7.918912954999939, 0.0 ], [ 110.326858591000075, -7.918496972999947, 0.0 ], [ 110.327581820000034, -7.920243625999944, 0.0 ], [ 110.329469582000058, -7.918752704999974, 0.0 ], [ 110.331421512000077, -7.920524885999953, 0.0 ], [ 110.333488804000069, -7.920031319999964, 0.0 ], [ 110.333544395000047, -7.921183188999976, 0.0 ], [ 110.336088621000044, -7.917528845999925, 0.0 ], [ 110.338420645000042, -7.918445812999948, 0.0 ], [ 110.338890724000066, -7.915144357999964, 0.0 ], [ 110.33973037700008, -7.917890974999978, 0.0 ], [ 110.342148506000058, -7.918301718999942, 0.0 ], [ 110.34188839400008, -7.919774802999939, 0.0 ], [ 110.343854509000039, -7.920767368999975, 0.0 ], [ 110.346665276000067, -7.920129270999951, 0.0 ] ] ] } },
{ "type": "Feature", "properties": { }, "geometry": { "type": "Polygon", "coordinates": [ [ [ 110.36882, -7.789966, 0.0 ], [ 110.370067, -7.796715, 0.0 ], [ 110.365368, -7.796348, 0.0 ], [ 110.3662, -7.789627000999928, 0.0 ], [ 110.36882, -7.789966, 0.0 ] ] ] } },
{ "type": "Feature", "properties": { }, "geometry": { "type": "Polygon", "coordinates": [ [ [ 110.362831, -7.814035, 0.0 ], [ 110.361116994000042, -7.82425049099993, 0.0 ], [ 110.359344357000055, -7.824484449999943, 0.0 ], [ 110.359139368000058, -7.826039305999927, 0.0 ], [ 110.355597396000064, -7.825856687999931, 0.0 ], [ 110.356832, -7.817513000999952, 0.0 ], [ 110.355873, -7.817448, 0.0 ], [ 110.356008, -7.813134, 0.0 ], [ 110.362831, -7.814035, 0.0 ] ] ] } },
{ "type": "Feature", "properties": { }, "geometry": { "type": "Polygon", "coordinates": [ [ [ 110.386692999000047, -7.80193, 0.0 ], [ 110.386048, -7.811391000999947, 0.0 ], [ 110.380595, -7.811329, 0.0 ], [ 110.378893, -7.809784, 0.0 ], [ 110.379515, -7.806337, 0.0 ], [ 110.381246, -7.805087, 0.0 ], [ 110.38051099900008, -7.801796000999957, 0.0 ], [ 110.386692999000047, -7.80193, 0.0 ] ] ] } },
{ "type": "Feature", "properties": { }, "geometry": { "type": "Polygon", "coordinates": [ [ [ 110.386043125000072, -7.830418962999943, 0.0 ], [ 110.386935891000064, -7.833996427999978, 0.0 ], [ 110.383708433000038, -7.834791819999964, 0.0 ], [ 110.387956111000051, -7.834878884999966, 0.0 ], [ 110.387657003000072, -7.839928598999961, 0.0 ], [ 110.389889178000033, -7.840072451999959, 0.0 ], [ 110.390722220000043, -7.835888892999947, 0.0 ], [ 110.394308782000053, -7.83716127699995, 0.0 ], [ 110.395004463000078, -7.835639655999955, 0.0 ], [ 110.395467, -7.837559, 0.0 ], [ 110.397149, -7.837737000999937, 0.0 ], [ 110.395357, -7.839033, 0.0 ], [ 110.396318, -7.841606, 0.0 ], [ 110.395541, -7.843716, 0.0 ], [ 110.390004, -7.843344, 0.0 ], [ 110.388424, -7.84541, 0.0 ], [ 110.387657, -7.847577, 0.0 ], [ 110.3894, -7.847843, 0.0 ], [ 110.388194999000063, -7.854042000999925, 0.0 ], [ 110.390141, -7.854283, 0.0 ], [ 110.389749, -7.85783, 0.0 ], [ 110.386482, -7.85836, 0.0 ], [ 110.380405, -7.855318, 0.0 ], [ 110.375855, -7.854675, 0.0 ], [ 110.375198, -7.852214, 0.0 ], [ 110.380104, -7.852105, 0.0 ], [ 110.380227, -7.848478, 0.0 ], [ 110.381455, -7.848309000999961, 0.0 ], [ 110.381556, -7.846788000999936, 0.0 ], [ 110.380283, -7.846458, 0.0 ], [ 110.381233, -7.845146, 0.0 ], [ 110.380178999000066, -7.839713, 0.0 ], [ 110.376532999000062, -7.840753, 0.0 ], [ 110.376571999000078, -7.837598, 0.0 ], [ 110.375277, -7.835992, 0.0 ], [ 110.376764, -7.832093, 0.0 ], [ 110.375268952000056, -7.830830771999956, 0.0 ], [ 110.376853752000045, -7.831379855999955, 0.0 ], [ 110.377001030000088, -7.830023304999941, 0.0 ], [ 110.378233733000059, -7.831800718999943, 0.0 ], [ 110.377914572000066, -7.830682829999944, 0.0 ], [ 110.38016278200007, -7.830018328999927, 0.0 ], [ 110.379715048000037, -7.828537409999967, 0.0 ], [ 110.384555425000087, -7.829001268999946, 0.0 ], [ 110.384497725000074, -7.830112421999956, 0.0 ], [ 110.386043125000072, -7.830418962999943, 0.0 ] ] ] } },
{ "type": "Feature", "properties": { }, "geometry": { "type": "Polygon", "coordinates": [ [ [ 110.328850811000052, -7.804911597999933, 0.0 ], [ 110.332038, -7.810882000999925, 0.0 ], [ 110.331492, -7.812805, 0.0 ], [ 110.332344, -7.813651, 0.0 ], [ 110.333969, -7.812543000999938, 0.0 ], [ 110.333871, -7.816091000999961, 0.0 ], [ 110.336062, -7.819073000999936, 0.0 ], [ 110.33289, -7.822983, 0.0 ], [ 110.336197, -7.822572, 0.0 ], [ 110.336326, -7.825632, 0.0 ], [ 110.338904, -7.826806, 0.0 ], [ 110.339081, -7.831957, 0.0 ], [ 110.320417, -7.837374, 0.0 ], [ 110.316979, -7.828895, 0.0 ], [ 110.316726444000039, -7.820173392999948, 0.0 ], [ 110.313523410000073, -7.819051226999932, 0.0 ], [ 110.315026524000075, -7.816792729999975, 0.0 ], [ 110.314718915000071, -7.810939515999962, 0.0 ], [ 110.316107212000077, -7.810491465999974, 0.0 ], [ 110.314731781000035, -7.809928053999954, 0.0 ], [ 110.316200630000083, -7.808228941999971, 0.0 ], [ 110.315756615000055, -7.805978468999967, 0.0 ], [ 110.316847599000084, -7.805237963999957, 0.0 ], [ 110.317148218000057, -7.806832716999963, 0.0 ], [ 110.319182901000033, -7.807093255999973, 0.0 ], [ 110.32090326000008, -7.803921367999976, 0.0 ], [ 110.32357502800005, -7.805538614999932, 0.0 ], [ 110.328850811000052, -7.804911597999933, 0.0 ] ] ] } },
{ "type": "Feature", "properties": { }, "geometry": { "type": "Polygon", "coordinates": [ [ [ 110.208700300000089, -7.773588045999929, 0.0 ], [ 110.205860252000036, -7.77759804599998, 0.0 ], [ 110.209224021000068, -7.781804978999958, 0.0 ], [ 110.204298748000042, -7.785379456999976, 0.0 ], [ 110.203168067000036, -7.789624303999972, 0.0 ], [ 110.20519084700004, -7.790256588999966, 0.0 ], [ 110.203901614000074, -7.791789993999942, 0.0 ], [ 110.198735414000055, -7.795103724999933, 0.0 ], [ 110.192513260000055, -7.795641030999946, 0.0 ], [ 110.190295956000057, -7.798842257999979, 0.0 ], [ 110.182386085000076, -7.793067832999952, 0.0 ], [ 110.184043498000051, -7.791733841999928, 0.0 ], [ 110.185208166000052, -7.792937644999938, 0.0 ], [ 110.185670868000045, -7.79167466399997, 0.0 ], [ 110.187591828000052, -7.792103611999948, 0.0 ], [ 110.18757025900004, -7.789808041999947, 0.0 ], [ 110.188910258000078, -7.789438040999926, 0.0 ], [ 110.187428781000051, -7.785898811999971, 0.0 ], [ 110.188859367000077, -7.783649214999969, 0.0 ], [ 110.187800259000085, -7.780578042999934, 0.0 ], [ 110.189488638000057, -7.775934753999934, 0.0 ], [ 110.193140257000039, -7.773038045999954, 0.0 ], [ 110.191950258000077, -7.76798804799995, 0.0 ], [ 110.197459840000079, -7.767947624999977, 0.0 ], [ 110.199090378000051, -7.764558047999969, 0.0 ], [ 110.200739331000079, -7.765057867999928, 0.0 ], [ 110.208700300000089, -7.773588045999929, 0.0 ] ] ] } },
{ "type": "Feature", "properties": { }, "geometry": { "type": "Polygon", "coordinates": [ [ [ 110.123479012000075, -7.873297307999962, 0.0 ], [ 110.128814079000051, -7.873713266999971, 0.0 ], [ 110.127430058000073, -7.87650152599997, 0.0 ], [ 110.130720022000048, -7.879843144999938, 0.0 ], [ 110.13113172900006, -7.883020285999976, 0.0 ], [ 110.128570278000041, -7.884778018999953, 0.0 ], [ 110.123252940000043, -7.884480062999955, 0.0 ], [ 110.12375938200006, -7.887158921999969, 0.0 ], [ 110.120313411000041, -7.886871192999934, 0.0 ], [ 110.118377250000037, -7.889348350999967, 0.0 ], [ 110.114672133000056, -7.884927549999929, 0.0 ], [ 110.114255565000065, -7.886577851999959, 0.0 ], [ 110.111518409000041, -7.886225782999929, 0.0 ], [ 110.109779188000061, -7.898310396999932, 0.0 ], [ 110.109110429000054, -7.899604938999971, 0.0 ], [ 110.108060284000032, -7.899248013999966, 0.0 ], [ 110.106522530000063, -7.897543241999927, 0.0 ], [ 110.108413043000041, -7.891961433999938, 0.0 ], [ 110.103589491000037, -7.891079514999944, 0.0 ], [ 110.103732956000044, -7.889896437999937, 0.0 ], [ 110.105855109000061, -7.889657432999968, 0.0 ], [ 110.106217461000085, -7.885790175999944, 0.0 ], [ 110.108120197000062, -7.88580234899996, 0.0 ], [ 110.107909676000077, -7.883927788999927, 0.0 ], [ 110.103374509000048, -7.879910407999944, 0.0 ], [ 110.10553357100008, -7.880166363999933, 0.0 ], [ 110.10627308800008, -7.878512726999929, 0.0 ], [ 110.113122666000038, -7.880515067999966, 0.0 ], [ 110.12167928100007, -7.875885063999931, 0.0 ], [ 110.122118611000076, -7.876827909999975, 0.0 ], [ 110.123479012000075, -7.873297307999962, 0.0 ] ] ] } },
{ "type": "Feature", "properties": { }, "geometry": { "type": "Polygon", "coordinates": [ [ [ 110.166480266000065, -7.901108014999977, 0.0 ], [ 110.166100266000058, -7.906048011999928, 0.0 ], [ 110.163480267000068, -7.906828011999949, 0.0 ], [ 110.158390268000062, -7.905828011999972, 0.0 ], [ 110.158120100000076, -7.907588011999962, 0.0 ], [ 110.152270270000088, -7.907938011999931, 0.0 ], [ 110.152281384000048, -7.91031686599996, 0.0 ], [ 110.146003189000055, -7.909867342999974, 0.0 ], [ 110.14474490300006, -7.904350053999963, 0.0 ], [ 110.152226159000065, -7.904864972999974, 0.0 ], [ 110.152720401000067, -7.895508014999962, 0.0 ], [ 110.163300266000078, -7.897628013999963, 0.0 ], [ 110.166480266000065, -7.901108014999977, 0.0 ] ] ] } },
{ "type": "Feature", "properties": { }, "geometry": { "type": "Polygon", "coordinates": [ [ [ 110.36882, -7.789966, 0.0 ], [ 110.37405, -7.790493, 0.0 ], [ 110.37261, -7.796837, 0.0 ], [ 110.370067, -7.796715, 0.0 ], [ 110.36882, -7.789966, 0.0 ] ] ] } },
{ "type": "Feature", "properties": { }, "geometry": { "type": "Polygon", "coordinates": [ [ [ 110.351197205000062, -7.781404255999973, 0.0 ], [ 110.357068, -7.78268400099995, 0.0 ], [ 110.355021999000087, -7.785713, 0.0 ], [ 110.355127, -7.789275000999965, 0.0 ], [ 110.357015, -7.79021, 0.0 ], [ 110.355493, -7.79177200099997, 0.0 ], [ 110.35544, -7.794187, 0.0 ], [ 110.348661922000076, -7.793232519999947, 0.0 ], [ 110.350275385000089, -7.789680140999963, 0.0 ], [ 110.351197205000062, -7.781404255999973, 0.0 ] ] ] } },
{ "type": "Feature", "properties": { }, "geometry": { "type": "Polygon", "coordinates": [ [ [ 110.076187483000069, -7.871536227999968, 0.0 ], [ 110.075300295000034, -7.875678019999953, 0.0 ], [ 110.078122372000053, -7.878762282999958, 0.0 ], [ 110.076803225000049, -7.880304748999947, 0.0 ], [ 110.077834988000063, -7.885622525999963, 0.0 ], [ 110.08383948900007, -7.889028297999971, 0.0 ], [ 110.082197847000089, -7.892116561999956, 0.0 ], [ 110.076710294000065, -7.892198015999952, 0.0 ], [ 110.075720294000064, -7.896738014999926, 0.0 ], [ 110.071420297000088, -7.893597972999942, 0.0 ], [ 110.073440295000069, -7.873688019999975, 0.0 ], [ 110.075178805000064, -7.873592418999976, 0.0 ], [ 110.075061222000045, -7.871349898999938, 0.0 ], [ 110.076187483000069, -7.871536227999968, 0.0 ] ] ] } },
{ "type": "Feature", "properties": { }, "geometry": { "type": "Polygon", "coordinates": [ [ [ 110.085416001000056, -7.871023588999947, 0.0 ], [ 110.086781708000046, -7.872373787999948, 0.0 ], [ 110.085930441000073, -7.873410361999959, 0.0 ], [ 110.087100027000076, -7.873768497999947, 0.0 ], [ 110.085770291000074, -7.879388018999975, 0.0 ], [ 110.084287437000057, -7.87924281599993, 0.0 ], [ 110.08375592200008, -7.88879196399995, 0.0 ], [ 110.077958334000073, -7.885829568999952, 0.0 ], [ 110.076803225000049, -7.880304748999947, 0.0 ], [ 110.078122372000053, -7.878762282999958, 0.0 ], [ 110.07532029500004, -7.874998019999964, 0.0 ], [ 110.077028574000053, -7.868782827999951, 0.0 ], [ 110.077848236000079, -7.869366490999937, 0.0 ], [ 110.081317366000064, -7.866842352999981, 0.0 ], [ 110.08318672300004, -7.863933738999947, 0.0 ], [ 110.084906183000044, -7.864436890999968, 0.0 ], [ 110.085416001000056, -7.871023588999947, 0.0 ] ] ] } },
{ "type": "Feature", "properties": { }, "geometry": { "type": "Polygon", "coordinates": [ [ [ 110.482105, -7.93518, 0.0 ], [ 110.468305999000052, -7.92966, 0.0 ], [ 110.464932999000041, -7.930861, 0.0 ], [ 110.460521, -7.930342, 0.0 ], [ 110.454447, -7.935369, 0.0 ], [ 110.456552, -7.928895, 0.0 ], [ 110.456034, -7.92087, 0.0 ], [ 110.457433, -7.919781000999933, 0.0 ], [ 110.45657, -7.918758, 0.0 ], [ 110.458938, -7.9156, 0.0 ], [ 110.460571, -7.909495, 0.0 ], [ 110.465076, -7.904490000999942, 0.0 ], [ 110.471325, -7.904, 0.0 ], [ 110.472417, -7.90631, 0.0 ], [ 110.480653, -7.912266, 0.0 ], [ 110.482339, -7.916814, 0.0 ], [ 110.481466, -7.920828, 0.0 ], [ 110.48315, -7.923009, 0.0 ], [ 110.480912, -7.926829, 0.0 ], [ 110.482105, -7.93518, 0.0 ] ] ] } },
{ "type": "Feature", "properties": { }, "geometry": { "type": "Polygon", "coordinates": [ [ [ 110.379537695000067, -7.778128790999972, 0.0 ], [ 110.381387, -7.783033, 0.0 ], [ 110.370885, -7.782963, 0.0 ], [ 110.371452, -7.781513000999951, 0.0 ], [ 110.369984, -7.780582, 0.0 ], [ 110.37127, -7.777237, 0.0 ], [ 110.370012157000076, -7.775346596999952, 0.0 ], [ 110.375420385000041, -7.774689949999981, 0.0 ], [ 110.375679994000052, -7.776513731999955, 0.0 ], [ 110.379537695000067, -7.778128790999972, 0.0 ] ] ] } },
{ "type": "Feature", "properties": { }, "geometry": { "type": "Polygon", "coordinates": [ [ [ 110.46754554100005, -7.866664976999971, 0.0 ], [ 110.467147140000066, -7.869751410999982, 0.0 ], [ 110.47504391700005, -7.884881510999946, 0.0 ], [ 110.475443667000036, -7.888821897999946, 0.0 ], [ 110.478242143000045, -7.890085458999977, 0.0 ], [ 110.473819, -7.892241, 0.0 ], [ 110.472202, -7.900179, 0.0 ], [ 110.46949599900006, -7.903845, 0.0 ], [ 110.465076, -7.904490000999942, 0.0 ], [ 110.461285, -7.909154000999933, 0.0 ], [ 110.456082, -7.900092, 0.0 ], [ 110.455695, -7.896366, 0.0 ], [ 110.445973, -7.887134000999936, 0.0 ], [ 110.446057, -7.883265, 0.0 ], [ 110.453784, -7.873348000999954, 0.0 ], [ 110.459963, -7.869311000999971, 0.0 ], [ 110.460856999000043, -7.869799000999933, 0.0 ], [ 110.461622, -7.867815, 0.0 ], [ 110.464185, -7.866716000999929, 0.0 ], [ 110.46565399900004, -7.868556, 0.0 ], [ 110.46754554100005, -7.866664976999971, 0.0 ] ] ] } },
{ "type": "Feature", "properties": { }, "geometry": { "type": "Polygon", "coordinates": [ [ [ 110.376192, -7.859189000999947, 0.0 ], [ 110.378472, -7.862151, 0.0 ], [ 110.378649, -7.866912000999946, 0.0 ], [ 110.38135, -7.866747, 0.0 ], [ 110.379493, -7.871630000999971, 0.0 ], [ 110.379693, -7.872735, 0.0 ], [ 110.382050999000057, -7.872972, 0.0 ], [ 110.38165, -7.878672000999927, 0.0 ], [ 110.377086, -7.876737, 0.0 ], [ 110.376263, -7.882322, 0.0 ], [ 110.374409, -7.882320000999925, 0.0 ], [ 110.37431, -7.883288, 0.0 ], [ 110.366254999000034, -7.881118, 0.0 ], [ 110.364579, -7.887303, 0.0 ], [ 110.361191103000067, -7.883906901999978, 0.0 ], [ 110.361245282000084, -7.881443806999926, 0.0 ], [ 110.359359531000052, -7.882517856999925, 0.0 ], [ 110.359366488000035, -7.885796518999939, 0.0 ], [ 110.357899213000053, -7.886304018999965, 0.0 ], [ 110.356473673000039, -7.88620610299995, 0.0 ], [ 110.355647978000036, -7.883131998999943, 0.0 ], [ 110.355207752000069, -7.885328253999944, 0.0 ], [ 110.353446376000079, -7.885114941999973, 0.0 ], [ 110.353452409000056, -7.887412395999945, 0.0 ], [ 110.35150771900004, -7.887773150999976, 0.0 ], [ 110.350562353000043, -7.885045448999961, 0.0 ], [ 110.348514979000072, -7.885438249999936, 0.0 ], [ 110.348118520000071, -7.880127452999943, 0.0 ], [ 110.345264, -7.877666, 0.0 ], [ 110.34445, -7.874999, 0.0 ], [ 110.346323999000049, -7.867363000999944, 0.0 ], [ 110.347548, -7.867448, 0.0 ], [ 110.347987, -7.864137, 0.0 ], [ 110.346502, -7.861481, 0.0 ], [ 110.347866, -7.859882, 0.0 ], [ 110.361523, -7.863524, 0.0 ], [ 110.361242, -7.864852, 0.0 ], [ 110.363346, -7.865006, 0.0 ], [ 110.364219, -7.867151, 0.0 ], [ 110.365582, -7.867064, 0.0 ], [ 110.366906, -7.863117, 0.0 ], [ 110.370996, -7.86303000099997, 0.0 ], [ 110.372506, -7.858335, 0.0 ], [ 110.376192, -7.859189000999947, 0.0 ] ] ] } },
{ "type": "Feature", "properties": { }, "geometry": { "type": "Polygon", "coordinates": [ [ [ 110.284026, -7.990229, 0.0 ], [ 110.291133, -7.991277, 0.0 ], [ 110.290954, -7.994572000999938, 0.0 ], [ 110.28982, -7.995533, 0.0 ], [ 110.291754, -7.994954, 0.0 ], [ 110.294229, -7.996634, 0.0 ], [ 110.296866, -7.994200000999967, 0.0 ], [ 110.301366, -7.99573800099995, 0.0 ], [ 110.300566, -7.998742000999925, 0.0 ], [ 110.301576, -7.999999, 0.0 ], [ 110.299277, -8.004214, 0.0 ], [ 110.295319, -8.008368, 0.0 ], [ 110.289618, -8.010307000999944, 0.0 ], [ 110.284694, -8.009458, 0.0 ], [ 110.279137749000085, -8.010461824999936, 0.0 ], [ 110.275117800000089, -8.009103599999946, 0.0 ], [ 110.283261, -7.99741, 0.0 ], [ 110.284026, -7.990229, 0.0 ] ] ] } },
{ "type": "Feature", "properties": { }, "geometry": { "type": "Polygon", "coordinates": [ [ [ 110.309052825000038, -7.970544521999955, 0.0 ], [ 110.307917, -7.970845, 0.0 ], [ 110.30725, -7.973671, 0.0 ], [ 110.308942, -7.974445000999935, 0.0 ], [ 110.308728, -7.975913, 0.0 ], [ 110.306703, -7.977607, 0.0 ], [ 110.307806, -7.978356, 0.0 ], [ 110.307842, -7.982723, 0.0 ], [ 110.302484999000058, -7.982454, 0.0 ], [ 110.302382, -7.981106, 0.0 ], [ 110.300774, -7.980867, 0.0 ], [ 110.301571, -7.974466000999939, 0.0 ], [ 110.29714, -7.975131, 0.0 ], [ 110.294529, -7.980051, 0.0 ], [ 110.290151, -7.980541, 0.0 ], [ 110.289111, -7.976163, 0.0 ], [ 110.287379, -7.976014, 0.0 ], [ 110.286682, -7.972418000999937, 0.0 ], [ 110.284273, -7.970554, 0.0 ], [ 110.286215, -7.970798000999935, 0.0 ], [ 110.286757, -7.969351, 0.0 ], [ 110.290099, -7.970337, 0.0 ], [ 110.289603, -7.967202, 0.0 ], [ 110.290588999000079, -7.965544, 0.0 ], [ 110.285768, -7.966962, 0.0 ], [ 110.279895, -7.963038000999973, 0.0 ], [ 110.278162, -7.961139, 0.0 ], [ 110.277964, -7.956827, 0.0 ], [ 110.281417, -7.958263, 0.0 ], [ 110.281635, -7.957296, 0.0 ], [ 110.285799, -7.956469, 0.0 ], [ 110.284698, -7.959404, 0.0 ], [ 110.285419, -7.960417, 0.0 ], [ 110.309052825000038, -7.970544521999955, 0.0 ] ] ] } },
{ "type": "Feature", "properties": { }, "geometry": { "type": "Polygon", "coordinates": [ [ [ 110.351296641000033, -7.817270434999955, 0.0 ], [ 110.350797916000033, -7.821296815999972, 0.0 ], [ 110.352608306000036, -7.823492716999965, 0.0 ], [ 110.35132638500005, -7.82503477299997, 0.0 ], [ 110.35254, -7.832917, 0.0 ], [ 110.349537, -7.83554, 0.0 ], [ 110.350391, -7.841854000999945, 0.0 ], [ 110.348769, -7.840591, 0.0 ], [ 110.347343, -7.841937, 0.0 ], [ 110.345871, -7.846533000999955, 0.0 ], [ 110.346384, -7.849175, 0.0 ], [ 110.34376, -7.849277, 0.0 ], [ 110.343359999000086, -7.850397, 0.0 ], [ 110.339492, -7.849474, 0.0 ], [ 110.337878, -7.855776000999981, 0.0 ], [ 110.335229, -7.855101, 0.0 ], [ 110.335703, -7.850859, 0.0 ], [ 110.332743, -7.849635000999967, 0.0 ], [ 110.333784999000045, -7.847228, 0.0 ], [ 110.335561, -7.84798, 0.0 ], [ 110.33688, -7.847056, 0.0 ], [ 110.340408, -7.841793000999928, 0.0 ], [ 110.339583, -7.8403, 0.0 ], [ 110.340623, -7.834547, 0.0 ], [ 110.338399, -7.82919, 0.0 ], [ 110.338904, -7.826806, 0.0 ], [ 110.336326, -7.825632, 0.0 ], [ 110.336197, -7.822572, 0.0 ], [ 110.33289, -7.822983, 0.0 ], [ 110.332875, -7.821767000999955, 0.0 ], [ 110.336055, -7.8194, 0.0 ], [ 110.333871, -7.816091000999961, 0.0 ], [ 110.333993, -7.812098, 0.0 ], [ 110.335453, -7.810893, 0.0 ], [ 110.337569, -7.812504000999979, 0.0 ], [ 110.344606, -7.813924, 0.0 ], [ 110.344928, -7.816706, 0.0 ], [ 110.351296641000033, -7.817270434999955, 0.0 ] ] ] } },
{ "type": "Feature", "properties": { }, "geometry": { "type": "Polygon", "coordinates": [ [ [ 110.183489460000033, -7.920202089999975, 0.0 ], [ 110.182539599000052, -7.925625135999951, 0.0 ], [ 110.184892804000071, -7.933556192999959, 0.0 ], [ 110.191747344000078, -7.93358675199994, 0.0 ], [ 110.194007179000039, -7.930206532999932, 0.0 ], [ 110.207888207000053, -7.930202473999941, 0.0 ], [ 110.207175733000042, -7.931774124999947, 0.0 ], [ 110.204833564000069, -7.931252408999967, 0.0 ], [ 110.203988225000046, -7.93450590499998, 0.0 ], [ 110.204710254000076, -7.936798005999947, 0.0 ], [ 110.206076434000067, -7.933426039999972, 0.0 ], [ 110.209163416000081, -7.934143552999956, 0.0 ], [ 110.20795419500007, -7.938394817999949, 0.0 ], [ 110.205734189000054, -7.938228692999928, 0.0 ], [ 110.205128978000062, -7.940348598999947, 0.0 ], [ 110.201952778000077, -7.939649256999928, 0.0 ], [ 110.202244903000064, -7.942590078999956, 0.0 ], [ 110.201106736000042, -7.942974277999951, 0.0 ], [ 110.204729009000062, -7.942545121999956, 0.0 ], [ 110.206230252000069, -7.94601800199996, 0.0 ], [ 110.199230348000071, -7.944785779999961, 0.0 ], [ 110.199070402000075, -7.942720446999942, 0.0 ], [ 110.196311054000034, -7.943448640999975, 0.0 ], [ 110.196856532000083, -7.94471735299993, 0.0 ], [ 110.191629851000073, -7.946202553999967, 0.0 ], [ 110.189712414000041, -7.945623541999964, 0.0 ], [ 110.187987987000042, -7.948742649999929, 0.0 ], [ 110.183264517000055, -7.944248604999927, 0.0 ], [ 110.181827835000036, -7.939970086999949, 0.0 ], [ 110.174989279000044, -7.93815342399995, 0.0 ], [ 110.175393211000085, -7.93713603499998, 0.0 ], [ 110.173306238000066, -7.936082888999977, 0.0 ], [ 110.170591377000051, -7.936258098999929, 0.0 ], [ 110.169933812000068, -7.930117562999953, 0.0 ], [ 110.177509471000064, -7.932791958999928, 0.0 ], [ 110.17911700500008, -7.92846977399995, 0.0 ], [ 110.177880262000087, -7.920278007999968, 0.0 ], [ 110.181280552000032, -7.920615201999965, 0.0 ], [ 110.181900261000067, -7.918448008999974, 0.0 ], [ 110.183489460000033, -7.920202089999975, 0.0 ] ] ] } },
{ "type": "Feature", "properties": { }, "geometry": { "type": "Polygon", "coordinates": [ [ [ 110.307842, -7.982723, 0.0 ], [ 110.305837, -7.988681000999975, 0.0 ], [ 110.304094, -7.989964, 0.0 ], [ 110.303509, -7.994107, 0.0 ], [ 110.301714, -7.99425, 0.0 ], [ 110.301366, -7.99573800099995, 0.0 ], [ 110.296866, -7.994200000999967, 0.0 ], [ 110.294229, -7.996634, 0.0 ], [ 110.291754, -7.994954, 0.0 ], [ 110.28982, -7.995533, 0.0 ], [ 110.290954, -7.994572000999938, 0.0 ], [ 110.291133, -7.991277, 0.0 ], [ 110.287521, -7.990381, 0.0 ], [ 110.290037, -7.984407, 0.0 ], [ 110.290151, -7.980541, 0.0 ], [ 110.294529, -7.980051, 0.0 ], [ 110.29714, -7.975131, 0.0 ], [ 110.301571, -7.974466000999939, 0.0 ], [ 110.300774, -7.980867, 0.0 ], [ 110.302382, -7.981106, 0.0 ], [ 110.302484999000058, -7.982454, 0.0 ], [ 110.307842, -7.982723, 0.0 ] ] ] } },
{ "type": "Feature", "properties": { }, "geometry": { "type": "Polygon", "coordinates": [ [ [ 110.147956377000071, -7.872365167999931, 0.0 ], [ 110.14631027300004, -7.872318020999955, 0.0 ], [ 110.146100273000059, -7.874788019999926, 0.0 ], [ 110.144480272000067, -7.872958020999931, 0.0 ], [ 110.141420274000041, -7.874318019999976, 0.0 ], [ 110.144850273000088, -7.877978018999954, 0.0 ], [ 110.140910273000088, -7.893328014999952, 0.0 ], [ 110.130010277000054, -7.892288014999963, 0.0 ], [ 110.129480141000045, -7.896438014999944, 0.0 ], [ 110.128060278000078, -7.896328013999948, 0.0 ], [ 110.125700279000057, -7.895938014999956, 0.0 ], [ 110.126405666000039, -7.894157843999949, 0.0 ], [ 110.12368762300008, -7.893547608999938, 0.0 ], [ 110.123870280000062, -7.891498016999947, 0.0 ], [ 110.118800412000041, -7.890888016999952, 0.0 ], [ 110.120313411000041, -7.886871192999934, 0.0 ], [ 110.12375938200006, -7.887158921999969, 0.0 ], [ 110.123252940000043, -7.884480062999955, 0.0 ], [ 110.128570278000041, -7.884778018999953, 0.0 ], [ 110.13113172900006, -7.883020285999976, 0.0 ], [ 110.130720022000048, -7.879843144999938, 0.0 ], [ 110.127470907000088, -7.876273474999948, 0.0 ], [ 110.138998334000064, -7.866323203999968, 0.0 ], [ 110.142200274000061, -7.870618020999927, 0.0 ], [ 110.147468854000067, -7.869108383999958, 0.0 ], [ 110.147956377000071, -7.872365167999931, 0.0 ] ] ] } },
{ "type": "Feature", "properties": { }, "geometry": { "type": "Polygon", "coordinates": [ [ [ 110.292577999000059, -7.915565, 0.0 ], [ 110.291382, -7.916423, 0.0 ], [ 110.294203, -7.918969, 0.0 ], [ 110.294137999000043, -7.923518, 0.0 ], [ 110.291666, -7.926969, 0.0 ], [ 110.291572, -7.93044, 0.0 ], [ 110.289741, -7.9333, 0.0 ], [ 110.28733, -7.934029, 0.0 ], [ 110.285454, -7.937777, 0.0 ], [ 110.285587, -7.944238000999974, 0.0 ], [ 110.282601, -7.943974, 0.0 ], [ 110.281184, -7.945327000999953, 0.0 ], [ 110.279573, -7.944166, 0.0 ], [ 110.280443, -7.941342, 0.0 ], [ 110.272334, -7.936243, 0.0 ], [ 110.273341, -7.933536, 0.0 ], [ 110.271944999000084, -7.928863, 0.0 ], [ 110.272727, -7.926533, 0.0 ], [ 110.270498369000052, -7.925986533999946, 0.0 ], [ 110.273334530000056, -7.909577630999934, 0.0 ], [ 110.28316, -7.910076, 0.0 ], [ 110.286183, -7.908196000999965, 0.0 ], [ 110.287189, -7.908551, 0.0 ], [ 110.286738, -7.910432, 0.0 ], [ 110.292577999000059, -7.915565, 0.0 ] ] ] } },
{ "type": "Feature", "properties": { }, "geometry": { "type": "Polygon", "coordinates": [ [ [ 110.393758, -7.877467, 0.0 ], [ 110.394598, -7.883216000999937, 0.0 ], [ 110.396998, -7.886258000999931, 0.0 ], [ 110.395252999000036, -7.887495, 0.0 ], [ 110.393583, -7.894788, 0.0 ], [ 110.395658, -7.896714, 0.0 ], [ 110.394924, -7.898945, 0.0 ], [ 110.386056, -7.89701, 0.0 ], [ 110.38574, -7.899879, 0.0 ], [ 110.388544, -7.901578, 0.0 ], [ 110.387938, -7.902970000999971, 0.0 ], [ 110.381926, -7.904207, 0.0 ], [ 110.37923, -7.908569000999933, 0.0 ], [ 110.375819, -7.907221000999925, 0.0 ], [ 110.37407, -7.907944000999976, 0.0 ], [ 110.374089, -7.909312, 0.0 ], [ 110.372729999000057, -7.909002, 0.0 ], [ 110.372648, -7.903566, 0.0 ], [ 110.374184, -7.904237000999956, 0.0 ], [ 110.375036, -7.90242, 0.0 ], [ 110.372643, -7.902133000999982, 0.0 ], [ 110.372703, -7.899954, 0.0 ], [ 110.371506, -7.899891000999958, 0.0 ], [ 110.372031, -7.897206, 0.0 ], [ 110.375684, -7.897615, 0.0 ], [ 110.376567, -7.895974, 0.0 ], [ 110.376583, -7.890019, 0.0 ], [ 110.374152999000046, -7.889661, 0.0 ], [ 110.377086, -7.876737, 0.0 ], [ 110.38165, -7.878672000999927, 0.0 ], [ 110.382393, -7.875557, 0.0 ], [ 110.386033, -7.875129, 0.0 ], [ 110.386242, -7.877078, 0.0 ], [ 110.393758, -7.877467, 0.0 ] ] ] } },
{ "type": "Feature", "properties": { }, "geometry": { "type": "Polygon", "coordinates": [ [ [ 110.255769017000034, -7.923140754999963, 0.0 ], [ 110.264499787000034, -7.928664579999975, 0.0 ], [ 110.267526461000045, -7.92839332099993, 0.0 ], [ 110.270498369000052, -7.925986533999946, 0.0 ], [ 110.272727, -7.926533, 0.0 ], [ 110.271944999000084, -7.928863, 0.0 ], [ 110.273178, -7.931951000999959, 0.0 ], [ 110.267953, -7.93263, 0.0 ], [ 110.267014, -7.939810000999955, 0.0 ], [ 110.264532, -7.939993, 0.0 ], [ 110.26503, -7.93852100099997, 0.0 ], [ 110.262726, -7.93522, 0.0 ], [ 110.262761, -7.931985, 0.0 ], [ 110.260805, -7.932278, 0.0 ], [ 110.26066, -7.935256, 0.0 ], [ 110.255554, -7.938293, 0.0 ], [ 110.25446, -7.941410000999952, 0.0 ], [ 110.259691, -7.943807000999925, 0.0 ], [ 110.259311, -7.946879, 0.0 ], [ 110.264449, -7.947707000999969, 0.0 ], [ 110.262478, -7.949824, 0.0 ], [ 110.261207, -7.954474000999937, 0.0 ], [ 110.237259365000057, -7.949514976999978, 0.0 ], [ 110.242185202000087, -7.941085365999982, 0.0 ], [ 110.246568169000057, -7.929820997999968, 0.0 ], [ 110.250751261000062, -7.925623628999972, 0.0 ], [ 110.255769017000034, -7.923140754999963, 0.0 ] ] ] } },
{ "type": "Feature", "properties": { }, "geometry": { "type": "Polygon", "coordinates": [ [ [ 110.350718341000061, -7.886058417999948, 0.0 ], [ 110.349364503000061, -7.886156828999958, 0.0 ], [ 110.349862684000072, -7.88836589999994, 0.0 ], [ 110.348845284000049, -7.889101567999944, 0.0 ], [ 110.349956298000052, -7.891677157999936, 0.0 ], [ 110.348020513000051, -7.893943408999974, 0.0 ], [ 110.348063149000041, -7.89597667399994, 0.0 ], [ 110.346443027000078, -7.896613804999959, 0.0 ], [ 110.348081369000056, -7.898969387999955, 0.0 ], [ 110.35233340800005, -7.900255312999946, 0.0 ], [ 110.353108906000045, -7.902518161999978, 0.0 ], [ 110.350559378000071, -7.906512070999952, 0.0 ], [ 110.344794816000046, -7.90537605399993, 0.0 ], [ 110.344622933000039, -7.907820188999949, 0.0 ], [ 110.347903494000036, -7.910109814999942, 0.0 ], [ 110.346836162000045, -7.913732870999979, 0.0 ], [ 110.344066836000081, -7.916568909999967, 0.0 ], [ 110.346738298000048, -7.917677270999945, 0.0 ], [ 110.346665276000067, -7.920129270999951, 0.0 ], [ 110.344327328000077, -7.920887002999962, 0.0 ], [ 110.34188839400008, -7.919774802999939, 0.0 ], [ 110.342148506000058, -7.918301718999942, 0.0 ], [ 110.33973037700008, -7.917890974999978, 0.0 ], [ 110.338890724000066, -7.915144357999964, 0.0 ], [ 110.338420645000042, -7.918445812999948, 0.0 ], [ 110.336216988000047, -7.91750689099996, 0.0 ], [ 110.333478304000039, -7.918212186999938, 0.0 ], [ 110.333909955000081, -7.915577794999933, 0.0 ], [ 110.335168951000071, -7.915605224999979, 0.0 ], [ 110.333980289000067, -7.915214936999973, 0.0 ], [ 110.334534068000039, -7.912357977999932, 0.0 ], [ 110.336686718000067, -7.912824098999977, 0.0 ], [ 110.337001969000085, -7.910064750999936, 0.0 ], [ 110.334065957000064, -7.908246534999932, 0.0 ], [ 110.334731443000067, -7.905493428999932, 0.0 ], [ 110.33646107800007, -7.905923532999964, 0.0 ], [ 110.338063803000068, -7.898796839999932, 0.0 ], [ 110.335338605000061, -7.897677210999973, 0.0 ], [ 110.33674435100005, -7.895370130999936, 0.0 ], [ 110.335778322000067, -7.894002388999979, 0.0 ], [ 110.337654538000038, -7.893540800999972, 0.0 ], [ 110.335910445000081, -7.890005726999959, 0.0 ], [ 110.335411732000068, -7.891182371999946, 0.0 ], [ 110.33348241300007, -7.890920842999947, 0.0 ], [ 110.33384125300006, -7.891660900999966, 0.0 ], [ 110.331436263000057, -7.888021399999957, 0.0 ], [ 110.332490126000039, -7.886745633999965, 0.0 ], [ 110.335690553000063, -7.887923324999974, 0.0 ], [ 110.335287098000038, -7.885638297999947, 0.0 ], [ 110.336790853000082, -7.884263525999927, 0.0 ], [ 110.337713, -7.879339487999971, 0.0 ], [ 110.341500451000059, -7.879670360999967, 0.0 ], [ 110.341233245000069, -7.881223395999939, 0.0 ], [ 110.342505656000071, -7.881499532999953, 0.0 ], [ 110.346175291000065, -7.879058329999964, 0.0 ], [ 110.345871483000053, -7.877991757999951, 0.0 ], [ 110.348118520000071, -7.880127452999943, 0.0 ], [ 110.348514979000072, -7.885438249999936, 0.0 ], [ 110.350562353000043, -7.885045448999961, 0.0 ], [ 110.350718341000061, -7.886058417999948, 0.0 ] ] ] } },
{ "type": "Feature", "properties": { }, "geometry": { "type": "Polygon", "coordinates": [ [ [ 110.281933, -7.83425, 0.0 ], [ 110.284625, -7.836797, 0.0 ], [ 110.284626, -7.838910000999931, 0.0 ], [ 110.280365, -7.847011, 0.0 ], [ 110.287824, -7.849752000999956, 0.0 ], [ 110.285598, -7.859449, 0.0 ], [ 110.287882, -7.860941, 0.0 ], [ 110.283738, -7.86193, 0.0 ], [ 110.285454, -7.866644, 0.0 ], [ 110.282385, -7.870237, 0.0 ], [ 110.285242, -7.871862, 0.0 ], [ 110.284354, -7.875518, 0.0 ], [ 110.279681, -7.881212, 0.0 ], [ 110.27503, -7.882670000999951, 0.0 ], [ 110.273289, -7.879831, 0.0 ], [ 110.270203, -7.880029, 0.0 ], [ 110.268966, -7.87788, 0.0 ], [ 110.266849853000053, -7.881788513999936, 0.0 ], [ 110.260047815000064, -7.873058955999966, 0.0 ], [ 110.25658065500005, -7.865453705999926, 0.0 ], [ 110.257344, -7.861782000999938, 0.0 ], [ 110.259069, -7.861773, 0.0 ], [ 110.258876, -7.859494, 0.0 ], [ 110.256986, -7.858072, 0.0 ], [ 110.257598, -7.854422, 0.0 ], [ 110.26075, -7.852141, 0.0 ], [ 110.270741, -7.837406000999977, 0.0 ], [ 110.27739, -7.837329000999944, 0.0 ], [ 110.2788, -7.834027, 0.0 ], [ 110.281933, -7.83425, 0.0 ] ] ] } },
{ "type": "Feature", "properties": { }, "geometry": { "type": "Polygon", "coordinates": [ [ [ 110.25658065500005, -7.865453705999926, 0.0 ], [ 110.260047815000064, -7.873058955999966, 0.0 ], [ 110.265377808000039, -7.87894812199994, 0.0 ], [ 110.268835486000057, -7.885304265999935, 0.0 ], [ 110.26813029200008, -7.886040611999931, 0.0 ], [ 110.259550235000063, -7.888288015999933, 0.0 ], [ 110.258389548000082, -7.886559695999949, 0.0 ], [ 110.254887268000061, -7.885699360999979, 0.0 ], [ 110.252811998000084, -7.887285012999939, 0.0 ], [ 110.251341644000036, -7.892398089999972, 0.0 ], [ 110.243349303000059, -7.891660243999979, 0.0 ], [ 110.242260541000064, -7.892752323999957, 0.0 ], [ 110.240070370000069, -7.890879960999939, 0.0 ], [ 110.238580356000057, -7.894218069999965, 0.0 ], [ 110.235426644000086, -7.887807044999931, 0.0 ], [ 110.223660247000055, -7.883988016999979, 0.0 ], [ 110.225485437000088, -7.874340682999957, 0.0 ], [ 110.227625074000059, -7.87436447999994, 0.0 ], [ 110.227111796000088, -7.879773841999963, 0.0 ], [ 110.229210300000034, -7.880070699999976, 0.0 ], [ 110.232083200000034, -7.870674099999974, 0.0 ], [ 110.234710244000041, -7.87116802099996, 0.0 ], [ 110.238020243000051, -7.86084802299996, 0.0 ], [ 110.242358983000088, -7.856689177999954, 0.0 ], [ 110.247484261000068, -7.860888012999965, 0.0 ], [ 110.25658065500005, -7.865453705999926, 0.0 ] ] ] } },
{ "type": "Feature", "properties": { }, "geometry": { "type": "Polygon", "coordinates": [ [ [ 110.194383674000051, -7.930155680999974, 0.0 ], [ 110.191747344000078, -7.93358675199994, 0.0 ], [ 110.184892804000071, -7.933556192999959, 0.0 ], [ 110.182539599000052, -7.925625135999951, 0.0 ], [ 110.184171384000081, -7.917327386999943, 0.0 ], [ 110.185720149000076, -7.917534304999947, 0.0 ], [ 110.185491575000071, -7.920026771999972, 0.0 ], [ 110.190730258000087, -7.920098008999958, 0.0 ], [ 110.190197227000056, -7.92192302899997, 0.0 ], [ 110.195393465000052, -7.922811144999969, 0.0 ], [ 110.194383674000051, -7.930155680999974, 0.0 ] ] ] } },
{ "type": "Feature", "properties": { }, "geometry": { "type": "Polygon", "coordinates": [ [ [ 110.394848, -7.809130000999971, 0.0 ], [ 110.393361999000035, -7.813807, 0.0 ], [ 110.391613, -7.814396000999977, 0.0 ], [ 110.392096, -7.812673, 0.0 ], [ 110.386048, -7.811391000999947, 0.0 ], [ 110.387108, -7.80194, 0.0 ], [ 110.39065, -7.802075, 0.0 ], [ 110.390347, -7.805384000999936, 0.0 ], [ 110.394848, -7.809130000999971, 0.0 ] ] ] } },
{ "type": "Feature", "properties": { }, "geometry": { "type": "Polygon", "coordinates": [ [ [ 110.162806258000046, -7.857069058999969, 0.0 ], [ 110.162700267000048, -7.860848023999949, 0.0 ], [ 110.163480267000068, -7.862128023999958, 0.0 ], [ 110.166190266000058, -7.862488022999969, 0.0 ], [ 110.166640266000059, -7.864208022999946, 0.0 ], [ 110.16420026600008, -7.864378021999926, 0.0 ], [ 110.162300267000035, -7.868338021999932, 0.0 ], [ 110.157170268000073, -7.868218020999961, 0.0 ], [ 110.153140270000051, -7.866528021999954, 0.0 ], [ 110.153340269000068, -7.869878020999977, 0.0 ], [ 110.148650272000054, -7.871288021999931, 0.0 ], [ 110.150350271000036, -7.872808021999958, 0.0 ], [ 110.149740271000042, -7.873758019999968, 0.0 ], [ 110.148200272000054, -7.873018019999961, 0.0 ], [ 110.147468854000067, -7.869108383999958, 0.0 ], [ 110.142200274000061, -7.870618020999927, 0.0 ], [ 110.139072718000079, -7.865652763999947, 0.0 ], [ 110.140409134000038, -7.86565982999997, 0.0 ], [ 110.141534260000071, -7.862914694999972, 0.0 ], [ 110.145602385000075, -7.861720174999959, 0.0 ], [ 110.147275355000033, -7.856271960999948, 0.0 ], [ 110.141310247000035, -7.839148357999932, 0.0 ], [ 110.144703925000044, -7.839846738999938, 0.0 ], [ 110.145032670000035, -7.842452581999964, 0.0 ], [ 110.149873735000085, -7.84645216499996, 0.0 ], [ 110.151100270000086, -7.852948026999968, 0.0 ], [ 110.154593850000083, -7.852926182999965, 0.0 ], [ 110.155066495000085, -7.851866516999962, 0.0 ], [ 110.158588761000033, -7.852763255999946, 0.0 ], [ 110.161798529000066, -7.854067888999964, 0.0 ], [ 110.161228878000088, -7.855815180999969, 0.0 ], [ 110.162806258000046, -7.857069058999969, 0.0 ] ] ] } },
{ "type": "Feature", "properties": { }, "geometry": { "type": "Polygon", "coordinates": [ [ [ 110.218980249000083, -7.770848046999959, 0.0 ], [ 110.220206670000039, -7.776984243999948, 0.0 ], [ 110.228384478000066, -7.785644968999975, 0.0 ], [ 110.228891303000069, -7.788691416999939, 0.0 ], [ 110.232706695000047, -7.790538406999929, 0.0 ], [ 110.236141406000058, -7.798213664999935, 0.0 ], [ 110.22844587600008, -7.805452196999966, 0.0 ], [ 110.224370248000071, -7.805028036999943, 0.0 ], [ 110.223641304000068, -7.803193939999971, 0.0 ], [ 110.224966991000088, -7.800326469999959, 0.0 ], [ 110.21876024900007, -7.795708039999965, 0.0 ], [ 110.213126338000052, -7.79240312099995, 0.0 ], [ 110.211712421000072, -7.792673068999932, 0.0 ], [ 110.211014889000069, -7.791108698999949, 0.0 ], [ 110.203168067000036, -7.789624303999972, 0.0 ], [ 110.204298748000042, -7.785379456999976, 0.0 ], [ 110.209224021000068, -7.781804978999958, 0.0 ], [ 110.205860252000036, -7.77759804599998, 0.0 ], [ 110.208700300000089, -7.773588045999929, 0.0 ], [ 110.211728211000036, -7.775971245999926, 0.0 ], [ 110.211512330000062, -7.773678763999953, 0.0 ], [ 110.213790009000036, -7.77325568699996, 0.0 ], [ 110.213790240000037, -7.770736971999952, 0.0 ], [ 110.217480253000076, -7.769936034999944, 0.0 ], [ 110.218980249000083, -7.770848046999959, 0.0 ] ] ] } },
{ "type": "Feature", "properties": { }, "geometry": { "type": "Polygon", "coordinates": [ [ [ 110.29435, -7.89186, 0.0 ], [ 110.301755, -7.894611, 0.0 ], [ 110.302109, -7.896247, 0.0 ], [ 110.306035, -7.896015, 0.0 ], [ 110.30438, -7.902124, 0.0 ], [ 110.301553, -7.906617000999972, 0.0 ], [ 110.304666, -7.909, 0.0 ], [ 110.304739, -7.915589000999944, 0.0 ], [ 110.298626, -7.914389, 0.0 ], [ 110.298853, -7.913001, 0.0 ], [ 110.297544, -7.912467000999925, 0.0 ], [ 110.294267, -7.915995, 0.0 ], [ 110.286738, -7.910432, 0.0 ], [ 110.287189, -7.908551, 0.0 ], [ 110.28316, -7.910076, 0.0 ], [ 110.28049, -7.909660000999963, 0.0 ], [ 110.281772999000054, -7.906695000999946, 0.0 ], [ 110.281506, -7.902223, 0.0 ], [ 110.284666, -7.900934, 0.0 ], [ 110.284355, -7.897094, 0.0 ], [ 110.2869, -7.897487, 0.0 ], [ 110.289366, -7.900059, 0.0 ], [ 110.292228, -7.899801, 0.0 ], [ 110.293844999000044, -7.898814, 0.0 ], [ 110.29435, -7.89186, 0.0 ] ] ] } },
{ "type": "Feature", "properties": { }, "geometry": { "type": "Polygon", "coordinates": [ [ [ 110.354755, -7.801042, 0.0 ], [ 110.3538, -7.804969, 0.0 ], [ 110.355243, -7.805981, 0.0 ], [ 110.353681, -7.808277, 0.0 ], [ 110.344799642000055, -7.807034309999949, 0.0 ], [ 110.347746147000066, -7.800907539999969, 0.0 ], [ 110.354755, -7.801042, 0.0 ] ] ] } },
{ "type": "Feature", "properties": { }, "geometry": { "type": "Polygon", "coordinates": [ [ [ 110.375082, -7.801655, 0.0 ], [ 110.375344, -7.804330000999926, 0.0 ], [ 110.378058, -7.804591, 0.0 ], [ 110.378635, -7.80175, 0.0 ], [ 110.38051099900008, -7.801796000999957, 0.0 ], [ 110.381246, -7.805087, 0.0 ], [ 110.379515, -7.806337, 0.0 ], [ 110.378893, -7.809784, 0.0 ], [ 110.381472, -7.812179, 0.0 ], [ 110.381438, -7.815088, 0.0 ], [ 110.376516, -7.813545, 0.0 ], [ 110.376181999000039, -7.815701000999979, 0.0 ], [ 110.374637, -7.815494, 0.0 ], [ 110.3743, -7.80516800099997, 0.0 ], [ 110.372089, -7.80414, 0.0 ], [ 110.371257, -7.801539, 0.0 ], [ 110.375082, -7.801655, 0.0 ] ] ] } },
{ "type": "Feature", "properties": { }, "geometry": { "type": "Polygon", "coordinates": [ [ [ 110.406621066000071, -7.83158741799997, 0.0 ], [ 110.408447, -7.840581, 0.0 ], [ 110.405556, -7.840427000999966, 0.0 ], [ 110.405384, -7.84425300099997, 0.0 ], [ 110.408007999000063, -7.844628, 0.0 ], [ 110.407733999000072, -7.847242, 0.0 ], [ 110.410492, -7.848191000999975, 0.0 ], [ 110.409595, -7.855231000999936, 0.0 ], [ 110.403801, -7.854634, 0.0 ], [ 110.402038, -7.863121, 0.0 ], [ 110.399599, -7.862713, 0.0 ], [ 110.396416, -7.861479, 0.0 ], [ 110.397521, -7.858708, 0.0 ], [ 110.393698, -7.858338, 0.0 ], [ 110.393905, -7.85595, 0.0 ], [ 110.388194999000063, -7.854042000999925, 0.0 ], [ 110.3894, -7.847843, 0.0 ], [ 110.387657, -7.847577, 0.0 ], [ 110.390004, -7.843344, 0.0 ], [ 110.395541, -7.843716, 0.0 ], [ 110.396139, -7.841933000999973, 0.0 ], [ 110.402835, -7.842072, 0.0 ], [ 110.401911956000049, -7.833098525999958, 0.0 ], [ 110.40356599900008, -7.833092601999965, 0.0 ], [ 110.405076512000051, -7.830461209999953, 0.0 ], [ 110.406621066000071, -7.83158741799997, 0.0 ] ] ] } },
{ "type": "Feature", "properties": { }, "geometry": { "type": "Polygon", "coordinates": [ [ [ 110.39001, -7.855284, 0.0 ], [ 110.393905, -7.85595, 0.0 ], [ 110.393698, -7.858338, 0.0 ], [ 110.397521, -7.858708, 0.0 ], [ 110.394469, -7.866671, 0.0 ], [ 110.39559, -7.876545000999954, 0.0 ], [ 110.393758, -7.877467, 0.0 ], [ 110.386242, -7.877078, 0.0 ], [ 110.386033, -7.875129, 0.0 ], [ 110.382072, -7.875984, 0.0 ], [ 110.382023, -7.872894, 0.0 ], [ 110.3795, -7.871787000999973, 0.0 ], [ 110.38135, -7.866747, 0.0 ], [ 110.378649, -7.866912000999946, 0.0 ], [ 110.378472, -7.862151, 0.0 ], [ 110.37619999900005, -7.85944, 0.0 ], [ 110.375855, -7.854675, 0.0 ], [ 110.385504, -7.857103000999928, 0.0 ], [ 110.38632, -7.858362, 0.0 ], [ 110.389749, -7.85783, 0.0 ], [ 110.39001, -7.855284, 0.0 ] ] ] } },
{ "type": "Feature", "properties": { }, "geometry": { "type": "Polygon", "coordinates": [ [ [ 110.45472, -7.872696, 0.0 ], [ 110.446757999000056, -7.881681, 0.0 ], [ 110.44611, -7.887001000999931, 0.0 ], [ 110.432139, -7.900297000999956, 0.0 ], [ 110.430635, -7.900738, 0.0 ], [ 110.427129, -7.895238, 0.0 ], [ 110.423974, -7.895017, 0.0 ], [ 110.42176, -7.893161000999953, 0.0 ], [ 110.425529, -7.885712000999945, 0.0 ], [ 110.424441, -7.882711000999961, 0.0 ], [ 110.435725, -7.881077, 0.0 ], [ 110.436171, -7.877788, 0.0 ], [ 110.434613, -7.877124, 0.0 ], [ 110.438013, -7.873575, 0.0 ], [ 110.437983, -7.870984, 0.0 ], [ 110.443711, -7.869082, 0.0 ], [ 110.446424, -7.871441, 0.0 ], [ 110.448752, -7.870401000999948, 0.0 ], [ 110.45472, -7.872696, 0.0 ] ] ] } },
{ "type": "Feature", "properties": { }, "geometry": { "type": "Polygon", "coordinates": [ [ [ 110.41556, -7.891081, 0.0 ], [ 110.423974, -7.895017, 0.0 ], [ 110.427129, -7.895238, 0.0 ], [ 110.429199, -7.899236, 0.0 ], [ 110.433838, -7.901949, 0.0 ], [ 110.437252, -7.906584, 0.0 ], [ 110.435371, -7.912132, 0.0 ], [ 110.426368, -7.922025000999952, 0.0 ], [ 110.425741, -7.925997, 0.0 ], [ 110.414588, -7.928475, 0.0 ], [ 110.412619, -7.930317, 0.0 ], [ 110.406767, -7.93085, 0.0 ], [ 110.406216, -7.92777, 0.0 ], [ 110.402854, -7.924122, 0.0 ], [ 110.395536, -7.92290000099996, 0.0 ], [ 110.393428, -7.918672000999948, 0.0 ], [ 110.391696, -7.924422000999925, 0.0 ], [ 110.386555, -7.924540000999968, 0.0 ], [ 110.385783, -7.913479, 0.0 ], [ 110.387511999000083, -7.911222000999942, 0.0 ], [ 110.384491, -7.910294, 0.0 ], [ 110.381211, -7.912439, 0.0 ], [ 110.378462999000078, -7.910484, 0.0 ], [ 110.377417, -7.911051, 0.0 ], [ 110.381677, -7.90438, 0.0 ], [ 110.386506, -7.903807, 0.0 ], [ 110.388446999000053, -7.902369, 0.0 ], [ 110.38574, -7.899879, 0.0 ], [ 110.386346, -7.896891, 0.0 ], [ 110.391895, -7.897539, 0.0 ], [ 110.394311, -7.899422000999948, 0.0 ], [ 110.395658, -7.896714, 0.0 ], [ 110.409905, -7.895268000999977, 0.0 ], [ 110.41556, -7.891081, 0.0 ] ] ] } },
{ "type": "Feature", "properties": { }, "geometry": { "type": "Polygon", "coordinates": [ [ [ 110.325936537000075, -7.782638176999967, 0.0 ], [ 110.328216231000056, -7.785012445999939, 0.0 ], [ 110.326773117000073, -7.786028110999951, 0.0 ], [ 110.32814677500005, -7.787746201999937, 0.0 ], [ 110.327171475000057, -7.791364299999941, 0.0 ], [ 110.328654254000071, -7.793811824999977, 0.0 ], [ 110.327226673000041, -7.798928339999975, 0.0 ], [ 110.332199, -7.803104, 0.0 ], [ 110.330049, -7.80481, 0.0 ], [ 110.330758, -7.806366, 0.0 ], [ 110.328859051000052, -7.806001581999965, 0.0 ], [ 110.328850811000052, -7.804911597999933, 0.0 ], [ 110.32357502800005, -7.805538614999932, 0.0 ], [ 110.32090326000008, -7.803921367999976, 0.0 ], [ 110.31914344900008, -7.807106112999975, 0.0 ], [ 110.317148218000057, -7.806832716999963, 0.0 ], [ 110.316042445000051, -7.805168008999942, 0.0 ], [ 110.316200630000083, -7.808228941999971, 0.0 ], [ 110.314732645000049, -7.809397917999945, 0.0 ], [ 110.315989284000068, -7.811102600999959, 0.0 ], [ 110.314718915000071, -7.810939515999962, 0.0 ], [ 110.314418963000037, -7.812692394999942, 0.0 ], [ 110.315026524000075, -7.816792729999975, 0.0 ], [ 110.313511090000077, -7.81889345899998, 0.0 ], [ 110.316726444000039, -7.820173392999948, 0.0 ], [ 110.316583329000082, -7.823722224999926, 0.0 ], [ 110.311550219000083, -7.822513665999963, 0.0 ], [ 110.312414450000063, -7.820155592999981, 0.0 ], [ 110.311170980000043, -7.818085090999944, 0.0 ], [ 110.30935168700006, -7.818700964999948, 0.0 ], [ 110.30692197500008, -7.822346222999954, 0.0 ], [ 110.306357086000048, -7.828879129999962, 0.0 ], [ 110.30294105300004, -7.827517164999961, 0.0 ], [ 110.303148970000052, -7.825080422999974, 0.0 ], [ 110.301671879000082, -7.824244360999955, 0.0 ], [ 110.302610471000037, -7.82059260099993, 0.0 ], [ 110.301718250000079, -7.818172381999943, 0.0 ], [ 110.305219523000062, -7.815680947999965, 0.0 ], [ 110.309142742000063, -7.816183207999927, 0.0 ], [ 110.309503730000074, -7.815204356999971, 0.0 ], [ 110.308034182000085, -7.814668248999965, 0.0 ], [ 110.309194285000046, -7.809068425999953, 0.0 ], [ 110.30766888800008, -7.808834734999948, 0.0 ], [ 110.30802185400006, -7.807035551999945, 0.0 ], [ 110.305006645000049, -7.805888668999955, 0.0 ], [ 110.308072322000044, -7.805705220999926, 0.0 ], [ 110.306535516000054, -7.804648037999925, 0.0 ], [ 110.310034232000078, -7.803101645999959, 0.0 ], [ 110.310091192000073, -7.800514119999946, 0.0 ], [ 110.313577014000089, -7.800376556999936, 0.0 ], [ 110.313701799000057, -7.798982838999962, 0.0 ], [ 110.310143613000037, -7.79855792099994, 0.0 ], [ 110.309975027000064, -7.793574222999951, 0.0 ], [ 110.313989269000047, -7.792784586999971, 0.0 ], [ 110.314837046000036, -7.790731070999925, 0.0 ], [ 110.316268466000054, -7.791323953999949, 0.0 ], [ 110.318222614000035, -7.782106518999967, 0.0 ], [ 110.323162375000038, -7.783406429999957, 0.0 ], [ 110.325936537000075, -7.782638176999967, 0.0 ] ] ] } },
{ "type": "Feature", "properties": { }, "geometry": { "type": "Polygon", "coordinates": [ [ [ 110.463623307000034, -7.650782238999966, 0.0 ], [ 110.463803372000086, -7.654605310999955, 0.0 ], [ 110.468636210000057, -7.653025763999949, 0.0 ], [ 110.469400439000083, -7.650863806999951, 0.0 ], [ 110.471488397000087, -7.650919408999926, 0.0 ], [ 110.477433445000088, -7.677774399999976, 0.0 ], [ 110.476088494000066, -7.677951116999964, 0.0 ], [ 110.475125567000077, -7.674245548999977, 0.0 ], [ 110.473388939000074, -7.67458182799993, 0.0 ], [ 110.473447793000048, -7.67242534199994, 0.0 ], [ 110.470784434000052, -7.673915844999954, 0.0 ], [ 110.470179802000075, -7.672673627999927, 0.0 ], [ 110.468369193000058, -7.672783526999979, 0.0 ], [ 110.468283120000081, -7.670977279999931, 0.0 ], [ 110.467200753000043, -7.671382422999955, 0.0 ], [ 110.467702622000047, -7.672934882999925, 0.0 ], [ 110.465939914000046, -7.673261086999958, 0.0 ], [ 110.467262887000061, -7.674678404999952, 0.0 ], [ 110.467415622000033, -7.677752235999947, 0.0 ], [ 110.466309391000038, -7.684396736999929, 0.0 ], [ 110.467898468000044, -7.684919324999953, 0.0 ], [ 110.466693973000076, -7.689867693999929, 0.0 ], [ 110.464493216000051, -7.68890781999994, 0.0 ], [ 110.464487313000063, -7.685609907999947, 0.0 ], [ 110.462212818000069, -7.684251461999963, 0.0 ], [ 110.462237071000061, -7.680927555999972, 0.0 ], [ 110.460845658000039, -7.681893090999949, 0.0 ], [ 110.45783786700008, -7.678795867999952, 0.0 ], [ 110.458047132000047, -7.679796425999939, 0.0 ], [ 110.454477978000057, -7.680414869999936, 0.0 ], [ 110.452955429000042, -7.679519432999939, 0.0 ], [ 110.453368294000086, -7.680352944999981, 0.0 ], [ 110.45039679000007, -7.682392458999971, 0.0 ], [ 110.447506860000033, -7.682036333999974, 0.0 ], [ 110.448952850000069, -7.678649298999972, 0.0 ], [ 110.447169391000045, -7.674558581999975, 0.0 ], [ 110.448504092000064, -7.671091177999926, 0.0 ], [ 110.447707520000051, -7.664951045999942, 0.0 ], [ 110.449421879000056, -7.66239189099997, 0.0 ], [ 110.45516217100004, -7.661444417999974, 0.0 ], [ 110.455022875000054, -7.656291766999971, 0.0 ], [ 110.461046254000053, -7.656157950999955, 0.0 ], [ 110.463623307000034, -7.650782238999966, 0.0 ] ] ] } },
{ "type": "Feature", "properties": { }, "geometry": { "type": "Polygon", "coordinates": [ [ [ 110.308131373000037, -7.789682285999959, 0.0 ], [ 110.308098513000061, -7.791706398999963, 0.0 ], [ 110.312742050000054, -7.792644623999934, 0.0 ], [ 110.309975027000064, -7.793574222999951, 0.0 ], [ 110.310143613000037, -7.79855792099994, 0.0 ], [ 110.313701799000057, -7.798982838999962, 0.0 ], [ 110.313446700000043, -7.800605969999935, 0.0 ], [ 110.310091192000073, -7.800514119999946, 0.0 ], [ 110.310034232000078, -7.803101645999959, 0.0 ], [ 110.307021066000061, -7.803635607999979, 0.0 ], [ 110.306512446000056, -7.804813963999948, 0.0 ], [ 110.308072322000044, -7.805705220999926, 0.0 ], [ 110.305006645000049, -7.805888668999955, 0.0 ], [ 110.30802185400006, -7.807035551999945, 0.0 ], [ 110.30766888800008, -7.808834734999948, 0.0 ], [ 110.309194285000046, -7.809068425999953, 0.0 ], [ 110.308034182000085, -7.814668248999965, 0.0 ], [ 110.309505736000062, -7.815023616999952, 0.0 ], [ 110.309142742000063, -7.816183207999927, 0.0 ], [ 110.305219523000062, -7.815680947999965, 0.0 ], [ 110.301718250000079, -7.818172381999943, 0.0 ], [ 110.302610471000037, -7.82059260099993, 0.0 ], [ 110.301671879000082, -7.824244360999955, 0.0 ], [ 110.303491518000044, -7.826221944999929, 0.0 ], [ 110.302452057000039, -7.826119035999966, 0.0 ], [ 110.302203156000076, -7.827796194999962, 0.0 ], [ 110.297396201000083, -7.827544843999931, 0.0 ], [ 110.298519071000044, -7.829133451999951, 0.0 ], [ 110.300159844000063, -7.828991735999978, 0.0 ], [ 110.29812905700004, -7.832991075999928, 0.0 ], [ 110.295117957000059, -7.832096859999979, 0.0 ], [ 110.292423050000082, -7.83522835399998, 0.0 ], [ 110.28780260800005, -7.834118112999931, 0.0 ], [ 110.286030116000063, -7.831742718999976, 0.0 ], [ 110.288969441000063, -7.823638734999975, 0.0 ], [ 110.285048803000052, -7.817833801999939, 0.0 ], [ 110.282526525000037, -7.817287062999981, 0.0 ], [ 110.28035053800005, -7.818487704999939, 0.0 ], [ 110.28316867500007, -7.811841543999947, 0.0 ], [ 110.282734680000033, -7.807705785999929, 0.0 ], [ 110.281503561000079, -7.806781102999935, 0.0 ], [ 110.286272127000075, -7.804255367999929, 0.0 ], [ 110.285891200000037, -7.802020213999981, 0.0 ], [ 110.289496941000039, -7.794890513999974, 0.0 ], [ 110.293378155000084, -7.793392528999959, 0.0 ], [ 110.294367716000068, -7.791079535999927, 0.0 ], [ 110.29574707900008, -7.792185930999949, 0.0 ], [ 110.29345205900006, -7.79487243799997, 0.0 ], [ 110.296010092000074, -7.794624673999976, 0.0 ], [ 110.297474598000065, -7.797391528999981, 0.0 ], [ 110.298567092000042, -7.795467947999953, 0.0 ], [ 110.298332290000076, -7.796971868999947, 0.0 ], [ 110.299538851000079, -7.797698259999947, 0.0 ], [ 110.300389722000034, -7.795832976999975, 0.0 ], [ 110.302820291000046, -7.795601257999976, 0.0 ], [ 110.301569473000086, -7.791242672999942, 0.0 ], [ 110.304511179000087, -7.791681991999951, 0.0 ], [ 110.304610783000044, -7.790693827999974, 0.0 ], [ 110.307201016000079, -7.790965576999952, 0.0 ], [ 110.308131373000037, -7.789682285999959, 0.0 ] ] ] } },
{ "type": "Feature", "properties": { }, "geometry": { "type": "Polygon", "coordinates": [ [ [ 110.605901772000038, -7.968695725999964, 0.0 ], [ 110.614772423000034, -7.968414505999931, 0.0 ], [ 110.619228834000069, -7.972626285999979, 0.0 ], [ 110.623629756000071, -7.973100202999944, 0.0 ], [ 110.622291838000081, -7.975164993999954, 0.0 ], [ 110.623697881000055, -7.988657026999931, 0.0 ], [ 110.622170457000038, -7.991613254999947, 0.0 ], [ 110.617262424000046, -7.992263522999963, 0.0 ], [ 110.614763163000077, -7.993859354999927, 0.0 ], [ 110.610360038000067, -7.992993658999978, 0.0 ], [ 110.611765239000079, -7.990219184999944, 0.0 ], [ 110.611171735000084, -7.988177949999965, 0.0 ], [ 110.60994746700004, -7.988297365999927, 0.0 ], [ 110.61147352100005, -7.985479607999935, 0.0 ], [ 110.610919709000086, -7.982581732999961, 0.0 ], [ 110.606985390000034, -7.982807222999952, 0.0 ], [ 110.606972648000067, -7.979868470999975, 0.0 ], [ 110.604511415000047, -7.97880171099996, 0.0 ], [ 110.604904192000049, -7.976458080999976, 0.0 ], [ 110.607189912000081, -7.976100236999969, 0.0 ], [ 110.60686292400004, -7.974660652999944, 0.0 ], [ 110.604659251000044, -7.973235497999951, 0.0 ], [ 110.604759061000038, -7.974555616999965, 0.0 ], [ 110.601776435000033, -7.973627989999954, 0.0 ], [ 110.601220383000054, -7.972094907999974, 0.0 ], [ 110.605901772000038, -7.968695725999964, 0.0 ] ] ] } },
{ "type": "Feature", "properties": { }, "geometry": { "type": "Polygon", "coordinates": [ [ [ 110.544504564000079, -7.89401090299998, 0.0 ], [ 110.546443562000036, -7.899106222999933, 0.0 ], [ 110.545190295000054, -7.906127554999955, 0.0 ], [ 110.548149114000068, -7.909850936999931, 0.0 ], [ 110.546246089000078, -7.91166003799998, 0.0 ], [ 110.54455050100006, -7.911314179999977, 0.0 ], [ 110.541730229000052, -7.914730869999971, 0.0 ], [ 110.544135219000054, -7.920717965999927, 0.0 ], [ 110.542418339000051, -7.928026538999973, 0.0 ], [ 110.535361142000056, -7.933075802999952, 0.0 ], [ 110.527919600000075, -7.93456525299996, 0.0 ], [ 110.52729434400004, -7.933620904999941, 0.0 ], [ 110.528937785000039, -7.932115761999967, 0.0 ], [ 110.529366202000062, -7.928415424999969, 0.0 ], [ 110.526277582000034, -7.927406499999961, 0.0 ], [ 110.52321457000005, -7.917099586999939, 0.0 ], [ 110.520174865000058, -7.915167384999961, 0.0 ], [ 110.520640426000057, -7.913881063999952, 0.0 ], [ 110.516089038000075, -7.913464159999933, 0.0 ], [ 110.514645891000043, -7.910656079999967, 0.0 ], [ 110.525383830000067, -7.906607304999966, 0.0 ], [ 110.526293971000086, -7.904281869999977, 0.0 ], [ 110.524418979000075, -7.90060750899994, 0.0 ], [ 110.528691120000076, -7.894461544999956, 0.0 ], [ 110.531525226000042, -7.896446293999929, 0.0 ], [ 110.544504564000079, -7.89401090299998, 0.0 ] ] ] } },
{ "type": "Feature", "properties": { }, "geometry": { "type": "Polygon", "coordinates": [ [ [ 110.572612013000082, -7.92063518599997, 0.0 ], [ 110.570011554000075, -7.929108416999952, 0.0 ], [ 110.570240500000068, -7.937554768999973, 0.0 ], [ 110.573159773000043, -7.937825425999961, 0.0 ], [ 110.570975844000088, -7.946399926999959, 0.0 ], [ 110.570181899000033, -7.944476737999935, 0.0 ], [ 110.568864654000038, -7.944316787999981, 0.0 ], [ 110.568444876000058, -7.940699594999955, 0.0 ], [ 110.565074912000057, -7.940806871999939, 0.0 ], [ 110.564532199000041, -7.939662433999956, 0.0 ], [ 110.561969618000035, -7.939786695999942, 0.0 ], [ 110.562836791000052, -7.938744069999927, 0.0 ], [ 110.559856860000082, -7.938157841999953, 0.0 ], [ 110.56064217900007, -7.934728446999941, 0.0 ], [ 110.55626533800006, -7.936407265999947, 0.0 ], [ 110.555565036000075, -7.935668041999975, 0.0 ], [ 110.553663489000087, -7.923079779999966, 0.0 ], [ 110.557305437000082, -7.920725397999945, 0.0 ], [ 110.557971059000067, -7.918820240999935, 0.0 ], [ 110.56125611300007, -7.917963254999961, 0.0 ], [ 110.566383060000078, -7.918319235999945, 0.0 ], [ 110.572612013000082, -7.92063518599997, 0.0 ] ] ] } },
{ "type": "Feature", "properties": { }, "geometry": { "type": "Polygon", "coordinates": [ [ [ 110.366800815000033, -7.648636453999927, 0.0 ], [ 110.362980736000054, -7.655026968999948, 0.0 ], [ 110.359653493000053, -7.654110524999965, 0.0 ], [ 110.357855175000054, -7.662556668999969, 0.0 ], [ 110.355177531000038, -7.663093302999926, 0.0 ], [ 110.354767561000074, -7.666510007999932, 0.0 ], [ 110.352937586000053, -7.668536939999967, 0.0 ], [ 110.343633374000035, -7.664163808999945, 0.0 ], [ 110.345145614000046, -7.657662737999942, 0.0 ], [ 110.343410250000034, -7.656987472999958, 0.0 ], [ 110.35203554800006, -7.645050642999934, 0.0 ], [ 110.352253169000051, -7.635992850999969, 0.0 ], [ 110.356447048000064, -7.632573324999953, 0.0 ], [ 110.356911409000077, -7.62848035899998, 0.0 ], [ 110.360241807000079, -7.624987163999947, 0.0 ], [ 110.364127593000035, -7.621843773999956, 0.0 ], [ 110.369887679000044, -7.619913846999964, 0.0 ], [ 110.372324769000045, -7.62193889699995, 0.0 ], [ 110.372384005000072, -7.62367005699997, 0.0 ], [ 110.366285340000047, -7.629334250999932, 0.0 ], [ 110.362729426000044, -7.644539619999932, 0.0 ], [ 110.367054276000033, -7.645350334999932, 0.0 ], [ 110.366800815000033, -7.648636453999927, 0.0 ] ] ] } },
{ "type": "Feature", "properties": { }, "geometry": { "type": "Polygon", "coordinates": [ [ [ 110.347644689000049, -7.780599837999944, 0.0 ], [ 110.343534274000035, -7.791873303999978, 0.0 ], [ 110.338138727000057, -7.793029650999927, 0.0 ], [ 110.338841711000043, -7.795492488999969, 0.0 ], [ 110.337849627000082, -7.79783436799994, 0.0 ], [ 110.332766166000056, -7.798076510999977, 0.0 ], [ 110.332387158000074, -7.800066540999978, 0.0 ], [ 110.330788486000074, -7.799956262999956, 0.0 ], [ 110.330180563000056, -7.801455680999936, 0.0 ], [ 110.327401601000076, -7.79918939099997, 0.0 ], [ 110.328654254000071, -7.793811824999977, 0.0 ], [ 110.327171475000057, -7.791364299999941, 0.0 ], [ 110.32814677500005, -7.787746201999937, 0.0 ], [ 110.326773117000073, -7.786028110999951, 0.0 ], [ 110.328200159000062, -7.784884885999929, 0.0 ], [ 110.325898312000049, -7.782275045999938, 0.0 ], [ 110.328371838000066, -7.780149995999977, 0.0 ], [ 110.32708711500004, -7.777532103999931, 0.0 ], [ 110.330736970000089, -7.77865640999994, 0.0 ], [ 110.33161827400005, -7.777165929999967, 0.0 ], [ 110.333801546000075, -7.777602552999952, 0.0 ], [ 110.334150951000083, -7.776074887999926, 0.0 ], [ 110.332057890000044, -7.77500239699998, 0.0 ], [ 110.335334939000063, -7.775725198999965, 0.0 ], [ 110.335746081000082, -7.774020718999964, 0.0 ], [ 110.337769047000052, -7.775530198999945, 0.0 ], [ 110.336634889000038, -7.778199339999958, 0.0 ], [ 110.343867189000036, -7.779785907999951, 0.0 ], [ 110.34617522800005, -7.782053684999937, 0.0 ], [ 110.347644689000049, -7.780599837999944, 0.0 ] ] ] } },
{ "type": "Feature", "properties": { }, "geometry": { "type": "Polygon", "coordinates": [ [ [ 110.29129305400005, -7.687386696999965, 0.0 ], [ 110.289131411000085, -7.689871972999981, 0.0 ], [ 110.290581128000042, -7.69111059599993, 0.0 ], [ 110.289077217000056, -7.691424593999955, 0.0 ], [ 110.289527625000062, -7.692600573999925, 0.0 ], [ 110.290776038000047, -7.691282262999948, 0.0 ], [ 110.292828385000064, -7.694157462999954, 0.0 ], [ 110.293559118000076, -7.693240665999951, 0.0 ], [ 110.295722955000087, -7.69417915899993, 0.0 ], [ 110.297110829000076, -7.69184288799994, 0.0 ], [ 110.298609707000082, -7.693099925999945, 0.0 ], [ 110.297037491000083, -7.69461629999995, 0.0 ], [ 110.297838725000076, -7.695374416999925, 0.0 ], [ 110.298805719000086, -7.693793966999976, 0.0 ], [ 110.299731719000079, -7.694671473999961, 0.0 ], [ 110.298552172000086, -7.696430543999952, 0.0 ], [ 110.302087560000075, -7.694220409999957, 0.0 ], [ 110.302903423000089, -7.69514081899996, 0.0 ], [ 110.300251260000039, -7.698450372999957, 0.0 ], [ 110.296593897000037, -7.69953374499994, 0.0 ], [ 110.295921029000056, -7.701097655999945, 0.0 ], [ 110.296869542000081, -7.701995838999949, 0.0 ], [ 110.295706256000074, -7.703445814999952, 0.0 ], [ 110.292929891000085, -7.702414707999935, 0.0 ], [ 110.290504648000081, -7.708187082999927, 0.0 ], [ 110.287706687000082, -7.707604843999945, 0.0 ], [ 110.280685317000064, -7.710087879999946, 0.0 ], [ 110.278432062000036, -7.70885177699995, 0.0 ], [ 110.277154554000049, -7.709811962999936, 0.0 ], [ 110.270388987000047, -7.709490359999961, 0.0 ], [ 110.268131398000037, -7.707738210999935, 0.0 ], [ 110.26993649700006, -7.706016617999978, 0.0 ], [ 110.272268071000042, -7.706261104999953, 0.0 ], [ 110.273799078000081, -7.700754350999944, 0.0 ], [ 110.280641220000064, -7.692655515999945, 0.0 ], [ 110.282150561000037, -7.688213896999969, 0.0 ], [ 110.284815654000056, -7.688534862999973, 0.0 ], [ 110.286094914000046, -7.686610130999952, 0.0 ], [ 110.287381186000061, -7.687300535999952, 0.0 ], [ 110.286944227000049, -7.685605710999937, 0.0 ], [ 110.287669650000055, -7.686964598999964, 0.0 ], [ 110.289607665000062, -7.686035940999943, 0.0 ], [ 110.290047022000067, -7.68780305699994, 0.0 ], [ 110.29129305400005, -7.687386696999965, 0.0 ] ] ] } },
{ "type": "Feature", "properties": { }, "geometry": { "type": "Polygon", "coordinates": [ [ [ 110.475652848000038, -7.963145294999947, 0.0 ], [ 110.477509465000082, -7.961674093999932, 0.0 ], [ 110.481444439000086, -7.963031844999932, 0.0 ], [ 110.483445593000056, -7.962058223999975, 0.0 ], [ 110.488373597000077, -7.964144144999977, 0.0 ], [ 110.492062279000038, -7.962984264999932, 0.0 ], [ 110.498322905000066, -7.966867057999934, 0.0 ], [ 110.509419542000046, -7.970896939999932, 0.0 ], [ 110.513835303000064, -7.969339038999976, 0.0 ], [ 110.516718710000077, -7.971759700999939, 0.0 ], [ 110.516041607000034, -7.97921606999995, 0.0 ], [ 110.513982249000037, -7.981491579999954, 0.0 ], [ 110.510168860000078, -7.982373577999965, 0.0 ], [ 110.506610641000066, -7.98880455099993, 0.0 ], [ 110.503034385000035, -7.985627522999948, 0.0 ], [ 110.499067980000063, -7.987903793999976, 0.0 ], [ 110.493509783000036, -7.985628800999962, 0.0 ], [ 110.491660938000052, -7.986932078999928, 0.0 ], [ 110.490232496000033, -7.986434017999954, 0.0 ], [ 110.490828261000047, -7.988017690999925, 0.0 ], [ 110.489214837000077, -7.989052136999931, 0.0 ], [ 110.48913209400007, -7.990911767999933, 0.0 ], [ 110.485152815000049, -7.990905554999927, 0.0 ], [ 110.484290608000038, -7.989354141999968, 0.0 ], [ 110.482766707000053, -7.990265788999977, 0.0 ], [ 110.481822012000066, -7.988663039999949, 0.0 ], [ 110.479474648000064, -7.989129992999949, 0.0 ], [ 110.479438537000078, -7.990463157999955, 0.0 ], [ 110.477810434000048, -7.987040949999937, 0.0 ], [ 110.476097791000086, -7.989256263999948, 0.0 ], [ 110.47415432400004, -7.988259667999955, 0.0 ], [ 110.473852074000035, -7.990688896999927, 0.0 ], [ 110.470922055000074, -7.986978682999961, 0.0 ], [ 110.46533609100004, -7.986015717999976, 0.0 ], [ 110.462826710000058, -7.988879957999927, 0.0 ], [ 110.463021501000071, -7.991242496999973, 0.0 ], [ 110.464199424000071, -7.991284386999951, 0.0 ], [ 110.465512790000048, -7.993823971999973, 0.0 ], [ 110.460681698000087, -7.996612752999965, 0.0 ], [ 110.460379511000042, -7.995168816999978, 0.0 ], [ 110.458442787000081, -7.995011507999948, 0.0 ], [ 110.456578292000074, -7.991956118999951, 0.0 ], [ 110.45146406300006, -7.988636275999966, 0.0 ], [ 110.450611706000075, -7.981350978999956, 0.0 ], [ 110.441550066000048, -7.97711435399998, 0.0 ], [ 110.441262720000054, -7.972688063999954, 0.0 ], [ 110.438843203000033, -7.967655322999974, 0.0 ], [ 110.443824769000059, -7.966209388999971, 0.0 ], [ 110.444671615000061, -7.957591497999942, 0.0 ], [ 110.443603524000082, -7.951291546999926, 0.0 ], [ 110.449439999000049, -7.94691656599997, 0.0 ], [ 110.451774599000089, -7.947313282999971, 0.0 ], [ 110.454849267000043, -7.951607188999958, 0.0 ], [ 110.454216, -7.953416797999978, 0.0 ], [ 110.451248158000055, -7.955341309999937, 0.0 ], [ 110.450630197000066, -7.960910767999962, 0.0 ], [ 110.454872116000047, -7.967389068999978, 0.0 ], [ 110.457405086000051, -7.96527813199998, 0.0 ], [ 110.457885755000063, -7.961180202999969, 0.0 ], [ 110.456741329000067, -7.957985385999962, 0.0 ], [ 110.465766890000054, -7.954142068999943, 0.0 ], [ 110.467308057000082, -7.955203968999967, 0.0 ], [ 110.464569075000043, -7.957222926999975, 0.0 ], [ 110.464988714000071, -7.95936009899998, 0.0 ], [ 110.470680232000063, -7.962728961999971, 0.0 ], [ 110.467720030000066, -7.966527424999981, 0.0 ], [ 110.463867187000062, -7.967023350999966, 0.0 ], [ 110.463760385000057, -7.968803847999936, 0.0 ], [ 110.466827412000043, -7.969890580999959, 0.0 ], [ 110.467300416000057, -7.971201870999948, 0.0 ], [ 110.469718919000059, -7.969817147999947, 0.0 ], [ 110.473335261000045, -7.970198122999932, 0.0 ], [ 110.474723829000084, -7.971915220999961, 0.0 ], [ 110.47688293200008, -7.971585240999957, 0.0 ], [ 110.477088919000039, -7.970003572999929, 0.0 ], [ 110.472618091000072, -7.967313265999962, 0.0 ], [ 110.475341790000073, -7.966417769999964, 0.0 ], [ 110.475652848000038, -7.963145294999947, 0.0 ] ] ] } },
{ "type": "Feature", "properties": { }, "geometry": { "type": "Polygon", "coordinates": [ [ [ 110.534073032000038, -7.87273560999995, 0.0 ], [ 110.532776032000072, -7.878230026999972, 0.0 ], [ 110.530820066000047, -7.878659195999944, 0.0 ], [ 110.531509619000076, -7.880765206999968, 0.0 ], [ 110.529020314000036, -7.881191067999964, 0.0 ], [ 110.527324096000086, -7.883935098999928, 0.0 ], [ 110.521619801000043, -7.884581108999953, 0.0 ], [ 110.519316600000082, -7.887231369999938, 0.0 ], [ 110.515229172000033, -7.886674551999931, 0.0 ], [ 110.513142917000039, -7.887972745999946, 0.0 ], [ 110.508741211000086, -7.884741922999979, 0.0 ], [ 110.500987622000082, -7.884778432999951, 0.0 ], [ 110.501430982000045, -7.882932364999931, 0.0 ], [ 110.504718189000073, -7.882384657999978, 0.0 ], [ 110.505335437000042, -7.879026597999939, 0.0 ], [ 110.503323897000087, -7.877668623999966, 0.0 ], [ 110.503040406000082, -7.87518440499997, 0.0 ], [ 110.509584777000043, -7.866848926999978, 0.0 ], [ 110.514721559000066, -7.868059807999941, 0.0 ], [ 110.516397858000062, -7.871411488999968, 0.0 ], [ 110.520167405000052, -7.873557176999952, 0.0 ], [ 110.534073032000038, -7.87273560999995, 0.0 ] ] ] } },
{ "type": "Feature", "properties": { }, "geometry": { "type": "Polygon", "coordinates": [ [ [ 110.663828163000062, -7.904426161999936, 0.0 ], [ 110.66558419100005, -7.905641473999935, 0.0 ], [ 110.664003489000038, -7.911102625999945, 0.0 ], [ 110.664275734000057, -7.91682610099997, 0.0 ], [ 110.661073575000046, -7.923842180999941, 0.0 ], [ 110.660934891000068, -7.926732521999952, 0.0 ], [ 110.66237538300004, -7.928351106999969, 0.0 ], [ 110.659757568000089, -7.933584080999935, 0.0 ], [ 110.659607589000075, -7.937374433999935, 0.0 ], [ 110.657716199000049, -7.939906146999931, 0.0 ], [ 110.652908976000049, -7.94088275799993, 0.0 ], [ 110.648145860000056, -7.940061497999977, 0.0 ], [ 110.647171975000049, -7.943498602999966, 0.0 ], [ 110.646113171000081, -7.943034525999963, 0.0 ], [ 110.646466790000034, -7.94462004899998, 0.0 ], [ 110.645067337000057, -7.944092229999967, 0.0 ], [ 110.644872620000058, -7.941667740999947, 0.0 ], [ 110.643269632000056, -7.942154007999932, 0.0 ], [ 110.644261312000083, -7.946395004999943, 0.0 ], [ 110.645016566000038, -7.945265378999977, 0.0 ], [ 110.647542885000064, -7.946688276999964, 0.0 ], [ 110.646177326000043, -7.950730832999966, 0.0 ], [ 110.644944106000082, -7.949599792999948, 0.0 ], [ 110.644524850000039, -7.952603778999958, 0.0 ], [ 110.641350253000041, -7.952080231999958, 0.0 ], [ 110.641035705000036, -7.95088596599993, 0.0 ], [ 110.639076763000048, -7.951645377999967, 0.0 ], [ 110.638168190000044, -7.948118635999947, 0.0 ], [ 110.637225213000079, -7.948391025999967, 0.0 ], [ 110.637325302000079, -7.950845326999968, 0.0 ], [ 110.634509476000062, -7.949546682999937, 0.0 ], [ 110.634659614000043, -7.95073920699997, 0.0 ], [ 110.63235820500006, -7.951206268999954, 0.0 ], [ 110.631566545000055, -7.952932005999969, 0.0 ], [ 110.624985317000039, -7.954372525999929, 0.0 ], [ 110.624899124000081, -7.958040646999962, 0.0 ], [ 110.622401212000057, -7.957567138999934, 0.0 ], [ 110.622900017000063, -7.956330802999958, 0.0 ], [ 110.62095985600007, -7.956451361999939, 0.0 ], [ 110.621285571000044, -7.952828347999969, 0.0 ], [ 110.615434880000066, -7.950932335999937, 0.0 ], [ 110.61716729300008, -7.947632671999941, 0.0 ], [ 110.616559991000088, -7.942622764999953, 0.0 ], [ 110.618872903000067, -7.937388565999981, 0.0 ], [ 110.621138094000059, -7.916455534999955, 0.0 ], [ 110.627477832000068, -7.914691567999967, 0.0 ], [ 110.628113540000072, -7.910586176999971, 0.0 ], [ 110.631917055000088, -7.909534469999926, 0.0 ], [ 110.634302189000039, -7.913023733999978, 0.0 ], [ 110.639086215000077, -7.914601176999952, 0.0 ], [ 110.641280159000075, -7.91321834699994, 0.0 ], [ 110.643477756000038, -7.914439653999978, 0.0 ], [ 110.644034408000039, -7.916781082999933, 0.0 ], [ 110.65162100200007, -7.916587293999953, 0.0 ], [ 110.652705997000055, -7.917923504999976, 0.0 ], [ 110.655053935000069, -7.914893248999931, 0.0 ], [ 110.655469683000035, -7.912041858999942, 0.0 ], [ 110.659378496000045, -7.908991404999938, 0.0 ], [ 110.659299913000041, -7.905923433999931, 0.0 ], [ 110.660436621000088, -7.906502761999946, 0.0 ], [ 110.663828163000062, -7.904426161999936, 0.0 ] ] ] } },
{ "type": "Feature", "properties": { }, "geometry": { "type": "Polygon", "coordinates": [ [ [ 110.628200168000035, -7.953029902999958, 0.0 ], [ 110.63317524100006, -7.954784119999943, 0.0 ], [ 110.631503389000045, -7.963483322999934, 0.0 ], [ 110.629636994000066, -7.965677897999967, 0.0 ], [ 110.631563180000057, -7.966674559999944, 0.0 ], [ 110.631401375000053, -7.968211880999945, 0.0 ], [ 110.637417181000046, -7.96835030699998, 0.0 ], [ 110.638488740000071, -7.969735997999976, 0.0 ], [ 110.639859662000049, -7.968869078999944, 0.0 ], [ 110.641330346000075, -7.969673760999967, 0.0 ], [ 110.640891128000078, -7.970995892999952, 0.0 ], [ 110.643828900000074, -7.970978575999936, 0.0 ], [ 110.643555134000053, -7.972102365999945, 0.0 ], [ 110.642051442000081, -7.971701159999952, 0.0 ], [ 110.639415735000057, -7.980056642999955, 0.0 ], [ 110.636994216000062, -7.981073679999952, 0.0 ], [ 110.634652176000088, -7.984355690999962, 0.0 ], [ 110.630686327000035, -7.983015150999961, 0.0 ], [ 110.629700815000035, -7.981206308999958, 0.0 ], [ 110.630124963000071, -7.974500424999974, 0.0 ], [ 110.631689028000039, -7.971658073999947, 0.0 ], [ 110.631012847000079, -7.968237891999934, 0.0 ], [ 110.625965911000037, -7.969151684999929, 0.0 ], [ 110.624465280000038, -7.96306993099995, 0.0 ], [ 110.625611108000044, -7.958411249999926, 0.0 ], [ 110.624985317000039, -7.954372525999929, 0.0 ], [ 110.628200168000035, -7.953029902999958, 0.0 ] ] ] } },
{ "type": "Feature", "properties": { }, "geometry": { "type": "Polygon", "coordinates": [ [ [ 110.46701187900004, -7.687625795999963, 0.0 ], [ 110.469487068000035, -7.687838233999969, 0.0 ], [ 110.469266166000068, -7.691367854999953, 0.0 ], [ 110.470785205000084, -7.693110162999972, 0.0 ], [ 110.471144274000039, -7.695712478999951, 0.0 ], [ 110.466599968000082, -7.696039631999952, 0.0 ], [ 110.471391619000087, -7.707228357999952, 0.0 ], [ 110.477278771000044, -7.711982964999947, 0.0 ], [ 110.482036165000068, -7.718525066999973, 0.0 ], [ 110.480792620000045, -7.718408386999954, 0.0 ], [ 110.47926185700004, -7.721124328999963, 0.0 ], [ 110.476063545000045, -7.721051790999979, 0.0 ], [ 110.474564729000065, -7.71637218799998, 0.0 ], [ 110.473642261000066, -7.715190593999978, 0.0 ], [ 110.471680096000057, -7.716384529999971, 0.0 ], [ 110.467252293000058, -7.709352382999953, 0.0 ], [ 110.46038548000007, -7.711091144999955, 0.0 ], [ 110.458667211000034, -7.705302259999939, 0.0 ], [ 110.454809793000038, -7.699386025999956, 0.0 ], [ 110.45435255600006, -7.689958479999973, 0.0 ], [ 110.452887348000047, -7.688256987999978, 0.0 ], [ 110.447716218000039, -7.688262083999973, 0.0 ], [ 110.447693774000072, -7.682620363999945, 0.0 ], [ 110.45039679000007, -7.682392458999971, 0.0 ], [ 110.453368294000086, -7.680352944999981, 0.0 ], [ 110.452955429000042, -7.679519432999939, 0.0 ], [ 110.454477978000057, -7.680414869999936, 0.0 ], [ 110.458047132000047, -7.679796425999939, 0.0 ], [ 110.457366628000045, -7.678966141999979, 0.0 ], [ 110.45783786700008, -7.678795867999952, 0.0 ], [ 110.460845658000039, -7.681893090999949, 0.0 ], [ 110.462361286000089, -7.681111929999929, 0.0 ], [ 110.462212818000069, -7.684251461999963, 0.0 ], [ 110.464487313000063, -7.685609907999947, 0.0 ], [ 110.464563294000072, -7.689048072999981, 0.0 ], [ 110.466693973000076, -7.689867693999929, 0.0 ], [ 110.46701187900004, -7.687625795999963, 0.0 ] ] ] } },
{ "type": "Feature", "properties": { }, "geometry": { "type": "Polygon", "coordinates": [ [ [ 110.489340084000048, -7.942927527999927, 0.0 ], [ 110.493169741000088, -7.945398657999931, 0.0 ], [ 110.493186201000071, -7.946932627999956, 0.0 ], [ 110.495448801000066, -7.947395834999952, 0.0 ], [ 110.494498117000035, -7.949657136999974, 0.0 ], [ 110.49606663600008, -7.949284723999938, 0.0 ], [ 110.497531543000036, -7.951653177999958, 0.0 ], [ 110.499661853000077, -7.943198665999944, 0.0 ], [ 110.506957086000057, -7.945925321999937, 0.0 ], [ 110.507019264000064, -7.948350174999973, 0.0 ], [ 110.510845678000067, -7.947118253999975, 0.0 ], [ 110.512857330000088, -7.944457452999927, 0.0 ], [ 110.518027647000054, -7.945941361999928, 0.0 ], [ 110.517728434000048, -7.948737107999932, 0.0 ], [ 110.519851907000088, -7.95016512899997, 0.0 ], [ 110.519341314000087, -7.951846616999944, 0.0 ], [ 110.520594630000062, -7.953026471999976, 0.0 ], [ 110.522995539000078, -7.953099088999977, 0.0 ], [ 110.523252766000041, -7.95654981499996, 0.0 ], [ 110.525103330000036, -7.955783048999933, 0.0 ], [ 110.52757058800006, -7.95760857099998, 0.0 ], [ 110.530260601000066, -7.955925703999981, 0.0 ], [ 110.534270777000074, -7.956578116999935, 0.0 ], [ 110.533844138000063, -7.959123765999948, 0.0 ], [ 110.536689339000077, -7.963574720999929, 0.0 ], [ 110.536177121000037, -7.965293176999978, 0.0 ], [ 110.530550702000085, -7.973229979999928, 0.0 ], [ 110.524099331000059, -7.972237270999926, 0.0 ], [ 110.524044607000064, -7.975202817999957, 0.0 ], [ 110.521559827000033, -7.977799965999964, 0.0 ], [ 110.522325658000057, -7.980098594999959, 0.0 ], [ 110.516036542000052, -7.977442628999938, 0.0 ], [ 110.516687559000047, -7.971637406999946, 0.0 ], [ 110.513835303000064, -7.969339038999976, 0.0 ], [ 110.509419542000046, -7.970896939999932, 0.0 ], [ 110.498322905000066, -7.966867057999934, 0.0 ], [ 110.492062279000038, -7.962984264999932, 0.0 ], [ 110.488373597000077, -7.964144144999977, 0.0 ], [ 110.483445593000056, -7.962058223999975, 0.0 ], [ 110.481444439000086, -7.963031844999932, 0.0 ], [ 110.477509465000082, -7.961674093999932, 0.0 ], [ 110.475652848000038, -7.963145294999947, 0.0 ], [ 110.47248839100007, -7.95425699499998, 0.0 ], [ 110.473777774000041, -7.952064475999975, 0.0 ], [ 110.478042591000076, -7.950256316999969, 0.0 ], [ 110.476417545000061, -7.942675081999937, 0.0 ], [ 110.482292176000044, -7.942137228999968, 0.0 ], [ 110.487930304000088, -7.945197074999953, 0.0 ], [ 110.489340084000048, -7.942927527999927, 0.0 ] ] ] } },
{ "type": "Feature", "properties": { }, "geometry": { "type": "Polygon", "coordinates": [ [ [ 110.491072306000035, -7.738808657999925, 0.0 ], [ 110.492352584000059, -7.751140355999951, 0.0 ], [ 110.491773567000052, -7.766765996999936, 0.0 ], [ 110.496763618000045, -7.767684893999956, 0.0 ], [ 110.491006679000066, -7.768630686999927, 0.0 ], [ 110.490812901000083, -7.773131630999956, 0.0 ], [ 110.494825528000035, -7.774043834999929, 0.0 ], [ 110.496369403000074, -7.776007703999937, 0.0 ], [ 110.495336648000034, -7.777567139999974, 0.0 ], [ 110.49910828700007, -7.77676043799994, 0.0 ], [ 110.496818249000057, -7.779273039999964, 0.0 ], [ 110.498406494000051, -7.781380893999938, 0.0 ], [ 110.493916805000083, -7.77941356499997, 0.0 ], [ 110.493463217000055, -7.782360253999968, 0.0 ], [ 110.490545261000079, -7.782898072999956, 0.0 ], [ 110.490274621000083, -7.784191570999951, 0.0 ], [ 110.491808918000061, -7.785211842999956, 0.0 ], [ 110.491103683000063, -7.789367801999958, 0.0 ], [ 110.489631867000071, -7.787845923999953, 0.0 ], [ 110.489582121000069, -7.789189620999935, 0.0 ], [ 110.487445645000037, -7.788687367999955, 0.0 ], [ 110.487176421000072, -7.784294433999946, 0.0 ], [ 110.489266341000075, -7.784655476999944, 0.0 ], [ 110.487419852000073, -7.78250173899994, 0.0 ], [ 110.47833911400005, -7.783314589999975, 0.0 ], [ 110.476189114000078, -7.78009885299997, 0.0 ], [ 110.473723685000039, -7.787495446999969, 0.0 ], [ 110.469787377000046, -7.786267296999938, 0.0 ], [ 110.469282106000037, -7.779661308999948, 0.0 ], [ 110.472113699000033, -7.779610697999942, 0.0 ], [ 110.472152565000044, -7.776480743999969, 0.0 ], [ 110.477188393000063, -7.774051982999936, 0.0 ], [ 110.477379656000039, -7.770109011999978, 0.0 ], [ 110.480022256000041, -7.771131876999959, 0.0 ], [ 110.481741668000041, -7.768081583999958, 0.0 ], [ 110.483985420000067, -7.767755559999955, 0.0 ], [ 110.486853544000041, -7.764529625999955, 0.0 ], [ 110.485234215000048, -7.760243317999937, 0.0 ], [ 110.489537708000057, -7.753223198999933, 0.0 ], [ 110.489478931000065, -7.74955631499995, 0.0 ], [ 110.487256823000052, -7.743852870999945, 0.0 ], [ 110.489535740000065, -7.743273878999958, 0.0 ], [ 110.491072306000035, -7.738808657999925, 0.0 ] ] ] } },
{ "type": "Feature", "properties": { }, "geometry": { "type": "Polygon", "coordinates": [ [ [ 110.552672084000051, -7.865902412999958, 0.0 ], [ 110.550525114000038, -7.873401287999968, 0.0 ], [ 110.553671848000079, -7.883081261999962, 0.0 ], [ 110.551349908000077, -7.883480451999958, 0.0 ], [ 110.547970658000054, -7.887546301999976, 0.0 ], [ 110.54799470100005, -7.890934646999938, 0.0 ], [ 110.543831818000058, -7.894464749999941, 0.0 ], [ 110.542081075000056, -7.893858395999928, 0.0 ], [ 110.540258763000054, -7.895497019999937, 0.0 ], [ 110.53403988000008, -7.895193065999933, 0.0 ], [ 110.531525226000042, -7.896446293999929, 0.0 ], [ 110.528691120000076, -7.894461544999956, 0.0 ], [ 110.524418979000075, -7.90060750899994, 0.0 ], [ 110.526293971000086, -7.904281869999977, 0.0 ], [ 110.525383830000067, -7.906607304999966, 0.0 ], [ 110.520863105000046, -7.908798525999941, 0.0 ], [ 110.51479867200004, -7.908988380999972, 0.0 ], [ 110.513689906000081, -7.907107623999934, 0.0 ], [ 110.514881143000082, -7.904122586999961, 0.0 ], [ 110.513142917000039, -7.887972745999946, 0.0 ], [ 110.515229172000033, -7.886674551999931, 0.0 ], [ 110.519316600000082, -7.887231369999938, 0.0 ], [ 110.521619801000043, -7.884581108999953, 0.0 ], [ 110.527324096000086, -7.883935098999928, 0.0 ], [ 110.529020314000036, -7.881191067999964, 0.0 ], [ 110.531509619000076, -7.880765206999968, 0.0 ], [ 110.530506248000052, -7.879651523999939, 0.0 ], [ 110.531299926000088, -7.878085680999959, 0.0 ], [ 110.532834265000076, -7.878117872999951, 0.0 ], [ 110.534197511000059, -7.87197466899994, 0.0 ], [ 110.535693189000085, -7.870850214999962, 0.0 ], [ 110.535178194000082, -7.868609073999949, 0.0 ], [ 110.540931175000082, -7.869175456999926, 0.0 ], [ 110.542227268000033, -7.870534736999957, 0.0 ], [ 110.543185587000039, -7.869241477999935, 0.0 ], [ 110.549726638000038, -7.868130721999933, 0.0 ], [ 110.55122910700004, -7.865671659999975, 0.0 ], [ 110.552672084000051, -7.865902412999958, 0.0 ] ] ] } },
{ "type": "Feature", "properties": { }, "geometry": { "type": "Polygon", "coordinates": [ [ [ 110.408371951000049, -7.639771097999926, 0.0 ], [ 110.409197591000066, -7.650464301999932, 0.0 ], [ 110.405915431000039, -7.657501253999953, 0.0 ], [ 110.406157962000066, -7.661838989999978, 0.0 ], [ 110.403439811000055, -7.670953167999926, 0.0 ], [ 110.404591518000075, -7.674667688999932, 0.0 ], [ 110.403528793000078, -7.678209010999979, 0.0 ], [ 110.404101870000034, -7.686786255999948, 0.0 ], [ 110.395471557000064, -7.687008667999976, 0.0 ], [ 110.393934855000055, -7.678715056999977, 0.0 ], [ 110.396475446000068, -7.658130962999962, 0.0 ], [ 110.39905030500006, -7.654214502999935, 0.0 ], [ 110.399078259000078, -7.647221092999928, 0.0 ], [ 110.401587015000075, -7.642250708999939, 0.0 ], [ 110.401424150000082, -7.639930552999942, 0.0 ], [ 110.404317823000042, -7.638054784999952, 0.0 ], [ 110.407208199000081, -7.629133744999933, 0.0 ], [ 110.409199396000076, -7.627279769999973, 0.0 ], [ 110.414504169000054, -7.628918624999926, 0.0 ], [ 110.412226761000056, -7.639598018999948, 0.0 ], [ 110.408371951000049, -7.639771097999926, 0.0 ] ] ] } },
{ "type": "Feature", "properties": { }, "geometry": { "type": "Polygon", "coordinates": [ [ [ 110.339604476000034, -7.674471279999977, 0.0 ], [ 110.339150392000079, -7.677019614999949, 0.0 ], [ 110.340127376000055, -7.675963704999958, 0.0 ], [ 110.342362440000045, -7.676668075999942, 0.0 ], [ 110.338150652000081, -7.678891078999925, 0.0 ], [ 110.341783115000055, -7.687569382999925, 0.0 ], [ 110.338407431000064, -7.689573210999981, 0.0 ], [ 110.336609154000087, -7.694267461999971, 0.0 ], [ 110.335005120000062, -7.694906360999937, 0.0 ], [ 110.334234815000059, -7.699530786999958, 0.0 ], [ 110.330651011000043, -7.701262004999933, 0.0 ], [ 110.329633290000061, -7.704961599999933, 0.0 ], [ 110.326183742000069, -7.703376896999941, 0.0 ], [ 110.325950017000082, -7.700322465999932, 0.0 ], [ 110.323246, -7.700030234999929, 0.0 ], [ 110.321229173000063, -7.697961322999959, 0.0 ], [ 110.320595214000036, -7.698643747999938, 0.0 ], [ 110.314303396000071, -7.69642521399993, 0.0 ], [ 110.310886346000075, -7.699417942999958, 0.0 ], [ 110.308297716000084, -7.698123789999954, 0.0 ], [ 110.306520434000049, -7.694553374999941, 0.0 ], [ 110.316298660000086, -7.67880859099995, 0.0 ], [ 110.318772894000062, -7.678960598999936, 0.0 ], [ 110.319988676000037, -7.677766087999942, 0.0 ], [ 110.324445840000067, -7.68129380299996, 0.0 ], [ 110.326551622000068, -7.678115455999944, 0.0 ], [ 110.329199757000083, -7.67998339199994, 0.0 ], [ 110.334745183000052, -7.67133105399995, 0.0 ], [ 110.335775539000053, -7.673273470999959, 0.0 ], [ 110.339604476000034, -7.674471279999977, 0.0 ] ] ] } },
{ "type": "Feature", "properties": { }, "geometry": { "type": "Polygon", "coordinates": [ [ [ 110.384105126000065, -7.75123911299994, 0.0 ], [ 110.386349005000056, -7.751723178999953, 0.0 ], [ 110.386000360000082, -7.755587857999956, 0.0 ], [ 110.388794058000087, -7.756061057999943, 0.0 ], [ 110.387052408000045, -7.761423213999933, 0.0 ], [ 110.391538552000043, -7.762674174999972, 0.0 ], [ 110.393381175000059, -7.761131730999978, 0.0 ], [ 110.394180129000063, -7.762794278999934, 0.0 ], [ 110.392759455000089, -7.765481650999959, 0.0 ], [ 110.393103539000037, -7.769444448999934, 0.0 ], [ 110.395772483000087, -7.772835642999951, 0.0 ], [ 110.395294583000066, -7.773900033999951, 0.0 ], [ 110.398176427000067, -7.776030209999931, 0.0 ], [ 110.399136244000033, -7.773353889999953, 0.0 ], [ 110.404307791000065, -7.773209796999936, 0.0 ], [ 110.406237366000084, -7.763291341999945, 0.0 ], [ 110.415711613000042, -7.764219207999929, 0.0 ], [ 110.416595292000068, -7.76122176399997, 0.0 ], [ 110.417034639000065, -7.762963861999935, 0.0 ], [ 110.41514070900007, -7.767465062999975, 0.0 ], [ 110.418646360000082, -7.770098391999966, 0.0 ], [ 110.418004512000039, -7.771382223999979, 0.0 ], [ 110.419041532000051, -7.774984263999954, 0.0 ], [ 110.420252833000063, -7.775050479999948, 0.0 ], [ 110.420575807000034, -7.780103265999969, 0.0 ], [ 110.419161700000075, -7.783311663999939, 0.0 ], [ 110.412865503000035, -7.78316166299993, 0.0 ], [ 110.41285145900008, -7.786952327999927, 0.0 ], [ 110.410867153000083, -7.787132100999941, 0.0 ], [ 110.411300004000054, -7.79025, 0.0 ], [ 110.410087519000058, -7.790225754999938, 0.0 ], [ 110.409199848000071, -7.78640082499993, 0.0 ], [ 110.408311622000042, -7.788938569999971, 0.0 ], [ 110.407715263000057, -7.788758935999965, 0.0 ], [ 110.406218305000039, -7.784859615999949, 0.0 ], [ 110.40551825600005, -7.787355606999938, 0.0 ], [ 110.401758133000044, -7.787071306999962, 0.0 ], [ 110.401216891000047, -7.79165846099994, 0.0 ], [ 110.400137914000084, -7.791352859999961, 0.0 ], [ 110.399411132000068, -7.790078639999933, 0.0 ], [ 110.400572332000081, -7.788518636999981, 0.0 ], [ 110.398983816000055, -7.787641091999944, 0.0 ], [ 110.399649996000051, -7.785530000999927, 0.0 ], [ 110.396962689000077, -7.786214493999978, 0.0 ], [ 110.39718836600008, -7.788478755999961, 0.0 ], [ 110.394835646000047, -7.78867594999997, 0.0 ], [ 110.395103336000034, -7.787501091999957, 0.0 ], [ 110.392839873000071, -7.786448179999979, 0.0 ], [ 110.390750905000061, -7.780389278999962, 0.0 ], [ 110.380727425000089, -7.780249485999946, 0.0 ], [ 110.379537695000067, -7.778128790999972, 0.0 ], [ 110.375679994000052, -7.776513731999955, 0.0 ], [ 110.375420385000041, -7.774689949999981, 0.0 ], [ 110.372575307000034, -7.775603580999928, 0.0 ], [ 110.369356328000038, -7.774472228999969, 0.0 ], [ 110.37691527000004, -7.772812210999973, 0.0 ], [ 110.377847502000066, -7.76942263899997, 0.0 ], [ 110.374641216000043, -7.767914609999934, 0.0 ], [ 110.37466136900008, -7.766853494999964, 0.0 ], [ 110.376964701000077, -7.767120249999948, 0.0 ], [ 110.378223452000043, -7.763577164999958, 0.0 ], [ 110.379889418000062, -7.763818750999974, 0.0 ], [ 110.380100815000048, -7.76247495399997, 0.0 ], [ 110.378013158000044, -7.76210257799994, 0.0 ], [ 110.379512290000037, -7.758129965999956, 0.0 ], [ 110.377706281000087, -7.756129333999979, 0.0 ], [ 110.378669654000078, -7.752895859999967, 0.0 ], [ 110.38328443000006, -7.753640062999978, 0.0 ], [ 110.384105126000065, -7.75123911299994, 0.0 ] ] ] } },
{ "type": "Feature", "properties": { }, "geometry": { "type": "Polygon", "coordinates": [ [ [ 110.401382443000045, -7.731667500999947, 0.0 ], [ 110.402383031000056, -7.741972145999966, 0.0 ], [ 110.403913093000085, -7.742130933999931, 0.0 ], [ 110.404307568000036, -7.739462923999952, 0.0 ], [ 110.40671760400005, -7.740843415999962, 0.0 ], [ 110.406394082000077, -7.745125843999972, 0.0 ], [ 110.403767688000073, -7.745860324999967, 0.0 ], [ 110.403072387000066, -7.74924313799994, 0.0 ], [ 110.406938622000041, -7.749910504999946, 0.0 ], [ 110.407500843000037, -7.747203787999979, 0.0 ], [ 110.412103248000051, -7.749298715999942, 0.0 ], [ 110.412485126000036, -7.752310273999967, 0.0 ], [ 110.414523360000032, -7.752967381999952, 0.0 ], [ 110.413051887000051, -7.755650211999978, 0.0 ], [ 110.414892785000063, -7.755271523999966, 0.0 ], [ 110.416625636000049, -7.762755162999952, 0.0 ], [ 110.415711613000042, -7.764219207999929, 0.0 ], [ 110.406237366000084, -7.763291341999945, 0.0 ], [ 110.404307791000065, -7.773209796999936, 0.0 ], [ 110.399136244000033, -7.773353889999953, 0.0 ], [ 110.398176427000067, -7.776030209999931, 0.0 ], [ 110.395294583000066, -7.773900033999951, 0.0 ], [ 110.395772483000087, -7.772835642999951, 0.0 ], [ 110.393103539000037, -7.769444448999934, 0.0 ], [ 110.392759455000089, -7.765481650999959, 0.0 ], [ 110.394180129000063, -7.762794278999934, 0.0 ], [ 110.393381175000059, -7.761131730999978, 0.0 ], [ 110.391538552000043, -7.762674174999972, 0.0 ], [ 110.387052408000045, -7.761423213999933, 0.0 ], [ 110.388794058000087, -7.756061057999943, 0.0 ], [ 110.386000360000082, -7.755587857999956, 0.0 ], [ 110.386349005000056, -7.751723178999953, 0.0 ], [ 110.384243913000034, -7.750692791999938, 0.0 ], [ 110.38522908300007, -7.74889428299997, 0.0 ], [ 110.387090303000036, -7.748513056999968, 0.0 ], [ 110.383439004000081, -7.746964620999961, 0.0 ], [ 110.383766027000036, -7.743633406999948, 0.0 ], [ 110.382577261000051, -7.743219450999959, 0.0 ], [ 110.382122439000057, -7.744467089999944, 0.0 ], [ 110.381023450000043, -7.743217148999975, 0.0 ], [ 110.381917605000069, -7.740239043999964, 0.0 ], [ 110.384548990000042, -7.738735963999943, 0.0 ], [ 110.386057711000035, -7.735192955999935, 0.0 ], [ 110.389640477000057, -7.743392565999955, 0.0 ], [ 110.392290455000079, -7.745378209999956, 0.0 ], [ 110.394681295000055, -7.745095495999976, 0.0 ], [ 110.395244330000082, -7.748963937999974, 0.0 ], [ 110.394221937000054, -7.751113020999981, 0.0 ], [ 110.39705805300008, -7.751402904999964, 0.0 ], [ 110.396772819000034, -7.73867716999996, 0.0 ], [ 110.399964448000048, -7.731847395999978, 0.0 ], [ 110.401382443000045, -7.731667500999947, 0.0 ] ] ] } },
{ "type": "Feature", "properties": { }, "geometry": { "type": "Polygon", "coordinates": [ [ [ 110.531068347000087, -7.93465520899997, 0.0 ], [ 110.533305483000049, -7.938758597999936, 0.0 ], [ 110.533644300000049, -7.943480382999951, 0.0 ], [ 110.536531798000055, -7.947933133999925, 0.0 ], [ 110.535963829000082, -7.948973270999943, 0.0 ], [ 110.538564308000048, -7.950288916999966, 0.0 ], [ 110.539255597000079, -7.953533876999927, 0.0 ], [ 110.538390990000039, -7.955928121999932, 0.0 ], [ 110.53947048200007, -7.958771270999932, 0.0 ], [ 110.536689339000077, -7.963574720999929, 0.0 ], [ 110.533844138000063, -7.959123765999948, 0.0 ], [ 110.534270777000074, -7.956578116999935, 0.0 ], [ 110.530260601000066, -7.955925703999981, 0.0 ], [ 110.52757058800006, -7.95760857099998, 0.0 ], [ 110.525103330000036, -7.955783048999933, 0.0 ], [ 110.523252766000041, -7.95654981499996, 0.0 ], [ 110.522995539000078, -7.953099088999977, 0.0 ], [ 110.520594630000062, -7.953026471999976, 0.0 ], [ 110.519341314000087, -7.951846616999944, 0.0 ], [ 110.519851907000088, -7.95016512899997, 0.0 ], [ 110.517728434000048, -7.948737107999932, 0.0 ], [ 110.518343156000071, -7.944799021999927, 0.0 ], [ 110.521169728000075, -7.942652677999945, 0.0 ], [ 110.52249276200007, -7.937952076999977, 0.0 ], [ 110.525664045000042, -7.937405662999936, 0.0 ], [ 110.525133749000076, -7.935454980999964, 0.0 ], [ 110.526531125000076, -7.934654676999969, 0.0 ], [ 110.531068347000087, -7.93465520899997, 0.0 ] ] ] } },
{ "type": "Feature", "properties": { }, "geometry": { "type": "Polygon", "coordinates": [ [ [ 110.394487126000058, -7.675187600999948, 0.0 ], [ 110.393090216000076, -7.688047383999958, 0.0 ], [ 110.388752758000066, -7.699478802999977, 0.0 ], [ 110.390267981000079, -7.703590495999947, 0.0 ], [ 110.386999406000086, -7.702549959999942, 0.0 ], [ 110.383950330000062, -7.708595513999967, 0.0 ], [ 110.382348369000056, -7.708232360999943, 0.0 ], [ 110.380922337000072, -7.709998517999963, 0.0 ], [ 110.382002918000069, -7.710874070999978, 0.0 ], [ 110.381093400000054, -7.71299761399996, 0.0 ], [ 110.376606760000072, -7.710898718999943, 0.0 ], [ 110.37449521800005, -7.715279747999944, 0.0 ], [ 110.37511104500004, -7.720045158999937, 0.0 ], [ 110.373032196000054, -7.723230702999956, 0.0 ], [ 110.369452497000054, -7.72436218699994, 0.0 ], [ 110.371606257000053, -7.715775685999972, 0.0 ], [ 110.373993446000043, -7.712373408999952, 0.0 ], [ 110.372320837000075, -7.711300051999956, 0.0 ], [ 110.375198625000053, -7.709132522999937, 0.0 ], [ 110.375804665000089, -7.707129943999973, 0.0 ], [ 110.373898179000037, -7.706200653999929, 0.0 ], [ 110.373438886000088, -7.707406175999949, 0.0 ], [ 110.371103045000041, -7.705747555999949, 0.0 ], [ 110.371780129000058, -7.704594110999949, 0.0 ], [ 110.373397621000038, -7.70521542299997, 0.0 ], [ 110.373945118000051, -7.703712639999935, 0.0 ], [ 110.37602587300006, -7.704157905999978, 0.0 ], [ 110.378297158000066, -7.698354434999942, 0.0 ], [ 110.380353274000072, -7.697742132999963, 0.0 ], [ 110.381296803000055, -7.695520415999965, 0.0 ], [ 110.380148005000081, -7.696440247999931, 0.0 ], [ 110.378584579000062, -7.695738138999957, 0.0 ], [ 110.381535825000071, -7.688100238999937, 0.0 ], [ 110.373568381000041, -7.684486217999961, 0.0 ], [ 110.37729807900007, -7.675817318999975, 0.0 ], [ 110.376794630000063, -7.672324375999949, 0.0 ], [ 110.381823028000042, -7.673938438999926, 0.0 ], [ 110.382500094000079, -7.67241155499994, 0.0 ], [ 110.384883005000063, -7.672244597999963, 0.0 ], [ 110.384428540000044, -7.674137279999968, 0.0 ], [ 110.387238434000039, -7.675880740999958, 0.0 ], [ 110.38981651000006, -7.676013560999934, 0.0 ], [ 110.390945356000088, -7.674446083999953, 0.0 ], [ 110.390563648000068, -7.675555713999927, 0.0 ], [ 110.394487126000058, -7.675187600999948, 0.0 ] ] ] } },
{ "type": "Feature", "properties": { }, "geometry": { "type": "Polygon", "coordinates": [ [ [ 110.380172844000072, -7.645688197999959, 0.0 ], [ 110.378858086000037, -7.64828440399998, 0.0 ], [ 110.378977304000045, -7.653458845999978, 0.0 ], [ 110.38420158100007, -7.646436353999945, 0.0 ], [ 110.389042964000055, -7.642804205999937, 0.0 ], [ 110.390639984000074, -7.643837478999956, 0.0 ], [ 110.389555082000072, -7.646035107999978, 0.0 ], [ 110.391033829000037, -7.646904228999972, 0.0 ], [ 110.390975924000088, -7.650992389999942, 0.0 ], [ 110.388823023000043, -7.654132997999966, 0.0 ], [ 110.387560104000045, -7.653180415999941, 0.0 ], [ 110.386716023000076, -7.654042071999982, 0.0 ], [ 110.384177655000087, -7.660878090999972, 0.0 ], [ 110.378460261000043, -7.665983798999946, 0.0 ], [ 110.376794630000063, -7.672324375999949, 0.0 ], [ 110.37729807900007, -7.675817318999975, 0.0 ], [ 110.374483831000077, -7.682863176999945, 0.0 ], [ 110.370402642000045, -7.681165989999954, 0.0 ], [ 110.371001957000033, -7.679076559999942, 0.0 ], [ 110.369113026000036, -7.676203277999946, 0.0 ], [ 110.367696325000054, -7.676349364999965, 0.0 ], [ 110.369850219000057, -7.674502574999963, 0.0 ], [ 110.369616190000045, -7.672218954999948, 0.0 ], [ 110.371621386000072, -7.672028826999963, 0.0 ], [ 110.371489692000068, -7.67033741299997, 0.0 ], [ 110.368352276000053, -7.670168071999967, 0.0 ], [ 110.365792893000048, -7.671713948999979, 0.0 ], [ 110.364135829000077, -7.670311162999951, 0.0 ], [ 110.363785875000076, -7.667921829999955, 0.0 ], [ 110.361027911000065, -7.667669337999939, 0.0 ], [ 110.360192194000035, -7.669197143999952, 0.0 ], [ 110.357856406000053, -7.667883421999932, 0.0 ], [ 110.35712959500006, -7.66904842699995, 0.0 ], [ 110.355699100000038, -7.666695516999937, 0.0 ], [ 110.357543900000053, -7.664179568999941, 0.0 ], [ 110.359653493000053, -7.654110524999965, 0.0 ], [ 110.36311790600007, -7.654903948999959, 0.0 ], [ 110.370883867000089, -7.640288020999947, 0.0 ], [ 110.371616717000052, -7.642849533999936, 0.0 ], [ 110.367829741000037, -7.651011377999964, 0.0 ], [ 110.367247003000045, -7.652528279999956, 0.0 ], [ 110.367289024000058, -7.653443653999943, 0.0 ], [ 110.368818322000038, -7.652560536999943, 0.0 ], [ 110.367825849000042, -7.653654131999929, 0.0 ], [ 110.370530980000069, -7.654833295999936, 0.0 ], [ 110.373345400000062, -7.648588850999943, 0.0 ], [ 110.375280281000073, -7.649731826999925, 0.0 ], [ 110.377179304000038, -7.646362884999974, 0.0 ], [ 110.380172844000072, -7.645688197999959, 0.0 ] ] ] } },
{ "type": "Feature", "properties": { }, "geometry": { "type": "Polygon", "coordinates": [ [ [ 110.604073908000089, -7.99171738299998, 0.0 ], [ 110.614872542000057, -7.993830595999952, 0.0 ], [ 110.609280018000049, -8.004171356999962, 0.0 ], [ 110.608322796000039, -8.008987747999981, 0.0 ], [ 110.594097361000081, -8.004397365999978, 0.0 ], [ 110.592508426000052, -8.000933995999958, 0.0 ], [ 110.588926013000048, -8.001719953999952, 0.0 ], [ 110.585069281000074, -8.004606506999949, 0.0 ], [ 110.583448977000046, -8.003658512999948, 0.0 ], [ 110.584710775000076, -7.992083382999965, 0.0 ], [ 110.585850960000073, -7.99027616099994, 0.0 ], [ 110.588720911000053, -7.990276668999968, 0.0 ], [ 110.59707029100008, -7.997607727999934, 0.0 ], [ 110.599376960000086, -7.99582389699998, 0.0 ], [ 110.601503381000043, -7.996003770999948, 0.0 ], [ 110.603337330000045, -7.997921577999932, 0.0 ], [ 110.604073908000089, -7.99171738299998, 0.0 ] ] ] } },
{ "type": "Feature", "properties": { }, "geometry": { "type": "Polygon", "coordinates": [ [ [ 110.561734551000086, -7.89413366499997, 0.0 ], [ 110.563428040000076, -7.892368584999929, 0.0 ], [ 110.565242438000041, -7.895207311999968, 0.0 ], [ 110.571651121000059, -7.893041146999963, 0.0 ], [ 110.574846899000079, -7.896742126999925, 0.0 ], [ 110.578104746000065, -7.894697563999955, 0.0 ], [ 110.581046300000082, -7.900231061999932, 0.0 ], [ 110.59474556400005, -7.907439599999975, 0.0 ], [ 110.594833921000088, -7.909289376999936, 0.0 ], [ 110.591999177000048, -7.909755816999962, 0.0 ], [ 110.591229574000067, -7.907734176999952, 0.0 ], [ 110.586357294000038, -7.908931664999955, 0.0 ], [ 110.586384338000073, -7.907269969999959, 0.0 ], [ 110.584295248000046, -7.907432652999944, 0.0 ], [ 110.584449521000067, -7.905662897999946, 0.0 ], [ 110.583424162000085, -7.909309557999961, 0.0 ], [ 110.58171664300005, -7.910309622999932, 0.0 ], [ 110.580990942000085, -7.916062713999963, 0.0 ], [ 110.578594501000055, -7.916036358999975, 0.0 ], [ 110.578326009000079, -7.918462290999969, 0.0 ], [ 110.576140450000082, -7.920162408999943, 0.0 ], [ 110.571701448000056, -7.920525909999981, 0.0 ], [ 110.566383060000078, -7.918319235999945, 0.0 ], [ 110.561570810000035, -7.917932540999971, 0.0 ], [ 110.557971059000067, -7.918820240999935, 0.0 ], [ 110.557305437000082, -7.920725397999945, 0.0 ], [ 110.55439481500008, -7.921987099999967, 0.0 ], [ 110.548664984000084, -7.922189992999961, 0.0 ], [ 110.543992354000068, -7.919594278999966, 0.0 ], [ 110.541730229000052, -7.914730869999971, 0.0 ], [ 110.54455050100006, -7.911314179999977, 0.0 ], [ 110.546246089000078, -7.91166003799998, 0.0 ], [ 110.548149114000068, -7.909850936999931, 0.0 ], [ 110.545190295000054, -7.906127554999955, 0.0 ], [ 110.546443562000036, -7.899106222999933, 0.0 ], [ 110.544504564000079, -7.89401090299998, 0.0 ], [ 110.54852046700006, -7.891026855999939, 0.0 ], [ 110.550629061000052, -7.893044925999959, 0.0 ], [ 110.552973182000073, -7.892892574999962, 0.0 ], [ 110.554135795000036, -7.894695775999935, 0.0 ], [ 110.559618084000078, -7.895162556999935, 0.0 ], [ 110.561461115000043, -7.897931549999953, 0.0 ], [ 110.561734551000086, -7.89413366499997, 0.0 ] ] ] } },
{ "type": "Feature", "properties": { }, "geometry": { "type": "Polygon", "coordinates": [ [ [ 110.605038069000045, -7.907981528999926, 0.0 ], [ 110.605722205000063, -7.90963057099998, 0.0 ], [ 110.604073494000033, -7.913990548999948, 0.0 ], [ 110.600595886000065, -7.917793708999966, 0.0 ], [ 110.599751200000071, -7.920699199999945, 0.0 ], [ 110.604327678000061, -7.922725743999933, 0.0 ], [ 110.606688716000065, -7.922484250999958, 0.0 ], [ 110.607980626000085, -7.920333213999982, 0.0 ], [ 110.607952450000084, -7.921960776999981, 0.0 ], [ 110.610167465000075, -7.922514909999961, 0.0 ], [ 110.606745959000079, -7.931713195999976, 0.0 ], [ 110.601924281000038, -7.931831321999937, 0.0 ], [ 110.598717222000062, -7.929171650999933, 0.0 ], [ 110.593183371000066, -7.927607163999937, 0.0 ], [ 110.590651697000055, -7.924365518999934, 0.0 ], [ 110.588160053000081, -7.925105782999935, 0.0 ], [ 110.588255876000062, -7.923274506999974, 0.0 ], [ 110.583328977000065, -7.922775498999954, 0.0 ], [ 110.580656884000064, -7.914549444999977, 0.0 ], [ 110.584449521000067, -7.905662897999946, 0.0 ], [ 110.584295248000046, -7.907432652999944, 0.0 ], [ 110.586384338000073, -7.907269969999959, 0.0 ], [ 110.586357294000038, -7.908931664999955, 0.0 ], [ 110.591229574000067, -7.907734176999952, 0.0 ], [ 110.591999177000048, -7.909755816999962, 0.0 ], [ 110.594833921000088, -7.909289376999936, 0.0 ], [ 110.59474556400005, -7.907439599999975, 0.0 ], [ 110.590250199000081, -7.90590638599997, 0.0 ], [ 110.585557649000066, -7.902174305999949, 0.0 ], [ 110.587050039000076, -7.900187937999931, 0.0 ], [ 110.588218009000059, -7.900107181999942, 0.0 ], [ 110.588240649000056, -7.901982285999964, 0.0 ], [ 110.593615039000042, -7.906494814999974, 0.0 ], [ 110.600167033000048, -7.90918081999996, 0.0 ], [ 110.605038069000045, -7.907981528999926, 0.0 ] ] ] } },
{ "type": "Feature", "properties": { }, "geometry": { "type": "Polygon", "coordinates": [ [ [ 110.54358415300004, -7.792556635999972, 0.0 ], [ 110.54669330300004, -7.799176962999979, 0.0 ], [ 110.544886605000045, -7.803925289999938, 0.0 ], [ 110.545003347000034, -7.808996467999975, 0.0 ], [ 110.546566554000037, -7.80974699099994, 0.0 ], [ 110.545241720000035, -7.810992542999941, 0.0 ], [ 110.544067484000038, -7.820613992999938, 0.0 ], [ 110.542363791000071, -7.823447249999958, 0.0 ], [ 110.537595125000053, -7.823906484999952, 0.0 ], [ 110.53463815200007, -7.822500386999934, 0.0 ], [ 110.53231517200004, -7.824683543999981, 0.0 ], [ 110.532938036000075, -7.819975624999927, 0.0 ], [ 110.528629967000086, -7.816470272999936, 0.0 ], [ 110.527932932000056, -7.811351172999935, 0.0 ], [ 110.526251503000083, -7.808893151999939, 0.0 ], [ 110.523408747000076, -7.807781696999939, 0.0 ], [ 110.523138008000046, -7.805677535999962, 0.0 ], [ 110.521371082000087, -7.805098058999931, 0.0 ], [ 110.520694234000075, -7.798109912999962, 0.0 ], [ 110.528035137000074, -7.79290898499994, 0.0 ], [ 110.530333652000081, -7.792960629999925, 0.0 ], [ 110.529722236000055, -7.794360082999958, 0.0 ], [ 110.53074625000005, -7.794948402999978, 0.0 ], [ 110.52985710300004, -7.795239910999953, 0.0 ], [ 110.531258101000049, -7.795381343999964, 0.0 ], [ 110.53123706100007, -7.798279351999952, 0.0 ], [ 110.533349546000068, -7.795565935999946, 0.0 ], [ 110.534850363000089, -7.796020958999975, 0.0 ], [ 110.535106180000071, -7.794105043999934, 0.0 ], [ 110.537617, -7.794414, 0.0 ], [ 110.536453909000045, -7.796814559999973, 0.0 ], [ 110.539316510000049, -7.797698681999975, 0.0 ], [ 110.540807031000043, -7.794065515999932, 0.0 ], [ 110.542971, -7.794191, 0.0 ], [ 110.54358415300004, -7.792556635999972, 0.0 ] ] ] } },
{ "type": "Feature", "properties": { }, "geometry": { "type": "Polygon", "coordinates": [ [ [ 110.522666344000072, -7.931774735999966, 0.0 ], [ 110.525664045000042, -7.937405662999936, 0.0 ], [ 110.52249276200007, -7.937952076999977, 0.0 ], [ 110.521169728000075, -7.942652677999945, 0.0 ], [ 110.518136800000036, -7.946044051999934, 0.0 ], [ 110.512857330000088, -7.944457452999927, 0.0 ], [ 110.510845678000067, -7.947118253999975, 0.0 ], [ 110.507019264000064, -7.948350174999973, 0.0 ], [ 110.506957086000057, -7.945925321999937, 0.0 ], [ 110.499661853000077, -7.943198665999944, 0.0 ], [ 110.498259250000046, -7.951194137999948, 0.0 ], [ 110.496741711000084, -7.951107539999953, 0.0 ], [ 110.49606663600008, -7.949284723999938, 0.0 ], [ 110.494628529000067, -7.94982397299998, 0.0 ], [ 110.49547861700006, -7.947437111999932, 0.0 ], [ 110.493186201000071, -7.946932627999956, 0.0 ], [ 110.493169741000088, -7.945398657999931, 0.0 ], [ 110.489340084000048, -7.942927527999927, 0.0 ], [ 110.488586421000036, -7.939525577999973, 0.0 ], [ 110.492195122000055, -7.937820883999962, 0.0 ], [ 110.493148818000066, -7.931533312999932, 0.0 ], [ 110.491241450000075, -7.925307713999928, 0.0 ], [ 110.495992137000087, -7.912889832999952, 0.0 ], [ 110.497520049000059, -7.912226392999969, 0.0 ], [ 110.499794737000059, -7.91366193999994, 0.0 ], [ 110.500437212000065, -7.916343162999965, 0.0 ], [ 110.503144707000047, -7.917256895999969, 0.0 ], [ 110.502866643000061, -7.91996153499997, 0.0 ], [ 110.507863850000035, -7.919800701999975, 0.0 ], [ 110.511752332000071, -7.924235103999933, 0.0 ], [ 110.513346700000056, -7.924277769999946, 0.0 ], [ 110.515679257000045, -7.929037691999952, 0.0 ], [ 110.519853599000044, -7.932429907999961, 0.0 ], [ 110.522666344000072, -7.931774735999966, 0.0 ] ] ] } },
{ "type": "Feature", "properties": { }, "geometry": { "type": "Polygon", "coordinates": [ [ [ 110.373065397000062, -8.009737221999956, 0.0 ], [ 110.369718929000044, -8.010782597999935, 0.0 ], [ 110.363185964000081, -8.008562844999972, 0.0 ], [ 110.357554323000045, -8.014397970999937, 0.0 ], [ 110.350549492000084, -8.01291267199997, 0.0 ], [ 110.347369491000052, -8.014633446999937, 0.0 ], [ 110.347109388000035, -8.011871605999943, 0.0 ], [ 110.349755511000069, -8.010411691999934, 0.0 ], [ 110.349682259000076, -8.005761934999953, 0.0 ], [ 110.350480041000083, -8.003441616999964, 0.0 ], [ 110.351615499000047, -8.003405353999938, 0.0 ], [ 110.35195211100006, -7.997794071999976, 0.0 ], [ 110.353080853000051, -7.997382510999955, 0.0 ], [ 110.352144017000057, -7.993687097999953, 0.0 ], [ 110.353412030000072, -7.988520558999937, 0.0 ], [ 110.356641463000074, -7.987486341999954, 0.0 ], [ 110.360865244000081, -7.983074186999943, 0.0 ], [ 110.365143156000045, -7.986362948999954, 0.0 ], [ 110.36832757600007, -7.992142060999981, 0.0 ], [ 110.373113027000045, -7.994814176999967, 0.0 ], [ 110.374239458000034, -7.997610877999932, 0.0 ], [ 110.373477693000041, -7.999154189999956, 0.0 ], [ 110.375326532000088, -8.000902332999942, 0.0 ], [ 110.374664049000046, -8.00326335699998, 0.0 ], [ 110.375958535000052, -8.004797765999967, 0.0 ], [ 110.373672069000065, -8.00571728999995, 0.0 ], [ 110.37423461700007, -8.007682382999974, 0.0 ], [ 110.373065397000062, -8.009737221999956, 0.0 ] ] ] } },
{ "type": "Feature", "properties": { }, "geometry": { "type": "MultiPolygon", "coordinates": [ [ [ [ 110.348294336000038, -8.041118450999932, 0.0 ], [ 110.348101004000057, -8.041154142999972, 0.0 ], [ 110.34820213200004, -8.041032195999946, 0.0 ], [ 110.348294336000038, -8.041118450999932, 0.0 ] ] ], [ [ [ 110.364025217000062, -8.008645283999954, 0.0 ], [ 110.369718929000044, -8.010782597999935, 0.0 ], [ 110.368519009000067, -8.018822956999941, 0.0 ], [ 110.369705350000061, -8.021131998999977, 0.0 ], [ 110.371159188000036, -8.021389415999977, 0.0 ], [ 110.370965572000046, -8.023314058999972, 0.0 ], [ 110.375154663000046, -8.029537261999963, 0.0 ], [ 110.377552463000086, -8.035966917999929, 0.0 ], [ 110.380524764000086, -8.037479632999975, 0.0 ], [ 110.383366203000037, -8.042711291999979, 0.0 ], [ 110.383846015000074, -8.04686726999995, 0.0 ], [ 110.385539273000063, -8.048579404999941, 0.0 ], [ 110.381966552000051, -8.052893060999963, 0.0 ], [ 110.379863559000057, -8.059095391999961, 0.0 ], [ 110.377752589000067, -8.060037294999972, 0.0 ], [ 110.377466527000081, -8.063424854999937, 0.0 ], [ 110.374857357000053, -8.063931902999968, 0.0 ], [ 110.375395397000034, -8.064731868999957, 0.0 ], [ 110.372753371000044, -8.067936693999968, 0.0 ], [ 110.369555447000039, -8.064425008999933, 0.0 ], [ 110.368319374000066, -8.060979348999979, 0.0 ], [ 110.359955200000059, -8.056955444999971, 0.0 ], [ 110.355716374000053, -8.052904376999948, 0.0 ], [ 110.347520344000088, -8.038515760999928, 0.0 ], [ 110.345472563000044, -8.028514506999954, 0.0 ], [ 110.348170966000055, -8.014003943999967, 0.0 ], [ 110.352616677000071, -8.012959943999931, 0.0 ], [ 110.357031033000055, -8.014586864999956, 0.0 ], [ 110.364025217000062, -8.008645283999954, 0.0 ] ] ] ] } },
{ "type": "Feature", "properties": { }, "geometry": { "type": "Polygon", "coordinates": [ [ [ 110.412274976000049, -7.971548885999937, 0.0 ], [ 110.414419156000065, -7.978693722999935, 0.0 ], [ 110.413489649000041, -7.980133991999935, 0.0 ], [ 110.414531686000089, -7.98339104799993, 0.0 ], [ 110.413783434000038, -7.987106064999978, 0.0 ], [ 110.415306885000064, -7.988212648999934, 0.0 ], [ 110.416669374000037, -7.992528341999957, 0.0 ], [ 110.416587628000059, -7.996643272999961, 0.0 ], [ 110.421266550000041, -8.000012436999953, 0.0 ], [ 110.423628410000049, -8.005151335999926, 0.0 ], [ 110.429395463000048, -8.007662160999928, 0.0 ], [ 110.428358355000057, -8.008750557999974, 0.0 ], [ 110.431132714000057, -8.013333743999965, 0.0 ], [ 110.420646346000069, -8.019171305999976, 0.0 ], [ 110.420822283000064, -8.021135779999952, 0.0 ], [ 110.418077287000074, -8.02130468699994, 0.0 ], [ 110.417212387000063, -8.022646182999949, 0.0 ], [ 110.411133953000046, -8.015945510999927, 0.0 ], [ 110.408055341000079, -8.004736175999938, 0.0 ], [ 110.405576795000059, -8.001994834999948, 0.0 ], [ 110.400193401000081, -8.002361424999947, 0.0 ], [ 110.397228160000054, -8.000427400999968, 0.0 ], [ 110.39791081900006, -7.99278697099993, 0.0 ], [ 110.392298091000043, -7.98471983099995, 0.0 ], [ 110.39133580400005, -7.98129860399996, 0.0 ], [ 110.397340238000083, -7.980704784999944, 0.0 ], [ 110.39931043200005, -7.979086751999944, 0.0 ], [ 110.396369418000063, -7.973823383999957, 0.0 ], [ 110.395741241000053, -7.968207855999935, 0.0 ], [ 110.396988078000049, -7.967141856999945, 0.0 ], [ 110.404649943000038, -7.968264962999967, 0.0 ], [ 110.407324457000072, -7.970996583999977, 0.0 ], [ 110.412274976000049, -7.971548885999937, 0.0 ] ] ] } },
{ "type": "Feature", "properties": { }, "geometry": { "type": "Polygon", "coordinates": [ [ [ 110.391033829000037, -7.646904228999972, 0.0 ], [ 110.389555082000072, -7.646035107999978, 0.0 ], [ 110.390639984000074, -7.643837478999956, 0.0 ], [ 110.389042964000055, -7.642804205999937, 0.0 ], [ 110.38420158100007, -7.646436353999945, 0.0 ], [ 110.378977304000045, -7.653458845999978, 0.0 ], [ 110.378858086000037, -7.64828440399998, 0.0 ], [ 110.385481581000079, -7.633960922999961, 0.0 ], [ 110.38591811200007, -7.628342869999926, 0.0 ], [ 110.387749536000058, -7.626117389999933, 0.0 ], [ 110.386876605000054, -7.623696687999939, 0.0 ], [ 110.389970276000042, -7.618522693999978, 0.0 ], [ 110.388616375000083, -7.61557073299997, 0.0 ], [ 110.392397268000082, -7.610041932999934, 0.0 ], [ 110.393144401000086, -7.603636417999951, 0.0 ], [ 110.398902680000049, -7.598062479999953, 0.0 ], [ 110.400476165000043, -7.594882307999967, 0.0 ], [ 110.408044497000049, -7.589348121999933, 0.0 ], [ 110.407982038000057, -7.583714535999945, 0.0 ], [ 110.401866562000066, -7.58709670099995, 0.0 ], [ 110.398327985000037, -7.586524538999981, 0.0 ], [ 110.39750927700004, -7.587635277999937, 0.0 ], [ 110.39722983200005, -7.587733723999975, 0.0 ], [ 110.398153471000057, -7.584930031999932, 0.0 ], [ 110.405724405000058, -7.572773291999965, 0.0 ], [ 110.413799758000039, -7.571829049999963, 0.0 ], [ 110.415401111000051, -7.575269946999981, 0.0 ], [ 110.418494419000069, -7.577755798999931, 0.0 ], [ 110.416912796000076, -7.583485358999951, 0.0 ], [ 110.412930528000061, -7.587595949999979, 0.0 ], [ 110.414564924000047, -7.588168119999978, 0.0 ], [ 110.413631223000039, -7.595019518999948, 0.0 ], [ 110.414828464000038, -7.596426471999962, 0.0 ], [ 110.40251382200006, -7.627328678999959, 0.0 ], [ 110.399945271000036, -7.629962479999961, 0.0 ], [ 110.398651399000073, -7.635796806999963, 0.0 ], [ 110.397122630000069, -7.636463807999974, 0.0 ], [ 110.395151894000037, -7.640998466999974, 0.0 ], [ 110.392323437000073, -7.642772420999961, 0.0 ], [ 110.391033829000037, -7.646904228999972, 0.0 ] ] ] } },
{ "type": "Feature", "properties": { }, "geometry": { "type": "Polygon", "coordinates": [ [ [ 110.439005456000075, -7.967084045999968, 0.0 ], [ 110.439866413000061, -7.971442778999972, 0.0 ], [ 110.441262720000054, -7.972688063999954, 0.0 ], [ 110.441550066000048, -7.97711435399998, 0.0 ], [ 110.450611706000075, -7.981350978999956, 0.0 ], [ 110.45146406300006, -7.988636275999966, 0.0 ], [ 110.456578292000074, -7.991956118999951, 0.0 ], [ 110.458442787000081, -7.995011507999948, 0.0 ], [ 110.460379511000042, -7.995168816999978, 0.0 ], [ 110.460532515000068, -7.996547251999971, 0.0 ], [ 110.465512790000048, -7.993823971999973, 0.0 ], [ 110.462888107000083, -7.990966433999972, 0.0 ], [ 110.46287245700006, -7.987970747999952, 0.0 ], [ 110.464232031000051, -7.988349832999972, 0.0 ], [ 110.465151797000033, -7.98609462099995, 0.0 ], [ 110.470922055000074, -7.986978682999961, 0.0 ], [ 110.473852074000035, -7.990688896999927, 0.0 ], [ 110.47415432400004, -7.988259667999955, 0.0 ], [ 110.476097791000086, -7.989256263999948, 0.0 ], [ 110.47806693800004, -7.987119492999966, 0.0 ], [ 110.479700945000047, -7.995138279999935, 0.0 ], [ 110.478823178000084, -7.994961581999974, 0.0 ], [ 110.478472608000061, -7.996707759999936, 0.0 ], [ 110.474517186000071, -7.997470051999926, 0.0 ], [ 110.473220576000074, -8.000714580999954, 0.0 ], [ 110.478695352000045, -8.006194448999963, 0.0 ], [ 110.480864308000037, -8.006761514999937, 0.0 ], [ 110.480709211000033, -8.008155108999972, 0.0 ], [ 110.478907563000064, -8.008039519999954, 0.0 ], [ 110.478212279000047, -8.00991154299993, 0.0 ], [ 110.474696527000049, -8.011694353999928, 0.0 ], [ 110.471097035000071, -8.015695914999981, 0.0 ], [ 110.468894458000079, -8.019977601999926, 0.0 ], [ 110.469681093000077, -8.021403564999957, 0.0 ], [ 110.46467961500008, -8.022968976999948, 0.0 ], [ 110.464022395000086, -8.02134577299995, 0.0 ], [ 110.460993850000079, -8.021529200999964, 0.0 ], [ 110.458443629000044, -8.017476186999943, 0.0 ], [ 110.454723606000073, -8.016986203999977, 0.0 ], [ 110.453647692000061, -8.021599555999956, 0.0 ], [ 110.449780492000059, -8.022715194999932, 0.0 ], [ 110.447452412000075, -8.02611144499997, 0.0 ], [ 110.436678784000037, -8.029657356999962, 0.0 ], [ 110.435612595000066, -8.029122580999967, 0.0 ], [ 110.435665104000066, -8.026793694999981, 0.0 ], [ 110.437240863000056, -8.023625486999947, 0.0 ], [ 110.434492600000056, -8.021282928999938, 0.0 ], [ 110.434660007000048, -8.017619048999961, 0.0 ], [ 110.428358355000057, -8.008750557999974, 0.0 ], [ 110.429395463000048, -8.007662160999928, 0.0 ], [ 110.423628410000049, -8.005151335999926, 0.0 ], [ 110.421266550000041, -8.000012436999953, 0.0 ], [ 110.416587628000059, -7.996643272999961, 0.0 ], [ 110.416669374000037, -7.992528341999957, 0.0 ], [ 110.415306885000064, -7.988212648999934, 0.0 ], [ 110.413783434000038, -7.987106064999978, 0.0 ], [ 110.414531686000089, -7.98339104799993, 0.0 ], [ 110.413489649000041, -7.980133991999935, 0.0 ], [ 110.414419156000065, -7.978693722999935, 0.0 ], [ 110.412274976000049, -7.971548885999937, 0.0 ], [ 110.421201473000053, -7.973271348999958, 0.0 ], [ 110.430072104000033, -7.966018751999968, 0.0 ], [ 110.431861459000061, -7.962973041999931, 0.0 ], [ 110.434623711000086, -7.966315247999944, 0.0 ], [ 110.439005456000075, -7.967084045999968, 0.0 ] ] ] } },
{ "type": "Feature", "properties": { }, "geometry": { "type": "Polygon", "coordinates": [ [ [ 110.365645818000075, -7.972452813999951, 0.0 ], [ 110.374078628000063, -7.979286625999976, 0.0 ], [ 110.38637568200005, -7.979391322999959, 0.0 ], [ 110.391344238000045, -7.98105635099995, 0.0 ], [ 110.392298091000043, -7.98471983099995, 0.0 ], [ 110.397238040000047, -7.990787087999934, 0.0 ], [ 110.397175644000072, -8.000301948999947, 0.0 ], [ 110.399116745000072, -8.001979215999938, 0.0 ], [ 110.400118737000071, -8.009437163999962, 0.0 ], [ 110.394701239000085, -8.012827690999927, 0.0 ], [ 110.395191667000063, -8.01606514599996, 0.0 ], [ 110.391963234000059, -8.01766596899995, 0.0 ], [ 110.390189049000071, -8.020898071999966, 0.0 ], [ 110.387731732000077, -8.01908210299996, 0.0 ], [ 110.384067470000048, -8.020379240999944, 0.0 ], [ 110.383509736000065, -8.019194359999972, 0.0 ], [ 110.381248271000061, -8.019175015999963, 0.0 ], [ 110.37801862300006, -8.013093621999928, 0.0 ], [ 110.373065397000062, -8.009737221999956, 0.0 ], [ 110.37423461700007, -8.007682382999974, 0.0 ], [ 110.373672069000065, -8.00571728999995, 0.0 ], [ 110.375958535000052, -8.004797765999967, 0.0 ], [ 110.374664049000046, -8.00326335699998, 0.0 ], [ 110.375326532000088, -8.000902332999942, 0.0 ], [ 110.373477693000041, -7.999154189999956, 0.0 ], [ 110.374239458000034, -7.997610877999932, 0.0 ], [ 110.373113027000045, -7.994814176999967, 0.0 ], [ 110.36832757600007, -7.992142060999981, 0.0 ], [ 110.365143156000045, -7.986362948999954, 0.0 ], [ 110.360865244000081, -7.983074186999943, 0.0 ], [ 110.362866607000058, -7.981494765999969, 0.0 ], [ 110.364655962000086, -7.973347491999959, 0.0 ], [ 110.365645818000075, -7.972452813999951, 0.0 ] ] ] } },
{ "type": "Feature", "properties": { }, "geometry": { "type": "Polygon", "coordinates": [ [ [ 110.463217863000068, -7.604666842999961, 0.0 ], [ 110.468548515000066, -7.61777346599996, 0.0 ], [ 110.468471290000082, -7.637054087999957, 0.0 ], [ 110.471488397000087, -7.650919408999926, 0.0 ], [ 110.469400439000083, -7.650863806999951, 0.0 ], [ 110.468636210000057, -7.653025763999949, 0.0 ], [ 110.463803372000086, -7.654605310999955, 0.0 ], [ 110.463877784000033, -7.649543799999947, 0.0 ], [ 110.461690918000045, -7.645396597999934, 0.0 ], [ 110.459935446000088, -7.633435061999933, 0.0 ], [ 110.460360034000075, -7.631894360999979, 0.0 ], [ 110.463377713000057, -7.631433090999963, 0.0 ], [ 110.462105660000077, -7.625401888999932, 0.0 ], [ 110.462570076000077, -7.619112192999978, 0.0 ], [ 110.459800104000067, -7.618982731999949, 0.0 ], [ 110.45759901200006, -7.613889, 0.0 ], [ 110.456701412000086, -7.610468358999981, 0.0 ], [ 110.457556068000088, -7.608189747999972, 0.0 ], [ 110.455976449000048, -7.605248183999947, 0.0 ], [ 110.456861022000055, -7.603079596999976, 0.0 ], [ 110.454009169000074, -7.599818635999952, 0.0 ], [ 110.454791338000064, -7.596878507999975, 0.0 ], [ 110.452976655000043, -7.594279575999963, 0.0 ], [ 110.453343491000055, -7.591998510999929, 0.0 ], [ 110.447655638000072, -7.57978430999998, 0.0 ], [ 110.446304043000055, -7.57378386399995, 0.0 ], [ 110.447613439000065, -7.570736459999978, 0.0 ], [ 110.445059553000078, -7.569070691999968, 0.0 ], [ 110.441655012000069, -7.561821090999956, 0.0 ], [ 110.444280596000056, -7.557426598999939, 0.0 ], [ 110.445224912000072, -7.541161558999931, 0.0 ], [ 110.455012774000068, -7.554800606999947, 0.0 ], [ 110.455492822000053, -7.557558231999963, 0.0 ], [ 110.452702747000046, -7.563911216999941, 0.0 ], [ 110.455290680000076, -7.575258205999944, 0.0 ], [ 110.46044020100004, -7.588249202999975, 0.0 ], [ 110.463217863000068, -7.604666842999961, 0.0 ] ] ] } },
{ "type": "Feature", "properties": { }, "geometry": { "type": "Polygon", "coordinates": [ [ [ 110.546114180000075, -7.98126220499995, 0.0 ], [ 110.545568825000089, -7.983144039999956, 0.0 ], [ 110.543223810000086, -7.983658755999954, 0.0 ], [ 110.541850179000051, -7.985670368999934, 0.0 ], [ 110.538509594000061, -7.985505063999938, 0.0 ], [ 110.541515210000057, -7.990108898999949, 0.0 ], [ 110.536045307000052, -7.992652980999935, 0.0 ], [ 110.538470353000037, -7.994126060999974, 0.0 ], [ 110.536869335000063, -7.994258751999951, 0.0 ], [ 110.535507600000074, -7.996856798999943, 0.0 ], [ 110.535109341000066, -7.995515363999971, 0.0 ], [ 110.536179746000073, -8.000684958999955, 0.0 ], [ 110.535910025000078, -8.003724673999955, 0.0 ], [ 110.534582673000045, -8.004280630999972, 0.0 ], [ 110.534760492000089, -8.00181506499996, 0.0 ], [ 110.531380335000051, -8.000798429999975, 0.0 ], [ 110.531902266000088, -7.995184005999931, 0.0 ], [ 110.529562242000054, -7.993508162999944, 0.0 ], [ 110.531144804000064, -7.992149084999937, 0.0 ], [ 110.52754871500008, -7.991062409999927, 0.0 ], [ 110.520554057000084, -7.991543813999954, 0.0 ], [ 110.520549140000071, -7.989405208999926, 0.0 ], [ 110.514802647000067, -7.986017128999947, 0.0 ], [ 110.512754879000056, -7.982048934999966, 0.0 ], [ 110.515428213000064, -7.980469505999963, 0.0 ], [ 110.516036542000052, -7.977442628999938, 0.0 ], [ 110.525356034000083, -7.980650351999941, 0.0 ], [ 110.525289737000037, -7.975625845999957, 0.0 ], [ 110.531378077000056, -7.974009071999944, 0.0 ], [ 110.53798426600008, -7.974709493999967, 0.0 ], [ 110.539483908000079, -7.973042457999952, 0.0 ], [ 110.543627152000056, -7.974887465999927, 0.0 ], [ 110.546114180000075, -7.98126220499995, 0.0 ] ] ] } },
{ "type": "Feature", "properties": { }, "geometry": { "type": "Polygon", "coordinates": [ [ [ 110.428557954000041, -7.642827693999948, 0.0 ], [ 110.423959161000084, -7.641952428999957, 0.0 ], [ 110.423732149000045, -7.643225886999971, 0.0 ], [ 110.422662432000038, -7.642868553999961, 0.0 ], [ 110.422927756000036, -7.649417532999962, 0.0 ], [ 110.420791559000065, -7.650929662999943, 0.0 ], [ 110.41731369300004, -7.649559228999976, 0.0 ], [ 110.419353274000059, -7.646443980999948, 0.0 ], [ 110.418690448000063, -7.645067378999954, 0.0 ], [ 110.415830290000088, -7.644412733999957, 0.0 ], [ 110.414884977000042, -7.646533504999979, 0.0 ], [ 110.409056908000082, -7.645084511999926, 0.0 ], [ 110.408371951000049, -7.639771097999926, 0.0 ], [ 110.412226761000056, -7.639598018999948, 0.0 ], [ 110.414504169000054, -7.628918624999926, 0.0 ], [ 110.409199396000076, -7.627279769999973, 0.0 ], [ 110.41484020300004, -7.622379407999972, 0.0 ], [ 110.416282401000046, -7.616782754999974, 0.0 ], [ 110.415503911000087, -7.614437742999939, 0.0 ], [ 110.417928964000055, -7.608913513999937, 0.0 ], [ 110.417562272000055, -7.605578373999947, 0.0 ], [ 110.419180744000073, -7.599538953999968, 0.0 ], [ 110.423421056000052, -7.595755256999951, 0.0 ], [ 110.427656763000073, -7.583367816999953, 0.0 ], [ 110.425613590000069, -7.574320027999931, 0.0 ], [ 110.43081955200006, -7.566813367999941, 0.0 ], [ 110.441655012000069, -7.561821090999956, 0.0 ], [ 110.441248641000072, -7.567080604999944, 0.0 ], [ 110.438364734000061, -7.571487365999928, 0.0 ], [ 110.436035926000045, -7.572465799999975, 0.0 ], [ 110.435060630000066, -7.575283357999979, 0.0 ], [ 110.437125966000053, -7.57850611899994, 0.0 ], [ 110.437415365000049, -7.583437830999969, 0.0 ], [ 110.440081273000033, -7.586191300999928, 0.0 ], [ 110.439473869000039, -7.587241576999929, 0.0 ], [ 110.441643667000051, -7.590405566999948, 0.0 ], [ 110.438180920000036, -7.595831175999933, 0.0 ], [ 110.438132394000036, -7.598333773999968, 0.0 ], [ 110.433525440000039, -7.605087334999951, 0.0 ], [ 110.43124326800006, -7.606158156999925, 0.0 ], [ 110.429054142000041, -7.61154081199993, 0.0 ], [ 110.430345478000049, -7.615350228999944, 0.0 ], [ 110.428112012000042, -7.61905023099996, 0.0 ], [ 110.426999935000083, -7.62568411999996, 0.0 ], [ 110.427762190000067, -7.634127600999932, 0.0 ], [ 110.426367070000083, -7.637512793999974, 0.0 ], [ 110.428516982000076, -7.639751881999928, 0.0 ], [ 110.428557954000041, -7.642827693999948, 0.0 ] ] ] } },
{ "type": "Feature", "properties": { }, "geometry": { "type": "Polygon", "coordinates": [ [ [ 110.603676184000051, -7.822227419999933, 0.0 ], [ 110.599221706000037, -7.826583114999949, 0.0 ], [ 110.596209780000038, -7.832061723999971, 0.0 ], [ 110.59929683200005, -7.831119949999959, 0.0 ], [ 110.599456177000036, -7.83257507999997, 0.0 ], [ 110.601659577000078, -7.831188462999933, 0.0 ], [ 110.611964829000044, -7.843230878999975, 0.0 ], [ 110.612161703000083, -7.851883790999977, 0.0 ], [ 110.608499651000045, -7.85430411599998, 0.0 ], [ 110.607537989000036, -7.854381384999954, 0.0 ], [ 110.605821764000041, -7.850784706999946, 0.0 ], [ 110.603894535000052, -7.850155299999926, 0.0 ], [ 110.599169223000047, -7.850669805999928, 0.0 ], [ 110.598644279000041, -7.852524413999959, 0.0 ], [ 110.594917233000047, -7.853314379999972, 0.0 ], [ 110.594086282000035, -7.851989509999953, 0.0 ], [ 110.584137221000049, -7.849711800999955, 0.0 ], [ 110.580433653000057, -7.846340707999957, 0.0 ], [ 110.578751529000044, -7.841945238999926, 0.0 ], [ 110.565732830000059, -7.832681534999949, 0.0 ], [ 110.568740097000045, -7.829878879999967, 0.0 ], [ 110.570182561000081, -7.825625199999934, 0.0 ], [ 110.572850112000083, -7.825872513999968, 0.0 ], [ 110.574237284000048, -7.822124704999965, 0.0 ], [ 110.577363261000073, -7.819354066999949, 0.0 ], [ 110.591732492000062, -7.818821190999927, 0.0 ], [ 110.593654510000079, -7.820906946999969, 0.0 ], [ 110.600320509000085, -7.819648750999932, 0.0 ], [ 110.603676184000051, -7.822227419999933, 0.0 ] ] ] } },
{ "type": "Feature", "properties": { }, "geometry": { "type": "Polygon", "coordinates": [ [ [ 110.419353274000059, -7.646443980999948, 0.0 ], [ 110.415180467000084, -7.653735329999961, 0.0 ], [ 110.415467771000067, -7.657362367999951, 0.0 ], [ 110.413344903000052, -7.663604217999932, 0.0 ], [ 110.417302554000059, -7.665570182999943, 0.0 ], [ 110.415473028000065, -7.676338749999957, 0.0 ], [ 110.412901605000059, -7.677519897999957, 0.0 ], [ 110.408821518000082, -7.686985820999951, 0.0 ], [ 110.404530477000037, -7.69193618099996, 0.0 ], [ 110.403683016000059, -7.696748536999962, 0.0 ], [ 110.400012225000069, -7.702672596999946, 0.0 ], [ 110.396274672000061, -7.702200646999927, 0.0 ], [ 110.400137230000041, -7.697364334999975, 0.0 ], [ 110.401703234000081, -7.691623567999955, 0.0 ], [ 110.404752493000046, -7.688158581999971, 0.0 ], [ 110.403528643000072, -7.678317065999977, 0.0 ], [ 110.404591518000075, -7.674667688999932, 0.0 ], [ 110.403353352000067, -7.67180828499994, 0.0 ], [ 110.406157962000066, -7.661838989999978, 0.0 ], [ 110.405915431000039, -7.657501253999953, 0.0 ], [ 110.409197591000066, -7.650464301999932, 0.0 ], [ 110.409056908000082, -7.645084511999926, 0.0 ], [ 110.414884977000042, -7.646533504999979, 0.0 ], [ 110.415830290000088, -7.644412733999957, 0.0 ], [ 110.418690448000063, -7.645067378999954, 0.0 ], [ 110.419353274000059, -7.646443980999948, 0.0 ] ] ] } },
{ "type": "Feature", "properties": { }, "geometry": { "type": "Polygon", "coordinates": [ [ [ 110.51274075200007, -8.028535108999961, 0.0 ], [ 110.512970396000071, -8.031917248999946, 0.0 ], [ 110.510824606000085, -8.035479191999968, 0.0 ], [ 110.508951682000088, -8.035806238999953, 0.0 ], [ 110.508714845000043, -8.039360575999979, 0.0 ], [ 110.506874335000077, -8.037721259999955, 0.0 ], [ 110.507886393000035, -8.040388995999933, 0.0 ], [ 110.505485804000045, -8.046044961999939, 0.0 ], [ 110.508341477000045, -8.047012146999975, 0.0 ], [ 110.507917545000055, -8.048279842999932, 0.0 ], [ 110.504501545000039, -8.047214273999941, 0.0 ], [ 110.504528788000073, -8.045300327999939, 0.0 ], [ 110.503080552000085, -8.047002759999941, 0.0 ], [ 110.500850083000046, -8.045920752999962, 0.0 ], [ 110.501929600000039, -8.044511543999931, 0.0 ], [ 110.503697630000033, -8.045076897999934, 0.0 ], [ 110.504710514000067, -8.041964634999943, 0.0 ], [ 110.502522831000078, -8.043373889999941, 0.0 ], [ 110.49994643000008, -8.039881137999942, 0.0 ], [ 110.498090292000086, -8.040890035999951, 0.0 ], [ 110.49836263900005, -8.043185173999973, 0.0 ], [ 110.495625167000071, -8.043372209999973, 0.0 ], [ 110.494393617000071, -8.041542104999962, 0.0 ], [ 110.492703769000059, -8.043311545999927, 0.0 ], [ 110.49168155600006, -8.042458587999931, 0.0 ], [ 110.491162269000085, -8.045227107999949, 0.0 ], [ 110.487381299000049, -8.044443906999959, 0.0 ], [ 110.486588116000064, -8.046429714999931, 0.0 ], [ 110.488154046000034, -8.047040867999954, 0.0 ], [ 110.483188531000053, -8.052263489999973, 0.0 ], [ 110.482986, -8.054691974999969, 0.0 ], [ 110.480813831000034, -8.05741398999993, 0.0 ], [ 110.484177461000058, -8.066179036999927, 0.0 ], [ 110.481757147000053, -8.064884818999928, 0.0 ], [ 110.481159480000088, -8.062797720999981, 0.0 ], [ 110.47963597200004, -8.062908172999926, 0.0 ], [ 110.480223333000083, -8.060928957999977, 0.0 ], [ 110.477857816000039, -8.061779852999962, 0.0 ], [ 110.478407355000058, -8.063674529999957, 0.0 ], [ 110.47738779000008, -8.064381089999927, 0.0 ], [ 110.475462333000053, -8.058217390999971, 0.0 ], [ 110.47582056300007, -8.053183935999925, 0.0 ], [ 110.474232117000042, -8.051703070999963, 0.0 ], [ 110.476209331000064, -8.050421375999974, 0.0 ], [ 110.474886512000069, -8.046777903999953, 0.0 ], [ 110.47572505800008, -8.041214771999933, 0.0 ], [ 110.478385050000043, -8.038748479999981, 0.0 ], [ 110.477245584000059, -8.033153250999931, 0.0 ], [ 110.478290300000083, -8.030953306999947, 0.0 ], [ 110.479939685000033, -8.031036442999948, 0.0 ], [ 110.47846134200006, -8.026858814999969, 0.0 ], [ 110.47966174700008, -8.025727759999938, 0.0 ], [ 110.48186263000008, -8.026664430999972, 0.0 ], [ 110.482637233000048, -8.024563857999965, 0.0 ], [ 110.485324546000072, -8.023684670999955, 0.0 ], [ 110.487786229000051, -8.024831768999945, 0.0 ], [ 110.487873672000035, -8.02207905299997, 0.0 ], [ 110.48630933700008, -8.020982800999946, 0.0 ], [ 110.487541386000089, -8.018728280999937, 0.0 ], [ 110.490028678000044, -8.023274934999961, 0.0 ], [ 110.492552196000076, -8.022789877999969, 0.0 ], [ 110.494328690000088, -8.024723818999973, 0.0 ], [ 110.498623124000062, -8.024481832999982, 0.0 ], [ 110.499283734000073, -8.026519223999969, 0.0 ], [ 110.498215543000072, -8.027549577999935, 0.0 ], [ 110.501662490000058, -8.032541414999969, 0.0 ], [ 110.50156688800007, -8.035334758999966, 0.0 ], [ 110.50319724700006, -8.035372412999948, 0.0 ], [ 110.503606297000033, -8.031934027999966, 0.0 ], [ 110.507294024000089, -8.031444360999956, 0.0 ], [ 110.507791874000077, -8.029489463999937, 0.0 ], [ 110.510440727000059, -8.029203722999966, 0.0 ], [ 110.51229022800004, -8.031418904999953, 0.0 ], [ 110.51274075200007, -8.028535108999961, 0.0 ] ] ] } },
{ "type": "Feature", "properties": { }, "geometry": { "type": "Polygon", "coordinates": [ [ [ 110.461999946000049, -7.795651835999934, 0.0 ], [ 110.462660818000074, -7.798044996999977, 0.0 ], [ 110.466451114000051, -7.800895605999926, 0.0 ], [ 110.472378458000037, -7.802775914999927, 0.0 ], [ 110.473452114000054, -7.801470154999947, 0.0 ], [ 110.47622791100008, -7.803430160999937, 0.0 ], [ 110.475506094000082, -7.806437656999947, 0.0 ], [ 110.484721138000054, -7.810328008999932, 0.0 ], [ 110.484117053000034, -7.81378738899997, 0.0 ], [ 110.485966029000053, -7.813428180999949, 0.0 ], [ 110.485124969000083, -7.812233719999938, 0.0 ], [ 110.486459202000049, -7.811670733999961, 0.0 ], [ 110.486285673000054, -7.813147603999937, 0.0 ], [ 110.487753730000065, -7.812860391999948, 0.0 ], [ 110.487249751000036, -7.818643839999936, 0.0 ], [ 110.481415665000043, -7.817384301999937, 0.0 ], [ 110.479477915000075, -7.824787201999925, 0.0 ], [ 110.477018588000078, -7.824025134999943, 0.0 ], [ 110.475843627000074, -7.825399499999946, 0.0 ], [ 110.476053210000089, -7.82377379199994, 0.0 ], [ 110.472838674000059, -7.823143497999979, 0.0 ], [ 110.467714373000035, -7.828108185999952, 0.0 ], [ 110.466828099000054, -7.827818699999966, 0.0 ], [ 110.46735816000006, -7.825134163999962, 0.0 ], [ 110.465618060000054, -7.824680219999948, 0.0 ], [ 110.46428234800004, -7.822012541999925, 0.0 ], [ 110.461697864000087, -7.821735033999971, 0.0 ], [ 110.462093362000076, -7.823428136999951, 0.0 ], [ 110.460659421000059, -7.824559151999949, 0.0 ], [ 110.460528206000049, -7.821273423999969, 0.0 ], [ 110.458681981000041, -7.821343403999947, 0.0 ], [ 110.461112993000086, -7.815764547999947, 0.0 ], [ 110.459356004000085, -7.806123253999942, 0.0 ], [ 110.461331937000068, -7.798724091999929, 0.0 ], [ 110.460484885000085, -7.796329019999973, 0.0 ], [ 110.461999946000049, -7.795651835999934, 0.0 ] ] ] } },
{ "type": "Feature", "properties": { }, "geometry": { "type": "Polygon", "coordinates": [ [ [ 110.468079364000062, -7.784969448999959, 0.0 ], [ 110.467078704000073, -7.786516462999941, 0.0 ], [ 110.468748199000061, -7.787333785999976, 0.0 ], [ 110.466806343000087, -7.788522530999956, 0.0 ], [ 110.465826322000055, -7.79159225099994, 0.0 ], [ 110.467317840000078, -7.798184698999933, 0.0 ], [ 110.465220271000078, -7.799260367999977, 0.0 ], [ 110.463357888000075, -7.796040418999951, 0.0 ], [ 110.460484885000085, -7.796329019999973, 0.0 ], [ 110.461331937000068, -7.798724091999929, 0.0 ], [ 110.459356004000085, -7.806123253999942, 0.0 ], [ 110.46029978100006, -7.811565103999953, 0.0 ], [ 110.457083496000052, -7.81183464999998, 0.0 ], [ 110.45762813500005, -7.810397147999936, 0.0 ], [ 110.450716095000075, -7.808113186999947, 0.0 ], [ 110.447451965000084, -7.809619729999952, 0.0 ], [ 110.446858459000055, -7.80629817099998, 0.0 ], [ 110.444830030000048, -7.805998835999958, 0.0 ], [ 110.445849202000034, -7.80313229199993, 0.0 ], [ 110.444329512000081, -7.801609925999969, 0.0 ], [ 110.446152163000079, -7.80077336599993, 0.0 ], [ 110.44344274000008, -7.799622001999978, 0.0 ], [ 110.442855826000084, -7.797031774999937, 0.0 ], [ 110.444896745000051, -7.791754814999933, 0.0 ], [ 110.445854892000057, -7.792787681999926, 0.0 ], [ 110.446959777000075, -7.79214653899993, 0.0 ], [ 110.448967098000082, -7.782455471999981, 0.0 ], [ 110.45854283400007, -7.777257247999955, 0.0 ], [ 110.456787506000069, -7.780318528999942, 0.0 ], [ 110.458124846000032, -7.778326754999966, 0.0 ], [ 110.460965222000084, -7.778479138999955, 0.0 ], [ 110.459647287000053, -7.782234459999927, 0.0 ], [ 110.463972528000056, -7.783092881999949, 0.0 ], [ 110.463881750000041, -7.78491134099994, 0.0 ], [ 110.465064794000057, -7.784178793999956, 0.0 ], [ 110.466609823000056, -7.785551984999927, 0.0 ], [ 110.466638055000033, -7.784112510999933, 0.0 ], [ 110.468079364000062, -7.784969448999959, 0.0 ] ] ] } },
{ "type": "Feature", "properties": { }, "geometry": { "type": "Polygon", "coordinates": [ [ [ 110.535950304000039, -7.999182335999933, 0.0 ], [ 110.538951659000077, -7.998749345999954, 0.0 ], [ 110.539507356000058, -7.997251073999962, 0.0 ], [ 110.544572648000042, -7.99411691399996, 0.0 ], [ 110.549845947000051, -7.995245323999939, 0.0 ], [ 110.547896437000077, -7.999612855999942, 0.0 ], [ 110.542474944000048, -8.002369553999927, 0.0 ], [ 110.537415686000088, -8.00285740399994, 0.0 ], [ 110.53630694900005, -8.013286146999974, 0.0 ], [ 110.533064197000044, -8.018486735999943, 0.0 ], [ 110.534409503000063, -8.020059372999981, 0.0 ], [ 110.533899297000062, -8.02238895399995, 0.0 ], [ 110.531671766000045, -8.027106274999937, 0.0 ], [ 110.530827368000075, -8.026507575999972, 0.0 ], [ 110.529667162000067, -8.028478204999942, 0.0 ], [ 110.530469374000063, -8.03225042899993, 0.0 ], [ 110.527983950000078, -8.042429540999933, 0.0 ], [ 110.528170601000056, -8.05269029599998, 0.0 ], [ 110.525134344000037, -8.056539426999962, 0.0 ], [ 110.518046754000068, -8.051474799999937, 0.0 ], [ 110.517697996000038, -8.043355664999979, 0.0 ], [ 110.513820984000063, -8.040995154999962, 0.0 ], [ 110.51385833900008, -8.032770009999979, 0.0 ], [ 110.511030647000041, -8.026416080999979, 0.0 ], [ 110.513737796000044, -8.025842015999956, 0.0 ], [ 110.514430120000043, -8.023903124999947, 0.0 ], [ 110.513793128000088, -8.022558058999948, 0.0 ], [ 110.516173842000057, -8.010978137999928, 0.0 ], [ 110.517824045000054, -8.008935333999943, 0.0 ], [ 110.516832277000049, -8.001602393999974, 0.0 ], [ 110.521772892000058, -8.001463561999969, 0.0 ], [ 110.521397974000081, -7.998273880999932, 0.0 ], [ 110.518070938000051, -7.994233813999926, 0.0 ], [ 110.521914940000045, -7.991045781999958, 0.0 ], [ 110.52915708200004, -7.99124620799995, 0.0 ], [ 110.531298931000038, -7.992428035999978, 0.0 ], [ 110.529562242000054, -7.993508162999944, 0.0 ], [ 110.531902266000088, -7.995184005999931, 0.0 ], [ 110.531673732000058, -8.001514677999978, 0.0 ], [ 110.534760492000089, -8.00181506499996, 0.0 ], [ 110.534582673000045, -8.004280630999972, 0.0 ], [ 110.535910025000078, -8.003724673999955, 0.0 ], [ 110.535950304000039, -7.999182335999933, 0.0 ] ] ] } },
{ "type": "Feature", "properties": { }, "geometry": { "type": "Polygon", "coordinates": [ [ [ 110.512857555000039, -7.981988414999933, 0.0 ], [ 110.514802647000067, -7.986017128999947, 0.0 ], [ 110.520549140000071, -7.989405208999926, 0.0 ], [ 110.520382145000042, -7.992829043999961, 0.0 ], [ 110.51793649800004, -7.994510856999966, 0.0 ], [ 110.521397974000081, -7.998273880999932, 0.0 ], [ 110.521772892000058, -8.001463561999969, 0.0 ], [ 110.516832277000049, -8.001602393999974, 0.0 ], [ 110.517824045000054, -8.008935333999943, 0.0 ], [ 110.516173842000057, -8.010978137999928, 0.0 ], [ 110.514143294000064, -8.025098834999937, 0.0 ], [ 110.511030647000041, -8.026416080999979, 0.0 ], [ 110.51274075200007, -8.028535108999961, 0.0 ], [ 110.51229022800004, -8.031418904999953, 0.0 ], [ 110.510440727000059, -8.029203722999966, 0.0 ], [ 110.507791874000077, -8.029489463999937, 0.0 ], [ 110.507294024000089, -8.031444360999956, 0.0 ], [ 110.503606297000033, -8.031934027999966, 0.0 ], [ 110.50319724700006, -8.035372412999948, 0.0 ], [ 110.50156688800007, -8.035334758999966, 0.0 ], [ 110.501662490000058, -8.032541414999969, 0.0 ], [ 110.498215543000072, -8.027549577999935, 0.0 ], [ 110.499283734000073, -8.026519223999969, 0.0 ], [ 110.498623124000062, -8.024481832999982, 0.0 ], [ 110.494328690000088, -8.024723818999973, 0.0 ], [ 110.492552196000076, -8.022789877999969, 0.0 ], [ 110.490028678000044, -8.023274934999961, 0.0 ], [ 110.480709211000033, -8.008155108999972, 0.0 ], [ 110.480748248000054, -8.006194282999957, 0.0 ], [ 110.478695352000045, -8.006194448999963, 0.0 ], [ 110.473220576000074, -8.000714580999954, 0.0 ], [ 110.474517186000071, -7.997470051999926, 0.0 ], [ 110.478472608000061, -7.996707759999936, 0.0 ], [ 110.478823178000084, -7.994961581999974, 0.0 ], [ 110.479647962000058, -7.995264586999951, 0.0 ], [ 110.479474648000064, -7.989129992999949, 0.0 ], [ 110.481923208000069, -7.988671957999941, 0.0 ], [ 110.482766707000053, -7.990265788999977, 0.0 ], [ 110.484290608000038, -7.989354141999968, 0.0 ], [ 110.485026291000054, -7.990863976999947, 0.0 ], [ 110.489014906000079, -7.990941665999969, 0.0 ], [ 110.489214837000077, -7.989052136999931, 0.0 ], [ 110.490828261000047, -7.988017690999925, 0.0 ], [ 110.490232496000033, -7.986434017999954, 0.0 ], [ 110.491660938000052, -7.986932078999928, 0.0 ], [ 110.493509783000036, -7.985628800999962, 0.0 ], [ 110.499067980000063, -7.987903793999976, 0.0 ], [ 110.503034385000035, -7.985627522999948, 0.0 ], [ 110.506610641000066, -7.98880455099993, 0.0 ], [ 110.510168860000078, -7.982373577999965, 0.0 ], [ 110.512857555000039, -7.981988414999933, 0.0 ] ] ] } },
{ "type": "Feature", "properties": { }, "geometry": { "type": "Polygon", "coordinates": [ [ [ 110.598613961000069, -7.977197824999962, 0.0 ], [ 110.606972648000067, -7.979868470999975, 0.0 ], [ 110.606985390000034, -7.982807222999952, 0.0 ], [ 110.610919709000086, -7.982581732999961, 0.0 ], [ 110.61147352100005, -7.985479607999935, 0.0 ], [ 110.60994746700004, -7.988297365999927, 0.0 ], [ 110.611171735000084, -7.988177949999965, 0.0 ], [ 110.611765239000079, -7.990219184999944, 0.0 ], [ 110.610360038000067, -7.992993658999978, 0.0 ], [ 110.604073908000089, -7.99171738299998, 0.0 ], [ 110.603337330000045, -7.997921577999932, 0.0 ], [ 110.601503381000043, -7.996003770999948, 0.0 ], [ 110.598546806000058, -7.995896099999925, 0.0 ], [ 110.59707029100008, -7.997607727999934, 0.0 ], [ 110.595953230000077, -7.99714146499997, 0.0 ], [ 110.596873431000063, -7.99676227599997, 0.0 ], [ 110.595835076000071, -7.995512208999969, 0.0 ], [ 110.591470030000039, -7.993468609999979, 0.0 ], [ 110.59162196300008, -7.992245120999939, 0.0 ], [ 110.59020931200007, -7.992575759999966, 0.0 ], [ 110.588720911000053, -7.990276668999968, 0.0 ], [ 110.585686296000063, -7.990386834999981, 0.0 ], [ 110.584687220000035, -7.989506722999977, 0.0 ], [ 110.585443376000057, -7.983609249999972, 0.0 ], [ 110.579923312000062, -7.98027806999994, 0.0 ], [ 110.578246291000085, -7.977788788999931, 0.0 ], [ 110.579348566000078, -7.976318466999942, 0.0 ], [ 110.579830816000083, -7.978723687999945, 0.0 ], [ 110.585848478000059, -7.98024092299994, 0.0 ], [ 110.588163272000088, -7.978327186999934, 0.0 ], [ 110.592482615000051, -7.978544485999976, 0.0 ], [ 110.592793291000078, -7.975923502999933, 0.0 ], [ 110.595388480000054, -7.977032882999936, 0.0 ], [ 110.596174463000068, -7.979682579999974, 0.0 ], [ 110.598613961000069, -7.977197824999962, 0.0 ] ] ] } },
{ "type": "Feature", "properties": { }, "geometry": { "type": "Polygon", "coordinates": [ [ [ 110.621138094000059, -7.916455534999955, 0.0 ], [ 110.618872903000067, -7.937388565999981, 0.0 ], [ 110.616559991000088, -7.942622764999953, 0.0 ], [ 110.617145393000044, -7.947757276999937, 0.0 ], [ 110.615398559000084, -7.948944892999975, 0.0 ], [ 110.601884807000033, -7.932323341999961, 0.0 ], [ 110.607386371000075, -7.931001919999972, 0.0 ], [ 110.610167465000075, -7.922514909999961, 0.0 ], [ 110.607952450000084, -7.921960776999981, 0.0 ], [ 110.607942771000069, -7.920332771999938, 0.0 ], [ 110.606688716000065, -7.922484250999958, 0.0 ], [ 110.603918260000057, -7.922713788999943, 0.0 ], [ 110.599751200000071, -7.920699199999945, 0.0 ], [ 110.599899442000037, -7.919208457999957, 0.0 ], [ 110.603822542000046, -7.914571689999946, 0.0 ], [ 110.605722205000063, -7.90963057099998, 0.0 ], [ 110.605038069000045, -7.907981528999926, 0.0 ], [ 110.607498514000042, -7.908639047999941, 0.0 ], [ 110.609723401000053, -7.912140385999976, 0.0 ], [ 110.615398668000068, -7.916394025999978, 0.0 ], [ 110.621138094000059, -7.916455534999955, 0.0 ] ] ] } },
{ "type": "Feature", "properties": { }, "geometry": { "type": "Polygon", "coordinates": [ [ [ 110.614047287000062, -7.884288899999945, 0.0 ], [ 110.612653224000042, -7.886475754999935, 0.0 ], [ 110.613734348000037, -7.88711743999994, 0.0 ], [ 110.613427655000066, -7.887944005999941, 0.0 ], [ 110.612717778000047, -7.886708359999943, 0.0 ], [ 110.611964761000081, -7.887767918999941, 0.0 ], [ 110.613190442000075, -7.889604516999952, 0.0 ], [ 110.611983149000082, -7.89156698599993, 0.0 ], [ 110.612964921000071, -7.892232250999939, 0.0 ], [ 110.613291223000033, -7.89709458699997, 0.0 ], [ 110.624142224000082, -7.903836792999925, 0.0 ], [ 110.623110372000042, -7.900774685999977, 0.0 ], [ 110.625659415000086, -7.896998509999946, 0.0 ], [ 110.627686929000049, -7.900379001999966, 0.0 ], [ 110.629644907000056, -7.908183789999953, 0.0 ], [ 110.627531066000074, -7.911499646999971, 0.0 ], [ 110.627267310000036, -7.914785126999959, 0.0 ], [ 110.619963562000066, -7.916704167999967, 0.0 ], [ 110.615398668000068, -7.916394025999978, 0.0 ], [ 110.609723401000053, -7.912140385999976, 0.0 ], [ 110.607498514000042, -7.908639047999941, 0.0 ], [ 110.59915626600008, -7.90888322099994, 0.0 ], [ 110.593227002000049, -7.906261957999959, 0.0 ], [ 110.587384139000051, -7.900064244999953, 0.0 ], [ 110.590137965000054, -7.886658920999935, 0.0 ], [ 110.592482071000063, -7.885622388999934, 0.0 ], [ 110.59427173000006, -7.882758732999946, 0.0 ], [ 110.593469252000034, -7.878241815999957, 0.0 ], [ 110.595359392000034, -7.877400714999965, 0.0 ], [ 110.59802753300005, -7.878239334999932, 0.0 ], [ 110.602874645000043, -7.882029081999974, 0.0 ], [ 110.604380465000077, -7.884966396999971, 0.0 ], [ 110.609920776000081, -7.884548307999978, 0.0 ], [ 110.611665132000041, -7.887069003999954, 0.0 ], [ 110.614047287000062, -7.884288899999945, 0.0 ] ] ] } },
{ "type": "Feature", "properties": { }, "geometry": { "type": "Polygon", "coordinates": [ [ [ 110.655336699000088, -7.95142648999996, 0.0 ], [ 110.662198833000048, -7.953322661999948, 0.0 ], [ 110.66429265000005, -7.962225857999954, 0.0 ], [ 110.665851433000057, -7.962687752999955, 0.0 ], [ 110.666282181000042, -7.969623358999968, 0.0 ], [ 110.663508938000064, -7.973437459999957, 0.0 ], [ 110.663817284000061, -7.976150649999965, 0.0 ], [ 110.665126628000053, -7.975048262999962, 0.0 ], [ 110.666609950000066, -7.975720960999979, 0.0 ], [ 110.665693827000041, -7.983527566999953, 0.0 ], [ 110.663560563000033, -7.981243148999965, 0.0 ], [ 110.662761619000037, -7.983317509999949, 0.0 ], [ 110.659966798000085, -7.982899811999971, 0.0 ], [ 110.661465246000034, -7.978128937999941, 0.0 ], [ 110.660743092000075, -7.977610210999956, 0.0 ], [ 110.659869290000074, -7.979060179999976, 0.0 ], [ 110.656348728000069, -7.976924890999953, 0.0 ], [ 110.655516879000061, -7.97822492499995, 0.0 ], [ 110.655240030000073, -7.97609756199995, 0.0 ], [ 110.653308374000062, -7.974939292999977, 0.0 ], [ 110.651582838000081, -7.968199686999981, 0.0 ], [ 110.65442971300007, -7.959899149999956, 0.0 ], [ 110.655336699000088, -7.95142648999996, 0.0 ] ] ] } },
{ "type": "Feature", "properties": { }, "geometry": { "type": "Polygon", "coordinates": [ [ [ 110.589307784000084, -7.950009136999938, 0.0 ], [ 110.597349472000076, -7.95205389299997, 0.0 ], [ 110.597119748000068, -7.954047599999967, 0.0 ], [ 110.600110612000037, -7.953935267999952, 0.0 ], [ 110.599364833000038, -7.95611989799994, 0.0 ], [ 110.603651580000076, -7.959168655999974, 0.0 ], [ 110.598442150000039, -7.96763199399993, 0.0 ], [ 110.599426675000075, -7.969533441999943, 0.0 ], [ 110.598724593000043, -7.971163553999929, 0.0 ], [ 110.602040569000053, -7.970958373999963, 0.0 ], [ 110.601200116000086, -7.972369327999957, 0.0 ], [ 110.593649872000071, -7.972900028999959, 0.0 ], [ 110.587097545000063, -7.969859181999936, 0.0 ], [ 110.584662905000073, -7.967260006999936, 0.0 ], [ 110.580146983000077, -7.96589966199997, 0.0 ], [ 110.581287735000046, -7.962268041999948, 0.0 ], [ 110.583546772000034, -7.959987056999978, 0.0 ], [ 110.584140697000066, -7.95637834799993, 0.0 ], [ 110.588800420000041, -7.952895564999949, 0.0 ], [ 110.589307784000084, -7.950009136999938, 0.0 ] ] ] } },
{ "type": "Feature", "properties": { }, "geometry": { "type": "Polygon", "coordinates": [ [ [ 110.463377713000057, -7.631433090999963, 0.0 ], [ 110.445422855000061, -7.630729379999934, 0.0 ], [ 110.445963761000087, -7.627236892999974, 0.0 ], [ 110.443623311000067, -7.618537230999948, 0.0 ], [ 110.445565521000049, -7.612650090999978, 0.0 ], [ 110.443814204000034, -7.607685929999946, 0.0 ], [ 110.444166436000046, -7.602875307999966, 0.0 ], [ 110.442481566000083, -7.595977576999928, 0.0 ], [ 110.444738740000048, -7.584519084999954, 0.0 ], [ 110.442984695000064, -7.576590833999944, 0.0 ], [ 110.444650319000061, -7.574915693999969, 0.0 ], [ 110.445059553000078, -7.569070691999968, 0.0 ], [ 110.447613439000065, -7.570736459999978, 0.0 ], [ 110.446304043000055, -7.57378386399995, 0.0 ], [ 110.447655638000072, -7.57978430999998, 0.0 ], [ 110.453343491000055, -7.591998510999929, 0.0 ], [ 110.452976655000043, -7.594279575999963, 0.0 ], [ 110.454791338000064, -7.596878507999975, 0.0 ], [ 110.454009169000074, -7.599818635999952, 0.0 ], [ 110.456861022000055, -7.603079596999976, 0.0 ], [ 110.455976449000048, -7.605248183999947, 0.0 ], [ 110.457556068000088, -7.608189747999972, 0.0 ], [ 110.456701412000086, -7.610468358999981, 0.0 ], [ 110.45759901200006, -7.613889, 0.0 ], [ 110.459800104000067, -7.618982731999949, 0.0 ], [ 110.462570076000077, -7.619112192999978, 0.0 ], [ 110.462105660000077, -7.625401888999932, 0.0 ], [ 110.463377713000057, -7.631433090999963, 0.0 ] ] ] } },
{ "type": "Feature", "properties": { }, "geometry": { "type": "Polygon", "coordinates": [ [ [ 110.580990942000085, -7.916062713999963, 0.0 ], [ 110.583981808000033, -7.926100989999952, 0.0 ], [ 110.582684650000033, -7.941348063999953, 0.0 ], [ 110.586721627000088, -7.942537233999929, 0.0 ], [ 110.588146161000054, -7.944877781999935, 0.0 ], [ 110.589374776000056, -7.948163461999968, 0.0 ], [ 110.588933503000078, -7.952582870999947, 0.0 ], [ 110.583769033000067, -7.957053008999935, 0.0 ], [ 110.580985980000037, -7.954498008999963, 0.0 ], [ 110.574430962000065, -7.954116855999928, 0.0 ], [ 110.566703333000078, -7.957110418999946, 0.0 ], [ 110.573030756000037, -7.940792943999952, 0.0 ], [ 110.573159773000043, -7.937825425999961, 0.0 ], [ 110.570240500000068, -7.937554768999973, 0.0 ], [ 110.570010833000083, -7.929686385999958, 0.0 ], [ 110.572612013000082, -7.92063518599997, 0.0 ], [ 110.57757328200006, -7.919717143999947, 0.0 ], [ 110.578594501000055, -7.916036358999975, 0.0 ], [ 110.580990942000085, -7.916062713999963, 0.0 ] ] ] } },
{ "type": "Feature", "properties": { }, "geometry": { "type": "Polygon", "coordinates": [ [ [ 110.334341616000074, -7.64872995199994, 0.0 ], [ 110.333776163000039, -7.65064650599993, 0.0 ], [ 110.336047862000044, -7.652015751999954, 0.0 ], [ 110.333010814000033, -7.657065958999965, 0.0 ], [ 110.332499123000048, -7.655553055999974, 0.0 ], [ 110.330862760000059, -7.656249421999973, 0.0 ], [ 110.327776631000063, -7.653459113999929, 0.0 ], [ 110.323725891000038, -7.658378266999932, 0.0 ], [ 110.325731186000041, -7.654615896999928, 0.0 ], [ 110.32518170600008, -7.651404449999973, 0.0 ], [ 110.318661206000058, -7.657409395999935, 0.0 ], [ 110.318076012000063, -7.659777856999938, 0.0 ], [ 110.313247839000041, -7.656446155999959, 0.0 ], [ 110.315164561000074, -7.654545121999945, 0.0 ], [ 110.309850999000048, -7.651477528999976, 0.0 ], [ 110.322211314000072, -7.645177876999981, 0.0 ], [ 110.324100842000064, -7.641767005999952, 0.0 ], [ 110.331947546000038, -7.63712931799995, 0.0 ], [ 110.335246970000071, -7.633452718999933, 0.0 ], [ 110.335986434000063, -7.634619499999928, 0.0 ], [ 110.338639391000072, -7.632977447999963, 0.0 ], [ 110.336536687000034, -7.63645246699997, 0.0 ], [ 110.338015779000045, -7.637707133999982, 0.0 ], [ 110.335490948000086, -7.638535525999941, 0.0 ], [ 110.335893599000087, -7.642637490999959, 0.0 ], [ 110.331717022000078, -7.645541394999952, 0.0 ], [ 110.331736901000056, -7.647368119999953, 0.0 ], [ 110.334341616000074, -7.64872995199994, 0.0 ] ] ] } },
{ "type": "Feature", "properties": { }, "geometry": { "type": "Polygon", "coordinates": [ [ [ 110.491053524000051, -7.784114947999967, 0.0 ], [ 110.493369179000069, -7.784526089999929, 0.0 ], [ 110.494089565000081, -7.787417747999939, 0.0 ], [ 110.497203729000034, -7.787636336999981, 0.0 ], [ 110.495990884000037, -7.79068501699993, 0.0 ], [ 110.498001746000057, -7.788268121999977, 0.0 ], [ 110.500631190000036, -7.788398080999968, 0.0 ], [ 110.504643763000047, -7.792535911999948, 0.0 ], [ 110.500679767000065, -7.796360446999927, 0.0 ], [ 110.497800686000062, -7.797105774999977, 0.0 ], [ 110.497198919000084, -7.799692139999934, 0.0 ], [ 110.49568135800007, -7.798678056999961, 0.0 ], [ 110.496351080000068, -7.800758469999948, 0.0 ], [ 110.494359725000038, -7.802024292999931, 0.0 ], [ 110.482010241000069, -7.800570852999954, 0.0 ], [ 110.482917669000074, -7.805059719999974, 0.0 ], [ 110.478774004000059, -7.804918239999949, 0.0 ], [ 110.47844645400005, -7.807410625999978, 0.0 ], [ 110.475506094000082, -7.806437656999947, 0.0 ], [ 110.47622791100008, -7.803430160999937, 0.0 ], [ 110.474504712000055, -7.803128494999953, 0.0 ], [ 110.474387022000087, -7.80199091999998, 0.0 ], [ 110.473134888000061, -7.801418802999933, 0.0 ], [ 110.472378458000037, -7.802775914999927, 0.0 ], [ 110.466451114000051, -7.800895605999926, 0.0 ], [ 110.462660818000074, -7.798044996999977, 0.0 ], [ 110.461999946000049, -7.795651835999934, 0.0 ], [ 110.465220271000078, -7.799260367999977, 0.0 ], [ 110.467556562000084, -7.797757425999976, 0.0 ], [ 110.465826322000055, -7.79159225099994, 0.0 ], [ 110.466806343000087, -7.788522530999956, 0.0 ], [ 110.468748199000061, -7.787333785999976, 0.0 ], [ 110.467082997000034, -7.786259235999978, 0.0 ], [ 110.469107828000062, -7.783353503999933, 0.0 ], [ 110.469787377000046, -7.786267296999938, 0.0 ], [ 110.473723685000039, -7.787495446999969, 0.0 ], [ 110.476189114000078, -7.78009885299997, 0.0 ], [ 110.47833911400005, -7.783314589999975, 0.0 ], [ 110.487419852000073, -7.78250173899994, 0.0 ], [ 110.489266341000075, -7.784655476999944, 0.0 ], [ 110.487176421000072, -7.784294433999946, 0.0 ], [ 110.487445645000037, -7.788687367999955, 0.0 ], [ 110.489582121000069, -7.789189620999935, 0.0 ], [ 110.489631867000071, -7.787845923999953, 0.0 ], [ 110.491103683000063, -7.789367801999958, 0.0 ], [ 110.491053524000051, -7.784114947999967, 0.0 ] ] ] } },
{ "type": "Feature", "properties": { }, "geometry": { "type": "Polygon", "coordinates": [ [ [ 110.447008587000084, -7.746427788999938, 0.0 ], [ 110.448137406000058, -7.750001389999966, 0.0 ], [ 110.441839907000087, -7.749519068999973, 0.0 ], [ 110.440352334000067, -7.754537247999963, 0.0 ], [ 110.438635979000082, -7.754575694999971, 0.0 ], [ 110.439445086000035, -7.756638474999932, 0.0 ], [ 110.440489319000051, -7.755077515999972, 0.0 ], [ 110.442846382000084, -7.756849583999951, 0.0 ], [ 110.441847537000058, -7.759104891999925, 0.0 ], [ 110.44381648500007, -7.762605562999966, 0.0 ], [ 110.444562506000068, -7.76807919099997, 0.0 ], [ 110.440795973000036, -7.76761307299995, 0.0 ], [ 110.439206354000078, -7.772261184999934, 0.0 ], [ 110.439180262000036, -7.774181971999951, 0.0 ], [ 110.440587092000044, -7.774716867999928, 0.0 ], [ 110.438703583000063, -7.780993836999926, 0.0 ], [ 110.439407800000083, -7.784545942999955, 0.0 ], [ 110.436544794000042, -7.785106361999965, 0.0 ], [ 110.434368800000072, -7.794536868999955, 0.0 ], [ 110.428541502000087, -7.797270736999963, 0.0 ], [ 110.426536557000077, -7.801686635999943, 0.0 ], [ 110.423687958000073, -7.80134632599993, 0.0 ], [ 110.422379314000068, -7.79850459599993, 0.0 ], [ 110.422901051000053, -7.796123689999945, 0.0 ], [ 110.420396737000033, -7.79158992999993, 0.0 ], [ 110.421581917000083, -7.790659567999967, 0.0 ], [ 110.421023467000055, -7.786306855999953, 0.0 ], [ 110.41658663000004, -7.786646116999975, 0.0 ], [ 110.416348818000074, -7.783313216999943, 0.0 ], [ 110.419161700000075, -7.783311663999939, 0.0 ], [ 110.420575807000034, -7.780103265999969, 0.0 ], [ 110.420252833000063, -7.775050479999948, 0.0 ], [ 110.419041532000051, -7.774984263999954, 0.0 ], [ 110.418004512000039, -7.771382223999979, 0.0 ], [ 110.418646360000082, -7.770098391999966, 0.0 ], [ 110.415880684000058, -7.768987854999978, 0.0 ], [ 110.415108622000048, -7.767264422999972, 0.0 ], [ 110.417072497000049, -7.762657350999973, 0.0 ], [ 110.414952417000052, -7.756486957999925, 0.0 ], [ 110.417102509000074, -7.749431277999975, 0.0 ], [ 110.416449950000072, -7.745798586999967, 0.0 ], [ 110.419646362000037, -7.746431842999925, 0.0 ], [ 110.419591276000062, -7.752056850999963, 0.0 ], [ 110.427678289000085, -7.753123225999957, 0.0 ], [ 110.428323695000074, -7.751489721999974, 0.0 ], [ 110.432662233000087, -7.750151780999943, 0.0 ], [ 110.432168847000071, -7.74597500699997, 0.0 ], [ 110.435293913000066, -7.745932387999972, 0.0 ], [ 110.435709857000063, -7.742534772999932, 0.0 ], [ 110.43477899700008, -7.741480802999945, 0.0 ], [ 110.438532044000056, -7.74159657499996, 0.0 ], [ 110.436655794000046, -7.744362053999964, 0.0 ], [ 110.438080066000055, -7.744889097999931, 0.0 ], [ 110.438540320000072, -7.743858646999968, 0.0 ], [ 110.439895795000041, -7.745272110999963, 0.0 ], [ 110.447008587000084, -7.746427788999938, 0.0 ] ] ] } },
{ "type": "Feature", "properties": { }, "geometry": { "type": "Polygon", "coordinates": [ [ [ 110.306495042000051, -7.694760256999928, 0.0 ], [ 110.308297716000084, -7.698123789999954, 0.0 ], [ 110.31060578000006, -7.699411599999962, 0.0 ], [ 110.314303396000071, -7.69642521399993, 0.0 ], [ 110.320750575000034, -7.698627120999959, 0.0 ], [ 110.317991240000083, -7.705451063999931, 0.0 ], [ 110.31515203500004, -7.705571579999969, 0.0 ], [ 110.313121373000058, -7.709258918999979, 0.0 ], [ 110.310920299000088, -7.709100295999974, 0.0 ], [ 110.310149510000088, -7.710416640999938, 0.0 ], [ 110.311817549000068, -7.713325487999953, 0.0 ], [ 110.310198120000052, -7.716982063999978, 0.0 ], [ 110.308871517000057, -7.717411229999925, 0.0 ], [ 110.306650914000045, -7.715230192999968, 0.0 ], [ 110.301182536000056, -7.715108956999927, 0.0 ], [ 110.300376363000055, -7.716549563999934, 0.0 ], [ 110.297903526000084, -7.716954678999969, 0.0 ], [ 110.294422190000034, -7.714482329999953, 0.0 ], [ 110.291231592000088, -7.715179077999949, 0.0 ], [ 110.289051960000052, -7.711843209999927, 0.0 ], [ 110.292929891000085, -7.702414707999935, 0.0 ], [ 110.295706256000074, -7.703445814999952, 0.0 ], [ 110.297459579000076, -7.698814164999931, 0.0 ], [ 110.300251260000039, -7.698450372999957, 0.0 ], [ 110.303792454000074, -7.694254505999936, 0.0 ], [ 110.305001958000048, -7.695978556999933, 0.0 ], [ 110.306495042000051, -7.694760256999928, 0.0 ] ] ] } },
{ "type": "Feature", "properties": { }, "geometry": { "type": "Polygon", "coordinates": [ [ [ 110.306650914000045, -7.715230192999968, 0.0 ], [ 110.307959093000079, -7.718119895999962, 0.0 ], [ 110.306269094000072, -7.717782716999977, 0.0 ], [ 110.305223825000041, -7.719314151999981, 0.0 ], [ 110.306344036000041, -7.719858893999969, 0.0 ], [ 110.305513475000055, -7.72069132699994, 0.0 ], [ 110.308632467000052, -7.72107944399994, 0.0 ], [ 110.306894974000045, -7.723099175999948, 0.0 ], [ 110.307804053000041, -7.723646045999942, 0.0 ], [ 110.305659163000087, -7.728844046999939, 0.0 ], [ 110.307987622000041, -7.730282772999942, 0.0 ], [ 110.305938191000052, -7.735394361999965, 0.0 ], [ 110.304727197000034, -7.735648144999971, 0.0 ], [ 110.304945804000056, -7.740792588999966, 0.0 ], [ 110.303013952000072, -7.742139073999965, 0.0 ], [ 110.302579440000045, -7.744906782999976, 0.0 ], [ 110.302234169000087, -7.741879443999949, 0.0 ], [ 110.298382727000046, -7.743267885999956, 0.0 ], [ 110.297884545000045, -7.741318775999957, 0.0 ], [ 110.295663206000086, -7.740075750999949, 0.0 ], [ 110.292149689000041, -7.740788828999939, 0.0 ], [ 110.290679227000055, -7.739243790999979, 0.0 ], [ 110.290498422000042, -7.741150212999969, 0.0 ], [ 110.294069099000069, -7.742025979999937, 0.0 ], [ 110.29007415600006, -7.745794951999926, 0.0 ], [ 110.289870772000086, -7.748794712999938, 0.0 ], [ 110.288862941000048, -7.748448402999941, 0.0 ], [ 110.288265391000039, -7.750813161999929, 0.0 ], [ 110.286937963000071, -7.751010948999976, 0.0 ], [ 110.287242201000083, -7.752413636999961, 0.0 ], [ 110.286067634000062, -7.752188302999969, 0.0 ], [ 110.286290089000033, -7.749875578999934, 0.0 ], [ 110.285180407000041, -7.748823586999947, 0.0 ], [ 110.282359256000063, -7.750597588999938, 0.0 ], [ 110.281568496000034, -7.745830772999966, 0.0 ], [ 110.277988667000045, -7.742946250999978, 0.0 ], [ 110.278524649000076, -7.737967228999935, 0.0 ], [ 110.275305861000049, -7.737810810999974, 0.0 ], [ 110.283836756000085, -7.731314615999963, 0.0 ], [ 110.28741408500008, -7.730557330999943, 0.0 ], [ 110.288662090000059, -7.728303901999936, 0.0 ], [ 110.29446587800004, -7.729374052999958, 0.0 ], [ 110.297344726000063, -7.724720325999954, 0.0 ], [ 110.299638468000069, -7.724273289999928, 0.0 ], [ 110.301915761000089, -7.721833894999975, 0.0 ], [ 110.302199684000072, -7.719470542999943, 0.0 ], [ 110.305122158000074, -7.715668077999965, 0.0 ], [ 110.306650914000045, -7.715230192999968, 0.0 ] ] ] } },
{ "type": "Feature", "properties": { }, "geometry": { "type": "Polygon", "coordinates": [ [ [ 110.287706687000082, -7.707604843999945, 0.0 ], [ 110.290860407000082, -7.70943409299997, 0.0 ], [ 110.289062011000055, -7.71209252999995, 0.0 ], [ 110.291305643000044, -7.715230944999973, 0.0 ], [ 110.294422190000034, -7.714482329999953, 0.0 ], [ 110.297903526000084, -7.716954678999969, 0.0 ], [ 110.300376363000055, -7.716549563999934, 0.0 ], [ 110.301182536000056, -7.715108956999927, 0.0 ], [ 110.30505555700006, -7.715761179999959, 0.0 ], [ 110.302199684000072, -7.719470542999943, 0.0 ], [ 110.301915761000089, -7.721833894999975, 0.0 ], [ 110.299638468000069, -7.724273289999928, 0.0 ], [ 110.297344726000063, -7.724720325999954, 0.0 ], [ 110.29446587800004, -7.729374052999958, 0.0 ], [ 110.288662090000059, -7.728303901999936, 0.0 ], [ 110.28741408500008, -7.730557330999943, 0.0 ], [ 110.283836756000085, -7.731314615999963, 0.0 ], [ 110.279638203000047, -7.734486926999978, 0.0 ], [ 110.279849868000042, -7.72941704699997, 0.0 ], [ 110.281340814000089, -7.72998462299995, 0.0 ], [ 110.282034939000084, -7.727792290999957, 0.0 ], [ 110.279336341000032, -7.725458304999961, 0.0 ], [ 110.28049412200005, -7.722603176999939, 0.0 ], [ 110.276498624000055, -7.722039109999969, 0.0 ], [ 110.275070224000046, -7.724964575999934, 0.0 ], [ 110.271820397000056, -7.724410433999935, 0.0 ], [ 110.27368062000005, -7.717831044999969, 0.0 ], [ 110.271502344000055, -7.715692021999928, 0.0 ], [ 110.273110488000043, -7.714973288999943, 0.0 ], [ 110.278677754000057, -7.717567838999969, 0.0 ], [ 110.281452045000037, -7.71192156199993, 0.0 ], [ 110.277001349000045, -7.710943401999941, 0.0 ], [ 110.276159043000064, -7.712580570999933, 0.0 ], [ 110.275211084000034, -7.712174035999965, 0.0 ], [ 110.276090089000036, -7.710830309999949, 0.0 ], [ 110.274645039000063, -7.708974417999968, 0.0 ], [ 110.282297100000051, -7.710062275999974, 0.0 ], [ 110.287706687000082, -7.707604843999945, 0.0 ] ] ] } },
{ "type": "Feature", "properties": { }, "geometry": { "type": "Polygon", "coordinates": [ [ [ 110.304913222000039, -7.74091941599994, 0.0 ], [ 110.308214024000051, -7.741756228999975, 0.0 ], [ 110.307578689000081, -7.744908321999958, 0.0 ], [ 110.308556898000063, -7.744918134999978, 0.0 ], [ 110.308488938000039, -7.746594633999962, 0.0 ], [ 110.31221111800005, -7.744524785999943, 0.0 ], [ 110.314726651000058, -7.745453337999948, 0.0 ], [ 110.315226162000044, -7.746896561999961, 0.0 ], [ 110.315324755000063, -7.751303678999932, 0.0 ], [ 110.313400244000036, -7.751326939999956, 0.0 ], [ 110.314029481000034, -7.753530876999946, 0.0 ], [ 110.312082800000042, -7.758095974999947, 0.0 ], [ 110.313600010000073, -7.759524540999962, 0.0 ], [ 110.313116751000052, -7.762030114999959, 0.0 ], [ 110.309177530000056, -7.76301779399995, 0.0 ], [ 110.307483719000061, -7.766811700999938, 0.0 ], [ 110.307535505000033, -7.765133746999936, 0.0 ], [ 110.305777206000073, -7.764464953999948, 0.0 ], [ 110.306347171000084, -7.763238918999946, 0.0 ], [ 110.305302517000086, -7.762659263999979, 0.0 ], [ 110.307644909000089, -7.759591495999928, 0.0 ], [ 110.306102133000081, -7.758756949999963, 0.0 ], [ 110.306515871000045, -7.757760411999925, 0.0 ], [ 110.301135810000062, -7.75545096299993, 0.0 ], [ 110.300604201000056, -7.757297549999976, 0.0 ], [ 110.298627934000081, -7.757522292999965, 0.0 ], [ 110.298406826000075, -7.760138741999981, 0.0 ], [ 110.297415580000063, -7.760195717999977, 0.0 ], [ 110.297693537000043, -7.759131412999977, 0.0 ], [ 110.292303275000052, -7.758665381999947, 0.0 ], [ 110.289425178000045, -7.757312881999951, 0.0 ], [ 110.289043778000064, -7.753175666999937, 0.0 ], [ 110.287539483000046, -7.751856270999951, 0.0 ], [ 110.288862941000048, -7.748448402999941, 0.0 ], [ 110.289870772000086, -7.748794712999938, 0.0 ], [ 110.29007415600006, -7.745794951999926, 0.0 ], [ 110.294069099000069, -7.742025979999937, 0.0 ], [ 110.290498422000042, -7.741150212999969, 0.0 ], [ 110.29061938600006, -7.739279163999981, 0.0 ], [ 110.292149689000041, -7.740788828999939, 0.0 ], [ 110.295663206000086, -7.740075750999949, 0.0 ], [ 110.297884545000045, -7.741318775999957, 0.0 ], [ 110.298382727000046, -7.743267885999956, 0.0 ], [ 110.302234169000087, -7.741879443999949, 0.0 ], [ 110.302160223000044, -7.745075694999969, 0.0 ], [ 110.303013952000072, -7.742139073999965, 0.0 ], [ 110.304913222000039, -7.74091941599994, 0.0 ] ] ] } },
{ "type": "Feature", "properties": { }, "geometry": { "type": "Polygon", "coordinates": [ [ [ 110.325950017000082, -7.700322465999932, 0.0 ], [ 110.324654658000043, -7.704805906999979, 0.0 ], [ 110.326316019000046, -7.705576733999976, 0.0 ], [ 110.324010459000078, -7.708349011999928, 0.0 ], [ 110.324952835000033, -7.709830058999955, 0.0 ], [ 110.323340747000088, -7.711468064999963, 0.0 ], [ 110.323077453000053, -7.715119013999981, 0.0 ], [ 110.324676418000081, -7.716552794999927, 0.0 ], [ 110.322456098000089, -7.723718871999949, 0.0 ], [ 110.319811688000073, -7.723270438999975, 0.0 ], [ 110.318671451000057, -7.729641346999927, 0.0 ], [ 110.314014876000044, -7.733936744999937, 0.0 ], [ 110.312614853000071, -7.736872902999949, 0.0 ], [ 110.310175192000088, -7.738691122999967, 0.0 ], [ 110.308608079000066, -7.738209372999961, 0.0 ], [ 110.309227048000082, -7.736170133999963, 0.0 ], [ 110.308229248000089, -7.735881562999964, 0.0 ], [ 110.30704111600005, -7.738739130999932, 0.0 ], [ 110.305356691000043, -7.735744817999944, 0.0 ], [ 110.304970021000088, -7.73796399899993, 0.0 ], [ 110.304727197000034, -7.735648144999971, 0.0 ], [ 110.305938191000052, -7.735394361999965, 0.0 ], [ 110.307987622000041, -7.730282772999942, 0.0 ], [ 110.305659163000087, -7.728844046999939, 0.0 ], [ 110.307804053000041, -7.723646045999942, 0.0 ], [ 110.306894974000045, -7.723099175999948, 0.0 ], [ 110.308632467000052, -7.72107944399994, 0.0 ], [ 110.305443202000049, -7.720654538999952, 0.0 ], [ 110.306344036000041, -7.719858893999969, 0.0 ], [ 110.305518131000042, -7.718610936999937, 0.0 ], [ 110.307959093000079, -7.718119895999962, 0.0 ], [ 110.307833377000065, -7.716672723999977, 0.0 ], [ 110.310198120000052, -7.716982063999978, 0.0 ], [ 110.311817549000068, -7.713325487999953, 0.0 ], [ 110.310149510000088, -7.710416640999938, 0.0 ], [ 110.310920299000088, -7.709100295999974, 0.0 ], [ 110.313121373000058, -7.709258918999979, 0.0 ], [ 110.31515203500004, -7.705571579999969, 0.0 ], [ 110.317991240000083, -7.705451063999931, 0.0 ], [ 110.32082696100008, -7.698205197999926, 0.0 ], [ 110.325950017000082, -7.700322465999932, 0.0 ] ] ] } },
{ "type": "Feature", "properties": { }, "geometry": { "type": "Polygon", "coordinates": [ [ [ 110.345273441000074, -7.653875404999951, 0.0 ], [ 110.343410250000034, -7.656987472999958, 0.0 ], [ 110.345145614000046, -7.657662737999942, 0.0 ], [ 110.343732435000049, -7.664772462999963, 0.0 ], [ 110.341713545000061, -7.667407891999972, 0.0 ], [ 110.339604476000034, -7.674471279999977, 0.0 ], [ 110.335775539000053, -7.673273470999959, 0.0 ], [ 110.334745183000052, -7.67133105399995, 0.0 ], [ 110.334230385000069, -7.672716004999927, 0.0 ], [ 110.332456680000064, -7.67521635099996, 0.0 ], [ 110.33338782800007, -7.673555155999964, 0.0 ], [ 110.331733230000054, -7.672159830999931, 0.0 ], [ 110.329873658000054, -7.674343097999952, 0.0 ], [ 110.327741336000088, -7.671690758999944, 0.0 ], [ 110.327268014000083, -7.672805419999975, 0.0 ], [ 110.326935885000069, -7.670197669999936, 0.0 ], [ 110.324238286000082, -7.669529661999945, 0.0 ], [ 110.324917912000046, -7.667165239999974, 0.0 ], [ 110.321463646000041, -7.66458797599995, 0.0 ], [ 110.324007600000073, -7.662119360999952, 0.0 ], [ 110.319427313000062, -7.659565516999976, 0.0 ], [ 110.321666659000073, -7.657205056999942, 0.0 ], [ 110.320493376000059, -7.655989853999927, 0.0 ], [ 110.32518170600008, -7.651404449999973, 0.0 ], [ 110.325731186000041, -7.654615896999928, 0.0 ], [ 110.323725891000038, -7.658378266999932, 0.0 ], [ 110.327776631000063, -7.653459113999929, 0.0 ], [ 110.330862760000059, -7.656249421999973, 0.0 ], [ 110.332499123000048, -7.655553055999974, 0.0 ], [ 110.333010814000033, -7.657065958999965, 0.0 ], [ 110.336047862000044, -7.652015751999954, 0.0 ], [ 110.333776163000039, -7.65064650599993, 0.0 ], [ 110.333795759000054, -7.64943130599994, 0.0 ], [ 110.337380887000052, -7.645176534999962, 0.0 ], [ 110.340431274000082, -7.644862240999942, 0.0 ], [ 110.343899778000036, -7.646510119999959, 0.0 ], [ 110.34171632500005, -7.649618116999932, 0.0 ], [ 110.341215659000056, -7.652973239999938, 0.0 ], [ 110.343986851000068, -7.655440976999955, 0.0 ], [ 110.345273441000074, -7.653875404999951, 0.0 ] ] ] } },
{ "type": "Feature", "properties": { }, "geometry": { "type": "Polygon", "coordinates": [ [ [ 110.368424108000056, -7.620207801999925, 0.0 ], [ 110.362945421000063, -7.62260669799997, 0.0 ], [ 110.356946755000081, -7.628417107999951, 0.0 ], [ 110.356447048000064, -7.632573324999953, 0.0 ], [ 110.352253169000051, -7.635992850999969, 0.0 ], [ 110.352919867000082, -7.637938187999964, 0.0 ], [ 110.351286311000081, -7.647163909999961, 0.0 ], [ 110.348332575000086, -7.648940286999959, 0.0 ], [ 110.348272038000061, -7.650594215999945, 0.0 ], [ 110.343986851000068, -7.655440976999955, 0.0 ], [ 110.341213123000045, -7.652917, 0.0 ], [ 110.34171632500005, -7.649618116999932, 0.0 ], [ 110.343899778000036, -7.646510119999959, 0.0 ], [ 110.340431274000082, -7.644862240999942, 0.0 ], [ 110.337380887000052, -7.645176534999962, 0.0 ], [ 110.334341616000074, -7.64872995199994, 0.0 ], [ 110.331368843000064, -7.646894988999975, 0.0 ], [ 110.332450965000078, -7.644511963999946, 0.0 ], [ 110.335893599000087, -7.642637490999959, 0.0 ], [ 110.335490948000086, -7.638535525999941, 0.0 ], [ 110.338015779000045, -7.637707133999982, 0.0 ], [ 110.336536687000034, -7.63645246699997, 0.0 ], [ 110.338639391000072, -7.632977447999963, 0.0 ], [ 110.335986434000063, -7.634619499999928, 0.0 ], [ 110.335246970000071, -7.633452718999933, 0.0 ], [ 110.338231396000083, -7.62911536799993, 0.0 ], [ 110.353989408000075, -7.622622787999944, 0.0 ], [ 110.36483402500005, -7.615938645999961, 0.0 ], [ 110.367475574000082, -7.612309394999954, 0.0 ], [ 110.370986755000047, -7.617129659999932, 0.0 ], [ 110.368424108000056, -7.620207801999925, 0.0 ] ] ] } },
{ "type": "Feature", "properties": { }, "geometry": { "type": "Polygon", "coordinates": [ [ [ 110.634580346000064, -7.830905419999965, 0.0 ], [ 110.62311730600004, -7.836929555999973, 0.0 ], [ 110.619855861000076, -7.84033179599993, 0.0 ], [ 110.611964829000044, -7.843230878999975, 0.0 ], [ 110.601659577000078, -7.831188462999933, 0.0 ], [ 110.599456177000036, -7.83257507999997, 0.0 ], [ 110.59929683200005, -7.831119949999959, 0.0 ], [ 110.596209780000038, -7.832061723999971, 0.0 ], [ 110.602283511000053, -7.823173426999972, 0.0 ], [ 110.609834733000071, -7.81987242799994, 0.0 ], [ 110.610409320000088, -7.815101643999981, 0.0 ], [ 110.617767662000063, -7.812256593999962, 0.0 ], [ 110.62021388900007, -7.809868860999927, 0.0 ], [ 110.621730623000076, -7.810403029999975, 0.0 ], [ 110.627441636000071, -7.805492080999954, 0.0 ], [ 110.627637464000088, -7.808899501999974, 0.0 ], [ 110.629388282000036, -7.810389851999958, 0.0 ], [ 110.627477934000069, -7.811508653999965, 0.0 ], [ 110.627666683000086, -7.813895781999975, 0.0 ], [ 110.629840265000041, -7.814943805999974, 0.0 ], [ 110.632969471000081, -7.819297357999972, 0.0 ], [ 110.631186280000065, -7.822323862999951, 0.0 ], [ 110.634580346000064, -7.830905419999965, 0.0 ] ] ] } },
{ "type": "Feature", "properties": { }, "geometry": { "type": "Polygon", "coordinates": [ [ [ 110.412215561000039, -7.727396661999933, 0.0 ], [ 110.409303163000061, -7.732125335999967, 0.0 ], [ 110.408500694000054, -7.737795401999961, 0.0 ], [ 110.410038959000076, -7.739931142999978, 0.0 ], [ 110.40864597500007, -7.747353074999978, 0.0 ], [ 110.407500843000037, -7.747203787999979, 0.0 ], [ 110.406938622000041, -7.749910504999946, 0.0 ], [ 110.40346332200005, -7.749547650999943, 0.0 ], [ 110.403767688000073, -7.745860324999967, 0.0 ], [ 110.406394082000077, -7.745125843999972, 0.0 ], [ 110.40671760400005, -7.740843415999962, 0.0 ], [ 110.404307568000036, -7.739462923999952, 0.0 ], [ 110.403913093000085, -7.742130933999931, 0.0 ], [ 110.402383031000056, -7.741972145999966, 0.0 ], [ 110.401382443000045, -7.731667500999947, 0.0 ], [ 110.402486104000047, -7.729139271999941, 0.0 ], [ 110.407694362000086, -7.73066750199996, 0.0 ], [ 110.408157675000041, -7.727419534999967, 0.0 ], [ 110.410579634000044, -7.729177083999957, 0.0 ], [ 110.410852850000083, -7.726697986999966, 0.0 ], [ 110.412215561000039, -7.727396661999933, 0.0 ] ] ] } },
{ "type": "Feature", "properties": { }, "geometry": { "type": "Polygon", "coordinates": [ [ [ 110.543723156000055, -8.029933553999967, 0.0 ], [ 110.547553168000036, -8.035354681999934, 0.0 ], [ 110.547070166000083, -8.039173262999952, 0.0 ], [ 110.549617527000066, -8.04059598799995, 0.0 ], [ 110.548216138000043, -8.044222546999947, 0.0 ], [ 110.547078186000078, -8.044353383999976, 0.0 ], [ 110.546899801000052, -8.047057844999927, 0.0 ], [ 110.551260161000073, -8.047671344999969, 0.0 ], [ 110.552101365000055, -8.051398635999931, 0.0 ], [ 110.549558451000053, -8.056170320999968, 0.0 ], [ 110.549853375000055, -8.060883871999977, 0.0 ], [ 110.545131815000047, -8.061059551999961, 0.0 ], [ 110.54227559900005, -8.059046362999936, 0.0 ], [ 110.537722350000081, -8.059614021999948, 0.0 ], [ 110.538196955000046, -8.062862008999957, 0.0 ], [ 110.536399977000087, -8.065206057999944, 0.0 ], [ 110.537607456000046, -8.068603569999937, 0.0 ], [ 110.536535561000051, -8.069962947999954, 0.0 ], [ 110.530330835000086, -8.061179133999929, 0.0 ], [ 110.524388843000054, -8.061898380999935, 0.0 ], [ 110.525545264000073, -8.055007112999931, 0.0 ], [ 110.528170601000056, -8.05269029599998, 0.0 ], [ 110.527953301000082, -8.042719143999932, 0.0 ], [ 110.52909423400007, -8.037459791999936, 0.0 ], [ 110.530469374000063, -8.03225042899993, 0.0 ], [ 110.532119113000078, -8.031607201999975, 0.0 ], [ 110.532848562000083, -8.032494087999964, 0.0 ], [ 110.541609011000048, -8.029385569999931, 0.0 ], [ 110.543723156000055, -8.029933553999967, 0.0 ] ] ] } },
{ "type": "Feature", "properties": { }, "geometry": { "type": "Polygon", "coordinates": [ [ [ 110.33338782800007, -7.673555155999964, 0.0 ], [ 110.329225313000052, -7.679965969999955, 0.0 ], [ 110.326551622000068, -7.678115455999944, 0.0 ], [ 110.324445840000067, -7.68129380299996, 0.0 ], [ 110.319988676000037, -7.677766087999942, 0.0 ], [ 110.315980655000033, -7.679577246999941, 0.0 ], [ 110.31287496200008, -7.678502164999941, 0.0 ], [ 110.311303982000084, -7.677331310999932, 0.0 ], [ 110.314068305000035, -7.673977670999932, 0.0 ], [ 110.313304956000081, -7.673554139999965, 0.0 ], [ 110.309926806000078, -7.67904563999997, 0.0 ], [ 110.308870360000071, -7.677764065999952, 0.0 ], [ 110.305469191000043, -7.679301774999942, 0.0 ], [ 110.307084945000042, -7.673292660999948, 0.0 ], [ 110.309130215000039, -7.672150066999961, 0.0 ], [ 110.310313005000069, -7.673347570999965, 0.0 ], [ 110.313178018000087, -7.670612059999939, 0.0 ], [ 110.315284366000071, -7.671815053999978, 0.0 ], [ 110.317654808000043, -7.667198153999948, 0.0 ], [ 110.315778637000051, -7.663427028999934, 0.0 ], [ 110.312644985000077, -7.663884651999979, 0.0 ], [ 110.314557771000068, -7.662114735999978, 0.0 ], [ 110.313274487000058, -7.660957431999975, 0.0 ], [ 110.314317889000051, -7.659811325999954, 0.0 ], [ 110.313650474000042, -7.658446996999942, 0.0 ], [ 110.314933802000041, -7.657071323999958, 0.0 ], [ 110.318076012000063, -7.659777856999938, 0.0 ], [ 110.318572454000048, -7.657534899999973, 0.0 ], [ 110.320601458000056, -7.656195268999966, 0.0 ], [ 110.321666659000073, -7.657205056999942, 0.0 ], [ 110.319427313000062, -7.659565516999976, 0.0 ], [ 110.324007600000073, -7.662119360999952, 0.0 ], [ 110.321463646000041, -7.66458797599995, 0.0 ], [ 110.324917912000046, -7.667165239999974, 0.0 ], [ 110.324238286000082, -7.669529661999945, 0.0 ], [ 110.326935885000069, -7.670197669999936, 0.0 ], [ 110.327268014000083, -7.672805419999975, 0.0 ], [ 110.327741336000088, -7.671690758999944, 0.0 ], [ 110.329604135000068, -7.674315064999973, 0.0 ], [ 110.331777711000086, -7.672188711999979, 0.0 ], [ 110.33338782800007, -7.673555155999964, 0.0 ] ] ] } },
{ "type": "Feature", "properties": { }, "geometry": { "type": "Polygon", "coordinates": [ [ [ 110.593576073000065, -8.002401132999978, 0.0 ], [ 110.592114572000071, -8.00802385399993, 0.0 ], [ 110.593691576000083, -8.014253972999938, 0.0 ], [ 110.593309169000065, -8.024046249999969, 0.0 ], [ 110.587126167000065, -8.038280494999981, 0.0 ], [ 110.588566508000042, -8.050106820999929, 0.0 ], [ 110.591137552000077, -8.056518223999944, 0.0 ], [ 110.590048101000036, -8.064180274999956, 0.0 ], [ 110.585880717000066, -8.060079400999939, 0.0 ], [ 110.581060511000089, -8.060453188999929, 0.0 ], [ 110.58195793200008, -8.051948189999962, 0.0 ], [ 110.580615396000042, -8.050475713999958, 0.0 ], [ 110.578865169000039, -8.042338220999966, 0.0 ], [ 110.582744176000062, -8.035411529999976, 0.0 ], [ 110.576797963000047, -8.035074707999968, 0.0 ], [ 110.580010110000046, -8.027740148999953, 0.0 ], [ 110.581872434000047, -8.019122644999925, 0.0 ], [ 110.585162720000085, -8.016604787999938, 0.0 ], [ 110.584298807000039, -8.005362666999929, 0.0 ], [ 110.589044910000041, -8.00167344099998, 0.0 ], [ 110.592508426000052, -8.000933995999958, 0.0 ], [ 110.593576073000065, -8.002401132999978, 0.0 ] ] ] } },
{ "type": "Feature", "properties": { }, "geometry": { "type": "Polygon", "coordinates": [ [ [ 110.549845947000051, -7.995245323999939, 0.0 ], [ 110.550511566000068, -8.003192916999978, 0.0 ], [ 110.553808251000078, -8.004293101999963, 0.0 ], [ 110.554494070000032, -8.00252944999994, 0.0 ], [ 110.556613097000081, -8.005375599999979, 0.0 ], [ 110.553736699000069, -8.015374530999964, 0.0 ], [ 110.553632924000055, -8.018615174999979, 0.0 ], [ 110.555205626000088, -8.021541488999958, 0.0 ], [ 110.554626381000048, -8.025775909999936, 0.0 ], [ 110.551585232000036, -8.028072376999944, 0.0 ], [ 110.550490227000068, -8.026214011999969, 0.0 ], [ 110.545191279000051, -8.032258141999932, 0.0 ], [ 110.543723156000055, -8.029933553999967, 0.0 ], [ 110.541609011000048, -8.029385569999931, 0.0 ], [ 110.532848562000083, -8.032494087999964, 0.0 ], [ 110.532119113000078, -8.031607201999975, 0.0 ], [ 110.530459759000053, -8.032250105999935, 0.0 ], [ 110.529667162000067, -8.028478204999942, 0.0 ], [ 110.530827368000075, -8.026507575999972, 0.0 ], [ 110.531671766000045, -8.027106274999937, 0.0 ], [ 110.533899297000062, -8.02238895399995, 0.0 ], [ 110.534409503000063, -8.020059372999981, 0.0 ], [ 110.533064197000044, -8.018486735999943, 0.0 ], [ 110.53630694900005, -8.013286146999974, 0.0 ], [ 110.537415686000088, -8.00285740399994, 0.0 ], [ 110.542474944000048, -8.002369553999927, 0.0 ], [ 110.547896437000077, -7.999612855999942, 0.0 ], [ 110.549845947000051, -7.995245323999939, 0.0 ] ] ] } },
{ "type": "Feature", "properties": { }, "geometry": { "type": "Polygon", "coordinates": [ [ [ 110.66132077900005, -7.829936903999965, 0.0 ], [ 110.665089469000065, -7.839651929999945, 0.0 ], [ 110.666851967000071, -7.840949679999937, 0.0 ], [ 110.664751383000066, -7.853844997999943, 0.0 ], [ 110.667159241000036, -7.857469735999928, 0.0 ], [ 110.665370427000084, -7.85622985599997, 0.0 ], [ 110.664894873000037, -7.860273129999939, 0.0 ], [ 110.663402464000058, -7.860801589999937, 0.0 ], [ 110.662987022000038, -7.862568780999936, 0.0 ], [ 110.66209796000004, -7.861354394999978, 0.0 ], [ 110.662703481000051, -7.863392203999979, 0.0 ], [ 110.661386920000041, -7.863365905999956, 0.0 ], [ 110.660715859000049, -7.865132806999952, 0.0 ], [ 110.659502269000086, -7.863074919999974, 0.0 ], [ 110.658440730000052, -7.863788912999951, 0.0 ], [ 110.655609679000065, -7.862668063999934, 0.0 ], [ 110.65533322400006, -7.864201850999962, 0.0 ], [ 110.652859143000057, -7.865402399999937, 0.0 ], [ 110.650418653000088, -7.859491347999949, 0.0 ], [ 110.650866171000075, -7.857277697999962, 0.0 ], [ 110.64956832200005, -7.855854038999951, 0.0 ], [ 110.650635470000054, -7.855415469999969, 0.0 ], [ 110.649335872000051, -7.852213029999973, 0.0 ], [ 110.644908452000038, -7.848196258999963, 0.0 ], [ 110.64416116600006, -7.844207662999963, 0.0 ], [ 110.641664949000074, -7.845096828999942, 0.0 ], [ 110.643740893000086, -7.841836249999972, 0.0 ], [ 110.646116568000082, -7.842352519999963, 0.0 ], [ 110.645855269000037, -7.839275780999969, 0.0 ], [ 110.64778564900007, -7.837773937999941, 0.0 ], [ 110.647468233000041, -7.834769533999975, 0.0 ], [ 110.645765961000052, -7.833764773999974, 0.0 ], [ 110.647409220000043, -7.83063980999998, 0.0 ], [ 110.645681735000039, -7.827095865999979, 0.0 ], [ 110.655165566000051, -7.826077625999972, 0.0 ], [ 110.657818129000077, -7.827030183999966, 0.0 ], [ 110.658093822000069, -7.83080592999994, 0.0 ], [ 110.66132077900005, -7.829936903999965, 0.0 ] ] ] } },
{ "type": "Feature", "properties": { }, "geometry": { "type": "Polygon", "coordinates": [ [ [ 110.594086282000035, -7.851989509999953, 0.0 ], [ 110.595560013000068, -7.856840993999981, 0.0 ], [ 110.591939101000037, -7.858506144999978, 0.0 ], [ 110.590276774000074, -7.857988552999927, 0.0 ], [ 110.588333159000058, -7.86158250699998, 0.0 ], [ 110.589262160000033, -7.863768163999964, 0.0 ], [ 110.587072479000085, -7.867339178999941, 0.0 ], [ 110.587349787000051, -7.86982588099994, 0.0 ], [ 110.586172393000084, -7.872038258999964, 0.0 ], [ 110.584626584000034, -7.871586888999957, 0.0 ], [ 110.584427574000074, -7.872579623999968, 0.0 ], [ 110.584115594000082, -7.879308412999933, 0.0 ], [ 110.587004265000076, -7.880128027999945, 0.0 ], [ 110.588867595000067, -7.883805203999941, 0.0 ], [ 110.588883998000085, -7.887181728999963, 0.0 ], [ 110.590399485000034, -7.888332218999949, 0.0 ], [ 110.587384139000051, -7.900064244999953, 0.0 ], [ 110.585500203000038, -7.902218441999935, 0.0 ], [ 110.58365225700004, -7.902285612999947, 0.0 ], [ 110.580262617000074, -7.899459917999934, 0.0 ], [ 110.578340033000075, -7.894868934999977, 0.0 ], [ 110.57457634900004, -7.896718878999934, 0.0 ], [ 110.571651121000059, -7.893041146999963, 0.0 ], [ 110.565242438000041, -7.895207311999968, 0.0 ], [ 110.563428040000076, -7.892368584999929, 0.0 ], [ 110.561734551000086, -7.89413366499997, 0.0 ], [ 110.562608960000034, -7.88966953299996, 0.0 ], [ 110.561920347000068, -7.882158125999979, 0.0 ], [ 110.563307621000035, -7.876422135999974, 0.0 ], [ 110.565869103000068, -7.873138153999946, 0.0 ], [ 110.565830901000083, -7.86737564799995, 0.0 ], [ 110.569664332000059, -7.863593892999972, 0.0 ], [ 110.568961049000052, -7.861834087999966, 0.0 ], [ 110.570615545000067, -7.859459395999977, 0.0 ], [ 110.569640391000064, -7.858207934999939, 0.0 ], [ 110.571893633000059, -7.854298547999974, 0.0 ], [ 110.571429595000041, -7.850944752999965, 0.0 ], [ 110.56864900100004, -7.847428054999966, 0.0 ], [ 110.568632484000034, -7.844755666999959, 0.0 ], [ 110.570620873000053, -7.841835395999965, 0.0 ], [ 110.570671580000067, -7.837352958999929, 0.0 ], [ 110.574099020000062, -7.838372228999958, 0.0 ], [ 110.579168702000061, -7.842335551999952, 0.0 ], [ 110.580433653000057, -7.846340707999957, 0.0 ], [ 110.583256623000068, -7.849189984999953, 0.0 ], [ 110.594086282000035, -7.851989509999953, 0.0 ] ] ] } },
{ "type": "Feature", "properties": { }, "geometry": { "type": "Polygon", "coordinates": [ [ [ 110.675452485000051, -7.905799755999965, 0.0 ], [ 110.674272930000086, -7.910197761999939, 0.0 ], [ 110.675287233000063, -7.918039386999965, 0.0 ], [ 110.672779165000065, -7.926351225999952, 0.0 ], [ 110.676396515000079, -7.929477815999974, 0.0 ], [ 110.678688350000073, -7.929880276999938, 0.0 ], [ 110.679021798000065, -7.933629157999974, 0.0 ], [ 110.674006247000079, -7.934161485999937, 0.0 ], [ 110.673484305000045, -7.93916748099997, 0.0 ], [ 110.674627688000044, -7.943263304999959, 0.0 ], [ 110.672195210000041, -7.942823006999959, 0.0 ], [ 110.669329588000039, -7.944210401999953, 0.0 ], [ 110.669619777000037, -7.946581305999928, 0.0 ], [ 110.672518129000082, -7.95057191099994, 0.0 ], [ 110.670797643000071, -7.952345338999976, 0.0 ], [ 110.661365870000054, -7.950757860999943, 0.0 ], [ 110.659889920000069, -7.952368112999977, 0.0 ], [ 110.656510608000076, -7.951348953999968, 0.0 ], [ 110.655054638000081, -7.950101503999974, 0.0 ], [ 110.654566307000039, -7.94509577499997, 0.0 ], [ 110.652506487000039, -7.94086363599996, 0.0 ], [ 110.657716199000049, -7.939906146999931, 0.0 ], [ 110.66215886100008, -7.929361440999969, 0.0 ], [ 110.661073575000046, -7.923842180999941, 0.0 ], [ 110.664275734000057, -7.91682610099997, 0.0 ], [ 110.664003489000038, -7.911102625999945, 0.0 ], [ 110.66558419100005, -7.905641473999935, 0.0 ], [ 110.663828163000062, -7.904426161999936, 0.0 ], [ 110.664311510000061, -7.90295290399996, 0.0 ], [ 110.668538621000039, -7.904091886999936, 0.0 ], [ 110.674544970000056, -7.902862262999975, 0.0 ], [ 110.675452485000051, -7.905799755999965, 0.0 ] ] ] } },
{ "type": "Feature", "properties": { }, "geometry": { "type": "Polygon", "coordinates": [ [ [ 110.554157133000047, -7.922052778999955, 0.0 ], [ 110.554846694000048, -7.93404828499996, 0.0 ], [ 110.556689640000059, -7.937296447999927, 0.0 ], [ 110.550706329000036, -7.945478840999954, 0.0 ], [ 110.544911262000085, -7.947183983999935, 0.0 ], [ 110.544266866000044, -7.940020503999961, 0.0 ], [ 110.540963317000035, -7.931839026999967, 0.0 ], [ 110.543909231000043, -7.919641333999948, 0.0 ], [ 110.548664984000084, -7.922189992999961, 0.0 ], [ 110.554157133000047, -7.922052778999955, 0.0 ] ] ] } },
{ "type": "Feature", "properties": { }, "geometry": { "type": "Polygon", "coordinates": [ [ [ 110.554829081000037, -7.840283363999959, 0.0 ], [ 110.551731056000051, -7.846283901999925, 0.0 ], [ 110.552548822000063, -7.848231220999935, 0.0 ], [ 110.551083626000036, -7.855086384999936, 0.0 ], [ 110.54079947200006, -7.853621522999958, 0.0 ], [ 110.538354379000054, -7.854406984999969, 0.0 ], [ 110.535325159000081, -7.857678270999941, 0.0 ], [ 110.532458377000069, -7.857897604999948, 0.0 ], [ 110.531234453000081, -7.859754703999954, 0.0 ], [ 110.52893881600005, -7.859248512999955, 0.0 ], [ 110.525352524000084, -7.854940028999977, 0.0 ], [ 110.522598731000073, -7.854662450999967, 0.0 ], [ 110.522359288000075, -7.856080278999968, 0.0 ], [ 110.512482402000046, -7.860478675999957, 0.0 ], [ 110.510366270000077, -7.862833180999928, 0.0 ], [ 110.510305735000088, -7.865783637999925, 0.0 ], [ 110.506475576000071, -7.86423720099998, 0.0 ], [ 110.50355017000004, -7.86053678199994, 0.0 ], [ 110.499069873000053, -7.858919209999954, 0.0 ], [ 110.500030017000086, -7.857042745999934, 0.0 ], [ 110.506220083000073, -7.856693978999942, 0.0 ], [ 110.504047204000074, -7.85078464299994, 0.0 ], [ 110.507131690000051, -7.84899513199997, 0.0 ], [ 110.513293143000055, -7.849254111999926, 0.0 ], [ 110.518309751000061, -7.851282796999953, 0.0 ], [ 110.523512825000068, -7.851052482999933, 0.0 ], [ 110.525033102000066, -7.845430062999981, 0.0 ], [ 110.532252666000034, -7.843642058999933, 0.0 ], [ 110.537189587000057, -7.83954384599997, 0.0 ], [ 110.538826100000051, -7.84025487699995, 0.0 ], [ 110.54261125000005, -7.838934085999938, 0.0 ], [ 110.548021825000035, -7.840775778999955, 0.0 ], [ 110.552509468000039, -7.839646, 0.0 ], [ 110.554829081000037, -7.840283363999959, 0.0 ] ] ] } },
{ "type": "Feature", "properties": { }, "geometry": { "type": "Polygon", "coordinates": [ [ [ 110.565732830000059, -7.832681534999949, 0.0 ], [ 110.571607192000045, -7.836978263999981, 0.0 ], [ 110.568548465000049, -7.845532280999976, 0.0 ], [ 110.571893633000059, -7.854298547999974, 0.0 ], [ 110.569640391000064, -7.858207934999939, 0.0 ], [ 110.570615545000067, -7.859459395999977, 0.0 ], [ 110.568961049000052, -7.861834087999966, 0.0 ], [ 110.569664332000059, -7.863593892999972, 0.0 ], [ 110.565830901000083, -7.86737564799995, 0.0 ], [ 110.565869103000068, -7.873138153999946, 0.0 ], [ 110.563307621000035, -7.876422135999974, 0.0 ], [ 110.561967123000045, -7.881861135999941, 0.0 ], [ 110.562608960000034, -7.88966953299996, 0.0 ], [ 110.561461115000043, -7.897931549999953, 0.0 ], [ 110.559618084000078, -7.895162556999935, 0.0 ], [ 110.554135795000036, -7.894695775999935, 0.0 ], [ 110.552973182000073, -7.892892574999962, 0.0 ], [ 110.550629061000052, -7.893044925999959, 0.0 ], [ 110.54799470100005, -7.890934646999938, 0.0 ], [ 110.547970658000054, -7.887546301999976, 0.0 ], [ 110.551349908000077, -7.883480451999958, 0.0 ], [ 110.553671848000079, -7.883081261999962, 0.0 ], [ 110.550525114000038, -7.873401287999968, 0.0 ], [ 110.55356411300005, -7.86136378599997, 0.0 ], [ 110.552753403000054, -7.858486286999948, 0.0 ], [ 110.550903198000071, -7.856995010999981, 0.0 ], [ 110.552548822000063, -7.848231220999935, 0.0 ], [ 110.551731056000051, -7.846283901999925, 0.0 ], [ 110.555738390000045, -7.838204678999944, 0.0 ], [ 110.561191226000062, -7.836871290999966, 0.0 ], [ 110.565732830000059, -7.832681534999949, 0.0 ] ] ] } },
{ "type": "Feature", "properties": { }, "geometry": { "type": "Polygon", "coordinates": [ [ [ 110.513142917000039, -7.887972745999946, 0.0 ], [ 110.514881143000082, -7.904122586999961, 0.0 ], [ 110.513689906000081, -7.907107623999934, 0.0 ], [ 110.514968019000037, -7.90912134499996, 0.0 ], [ 110.517237685000055, -7.909079711999937, 0.0 ], [ 110.514645891000043, -7.910656079999967, 0.0 ], [ 110.516089038000075, -7.913464159999933, 0.0 ], [ 110.520640426000057, -7.913881063999952, 0.0 ], [ 110.520174865000058, -7.915167384999961, 0.0 ], [ 110.52321457000005, -7.917099586999939, 0.0 ], [ 110.526277582000034, -7.927406499999961, 0.0 ], [ 110.529366202000062, -7.928415424999969, 0.0 ], [ 110.528937785000039, -7.932115761999967, 0.0 ], [ 110.52729434400004, -7.933620904999941, 0.0 ], [ 110.527919600000075, -7.93456525299996, 0.0 ], [ 110.525133749000076, -7.935454980999964, 0.0 ], [ 110.522666344000072, -7.931774735999966, 0.0 ], [ 110.519853599000044, -7.932429907999961, 0.0 ], [ 110.515679257000045, -7.929037691999952, 0.0 ], [ 110.513346700000056, -7.924277769999946, 0.0 ], [ 110.511752332000071, -7.924235103999933, 0.0 ], [ 110.507863850000035, -7.919800701999975, 0.0 ], [ 110.502866643000061, -7.91996153499997, 0.0 ], [ 110.503144707000047, -7.917256895999969, 0.0 ], [ 110.500437212000065, -7.916343162999965, 0.0 ], [ 110.499794737000059, -7.91366193999994, 0.0 ], [ 110.497520049000059, -7.912226392999969, 0.0 ], [ 110.495992137000087, -7.912889832999952, 0.0 ], [ 110.497848532000035, -7.900322889999927, 0.0 ], [ 110.49564360800008, -7.896336984999948, 0.0 ], [ 110.496215821000078, -7.892170868999926, 0.0 ], [ 110.49224270600007, -7.88988560699994, 0.0 ], [ 110.492229538000061, -7.888523630999941, 0.0 ], [ 110.497093046000089, -7.887274815999945, 0.0 ], [ 110.501881927000056, -7.888041719999933, 0.0 ], [ 110.500987622000082, -7.884778432999951, 0.0 ], [ 110.50332128000008, -7.884293531999958, 0.0 ], [ 110.509016354000039, -7.884825076999959, 0.0 ], [ 110.513142917000039, -7.887972745999946, 0.0 ] ] ] } },
{ "type": "Feature", "properties": { }, "geometry": { "type": "Polygon", "coordinates": [ [ [ 110.659299913000041, -7.905923433999931, 0.0 ], [ 110.659378496000045, -7.908991404999938, 0.0 ], [ 110.655469683000035, -7.912041858999942, 0.0 ], [ 110.655053935000069, -7.914893248999931, 0.0 ], [ 110.652705997000055, -7.917923504999976, 0.0 ], [ 110.65162100200007, -7.916587293999953, 0.0 ], [ 110.644034408000039, -7.916781082999933, 0.0 ], [ 110.643477756000038, -7.914439653999978, 0.0 ], [ 110.641280159000075, -7.91321834699994, 0.0 ], [ 110.639086215000077, -7.914601176999952, 0.0 ], [ 110.633844945000078, -7.912775570999941, 0.0 ], [ 110.632130922000044, -7.909563885999944, 0.0 ], [ 110.629105370000048, -7.910382503999926, 0.0 ], [ 110.628317106000054, -7.902287398999931, 0.0 ], [ 110.625991690000035, -7.897135685999956, 0.0 ], [ 110.623110372000042, -7.900774685999977, 0.0 ], [ 110.624142224000082, -7.903836792999925, 0.0 ], [ 110.613291223000033, -7.89709458699997, 0.0 ], [ 110.612964921000071, -7.892232250999939, 0.0 ], [ 110.611983149000082, -7.89156698599993, 0.0 ], [ 110.613190442000075, -7.889604516999952, 0.0 ], [ 110.611964761000081, -7.887767918999941, 0.0 ], [ 110.612717778000047, -7.886708359999943, 0.0 ], [ 110.613427655000066, -7.887944005999941, 0.0 ], [ 110.612653224000042, -7.886475754999935, 0.0 ], [ 110.61412544600006, -7.884139650999941, 0.0 ], [ 110.618422078000037, -7.880077350999954, 0.0 ], [ 110.623575676000087, -7.878931401999978, 0.0 ], [ 110.625433274000045, -7.87668563099993, 0.0 ], [ 110.629726144000074, -7.877916435999964, 0.0 ], [ 110.630987800000071, -7.877102560999958, 0.0 ], [ 110.630106965000039, -7.878629511999975, 0.0 ], [ 110.634587384000042, -7.88143032399995, 0.0 ], [ 110.636757892000048, -7.884876300999963, 0.0 ], [ 110.645983403000059, -7.88586554099993, 0.0 ], [ 110.648514460000058, -7.888204689999952, 0.0 ], [ 110.652120929000034, -7.896007151999981, 0.0 ], [ 110.656300055000088, -7.899874314999977, 0.0 ], [ 110.659299913000041, -7.905923433999931, 0.0 ] ] ] } },
{ "type": "Feature", "properties": { }, "geometry": { "type": "Polygon", "coordinates": [ [ [ 110.540434445000074, -7.823942734999946, 0.0 ], [ 110.541889654000045, -7.830327147999981, 0.0 ], [ 110.540932005000059, -7.83955429699995, 0.0 ], [ 110.537189587000057, -7.83954384599997, 0.0 ], [ 110.532252666000034, -7.843642058999933, 0.0 ], [ 110.525033102000066, -7.845430062999981, 0.0 ], [ 110.523921899000072, -7.850955565999925, 0.0 ], [ 110.518309751000061, -7.851282796999953, 0.0 ], [ 110.508436244000052, -7.848859683999933, 0.0 ], [ 110.502891884000064, -7.850836865999952, 0.0 ], [ 110.50315955800005, -7.847797769999943, 0.0 ], [ 110.501977426000053, -7.845749546999969, 0.0 ], [ 110.503060854000069, -7.839222370999948, 0.0 ], [ 110.501793458000066, -7.837962654999956, 0.0 ], [ 110.516273496000053, -7.837604004999946, 0.0 ], [ 110.521148683000035, -7.834060177999959, 0.0 ], [ 110.521301281000035, -7.83220764899994, 0.0 ], [ 110.519523402000061, -7.830932560999941, 0.0 ], [ 110.523070141000062, -7.827641943999936, 0.0 ], [ 110.526870687000041, -7.827784538999936, 0.0 ], [ 110.528416297000035, -7.825881799999934, 0.0 ], [ 110.530993220000084, -7.825822865999953, 0.0 ], [ 110.529788864000068, -7.823759288999952, 0.0 ], [ 110.532192627000086, -7.823391228999981, 0.0 ], [ 110.53247637000004, -7.824692179999943, 0.0 ], [ 110.534752706000063, -7.822487831999979, 0.0 ], [ 110.540434445000074, -7.823942734999946, 0.0 ] ] ] } },
{ "type": "Feature", "properties": { }, "geometry": { "type": "Polygon", "coordinates": [ [ [ 110.544867929000077, -7.947154188999946, 0.0 ], [ 110.541897579000079, -7.952564938999956, 0.0 ], [ 110.538769617000071, -7.953206458999944, 0.0 ], [ 110.538564308000048, -7.950288916999966, 0.0 ], [ 110.535963829000082, -7.948973270999943, 0.0 ], [ 110.536531798000055, -7.947933133999925, 0.0 ], [ 110.533644300000049, -7.943480382999951, 0.0 ], [ 110.533305483000049, -7.938758597999936, 0.0 ], [ 110.531017862000056, -7.93486050599995, 0.0 ], [ 110.541327908000085, -7.928616611999928, 0.0 ], [ 110.541099743000075, -7.93318794299995, 0.0 ], [ 110.544266866000044, -7.940020503999961, 0.0 ], [ 110.544867929000077, -7.947154188999946, 0.0 ] ] ] } },
{ "type": "Feature", "properties": { }, "geometry": { "type": "Polygon", "coordinates": [ [ [ 110.332735516000071, -7.756981005999933, 0.0 ], [ 110.335922353000058, -7.758562035999944, 0.0 ], [ 110.335194783000077, -7.761567244999981, 0.0 ], [ 110.337039501000049, -7.760830901999952, 0.0 ], [ 110.337735811000073, -7.75879322399993, 0.0 ], [ 110.338897873000064, -7.759199811999963, 0.0 ], [ 110.338239528000088, -7.764720628999953, 0.0 ], [ 110.339434879000066, -7.76359795299993, 0.0 ], [ 110.342221646000041, -7.764008994999926, 0.0 ], [ 110.339952117000053, -7.764477563999947, 0.0 ], [ 110.339665655000033, -7.76550177699994, 0.0 ], [ 110.341111973000068, -7.766078925999977, 0.0 ], [ 110.340304055000047, -7.768322187999956, 0.0 ], [ 110.343479840000043, -7.769205214999943, 0.0 ], [ 110.343176953000068, -7.770410844999958, 0.0 ], [ 110.345145043000059, -7.772532798999976, 0.0 ], [ 110.348888169000077, -7.76772630399995, 0.0 ], [ 110.350413587000048, -7.768153886999926, 0.0 ], [ 110.348509388000082, -7.770086896999942, 0.0 ], [ 110.349223218000077, -7.77215330599995, 0.0 ], [ 110.347382179000078, -7.776273923999952, 0.0 ], [ 110.347862224000039, -7.780199828999969, 0.0 ], [ 110.346779759000071, -7.782128159999957, 0.0 ], [ 110.343867189000036, -7.779785907999951, 0.0 ], [ 110.336634889000038, -7.778199339999958, 0.0 ], [ 110.337769047000052, -7.775530198999945, 0.0 ], [ 110.335746081000082, -7.774020718999964, 0.0 ], [ 110.335334939000063, -7.775725198999965, 0.0 ], [ 110.332057890000044, -7.77500239699998, 0.0 ], [ 110.334150951000083, -7.776074887999926, 0.0 ], [ 110.333801546000075, -7.777602552999952, 0.0 ], [ 110.33161827400005, -7.777165929999967, 0.0 ], [ 110.330736970000089, -7.77865640999994, 0.0 ], [ 110.328449134000039, -7.777787683999975, 0.0 ], [ 110.329289899000059, -7.77687958599995, 0.0 ], [ 110.327581413000075, -7.774546703999931, 0.0 ], [ 110.330164663000062, -7.773628547999976, 0.0 ], [ 110.327948093000089, -7.768677673999946, 0.0 ], [ 110.329496196000036, -7.767760383999928, 0.0 ], [ 110.328681240000037, -7.763266253999973, 0.0 ], [ 110.330618127000037, -7.757350016999965, 0.0 ], [ 110.332735516000071, -7.756981005999933, 0.0 ] ] ] } },
{ "type": "Feature", "properties": { }, "geometry": { "type": "Polygon", "coordinates": [ [ [ 110.637403745000086, -8.014621274999968, 0.0 ], [ 110.640618728000049, -8.030796323999937, 0.0 ], [ 110.641073007000045, -8.039991260999955, 0.0 ], [ 110.635850049000055, -8.040043456999967, 0.0 ], [ 110.63193880700004, -8.044266057999948, 0.0 ], [ 110.628605919000051, -8.04330529799995, 0.0 ], [ 110.623769205000087, -8.045041750999928, 0.0 ], [ 110.615569480000033, -8.044589728999938, 0.0 ], [ 110.612882361000061, -8.041950111999938, 0.0 ], [ 110.609068371000035, -8.041080887999954, 0.0 ], [ 110.606912194000074, -8.055899496999928, 0.0 ], [ 110.599997290000033, -8.053567353999938, 0.0 ], [ 110.599441459000047, -8.058092368999951, 0.0 ], [ 110.595898678000083, -8.056379336999953, 0.0 ], [ 110.59360335000008, -8.058728626999937, 0.0 ], [ 110.590579802000036, -8.059573569999941, 0.0 ], [ 110.591128648000051, -8.056441649999954, 0.0 ], [ 110.588566508000042, -8.050106820999929, 0.0 ], [ 110.587126167000065, -8.038280494999981, 0.0 ], [ 110.593309169000065, -8.024046249999969, 0.0 ], [ 110.593691576000083, -8.014253972999938, 0.0 ], [ 110.592114572000071, -8.00802385399993, 0.0 ], [ 110.593576073000065, -8.002401132999978, 0.0 ], [ 110.594097361000081, -8.004397365999978, 0.0 ], [ 110.608322796000039, -8.008987747999981, 0.0 ], [ 110.609280018000049, -8.004171356999962, 0.0 ], [ 110.614872542000057, -7.993830595999952, 0.0 ], [ 110.617262424000046, -7.992263522999963, 0.0 ], [ 110.622170457000038, -7.991613254999947, 0.0 ], [ 110.622751495000045, -7.990479758999982, 0.0 ], [ 110.626095999000086, -7.992339087999937, 0.0 ], [ 110.633173498000076, -7.999639157999979, 0.0 ], [ 110.640440340000055, -8.003146933999972, 0.0 ], [ 110.640673680000077, -8.006689907999942, 0.0 ], [ 110.637901056000089, -8.011256344999936, 0.0 ], [ 110.637403745000086, -8.014621274999968, 0.0 ] ] ] } },
{ "type": "Feature", "properties": { }, "geometry": { "type": "Polygon", "coordinates": [ [ [ 110.428557954000041, -7.642827693999948, 0.0 ], [ 110.42827326400004, -7.645279548999952, 0.0 ], [ 110.431064554000045, -7.651924028999929, 0.0 ], [ 110.429643475000034, -7.658380996999938, 0.0 ], [ 110.432335046000048, -7.663870651999957, 0.0 ], [ 110.430701657000043, -7.665478029999974, 0.0 ], [ 110.430573064000043, -7.667991824999945, 0.0 ], [ 110.428270758000053, -7.668021499999952, 0.0 ], [ 110.426699423000059, -7.670033555999964, 0.0 ], [ 110.428246228000035, -7.672992869999973, 0.0 ], [ 110.425651361000064, -7.673227419999932, 0.0 ], [ 110.425796688000048, -7.671603206999976, 0.0 ], [ 110.424911082000051, -7.671515746999944, 0.0 ], [ 110.424971882000079, -7.675094876999935, 0.0 ], [ 110.421410605000062, -7.67543818799993, 0.0 ], [ 110.42185180000007, -7.671154634999937, 0.0 ], [ 110.416773316000047, -7.668782575999955, 0.0 ], [ 110.417243101000054, -7.66543027299997, 0.0 ], [ 110.413371539000082, -7.663753008999947, 0.0 ], [ 110.415467771000067, -7.657362367999951, 0.0 ], [ 110.415180467000084, -7.653735329999961, 0.0 ], [ 110.416811090000067, -7.649777676999975, 0.0 ], [ 110.420791559000065, -7.650929662999943, 0.0 ], [ 110.422784432000071, -7.649885634999976, 0.0 ], [ 110.422662432000038, -7.642868553999961, 0.0 ], [ 110.423732149000045, -7.643225886999971, 0.0 ], [ 110.423959161000084, -7.641952428999957, 0.0 ], [ 110.428557954000041, -7.642827693999948, 0.0 ] ] ] } },
{ "type": "Feature", "properties": { }, "geometry": { "type": "Polygon", "coordinates": [ [ [ 110.56031254700008, -7.980312410999943, 0.0 ], [ 110.560370951000039, -7.982679942999937, 0.0 ], [ 110.556571526000084, -7.983032690999948, 0.0 ], [ 110.556986127000073, -7.984446003999949, 0.0 ], [ 110.558903404000034, -7.983589584999947, 0.0 ], [ 110.559416654000074, -7.984462552999958, 0.0 ], [ 110.558363530000065, -7.984136368999941, 0.0 ], [ 110.555385188000059, -7.98740116099998, 0.0 ], [ 110.556339542000046, -7.988763869999957, 0.0 ], [ 110.558272827000053, -7.986295605999942, 0.0 ], [ 110.558443606000083, -7.988676219999945, 0.0 ], [ 110.560035034000066, -7.988522291999971, 0.0 ], [ 110.560123700000076, -7.990034054999967, 0.0 ], [ 110.561341024000058, -7.990119695999965, 0.0 ], [ 110.557673516000079, -7.992952229999958, 0.0 ], [ 110.559849703000054, -7.993432273999929, 0.0 ], [ 110.559449999000037, -7.995400228999927, 0.0 ], [ 110.556924526000046, -7.99356290299994, 0.0 ], [ 110.557317153000042, -7.994980915999975, 0.0 ], [ 110.556056962000071, -7.994942827999978, 0.0 ], [ 110.558090009000068, -7.99846678199998, 0.0 ], [ 110.557455082000047, -7.999654360999955, 0.0 ], [ 110.554744764000077, -7.998791194999967, 0.0 ], [ 110.554105175000075, -8.000954168999954, 0.0 ], [ 110.551861080000037, -8.00050312999997, 0.0 ], [ 110.55017799500007, -7.998774470999933, 0.0 ], [ 110.550332550000064, -7.99522036999997, 0.0 ], [ 110.547073363000038, -7.993882457999973, 0.0 ], [ 110.546517454000082, -7.99533176999995, 0.0 ], [ 110.544572648000042, -7.99411691399996, 0.0 ], [ 110.543886396000062, -7.995432905999962, 0.0 ], [ 110.541572485000074, -7.995599526999968, 0.0 ], [ 110.538951659000077, -7.998749345999954, 0.0 ], [ 110.535950304000039, -7.999182335999933, 0.0 ], [ 110.534844451000083, -7.99795538099994, 0.0 ], [ 110.535109341000066, -7.995515363999971, 0.0 ], [ 110.535507600000074, -7.996856798999943, 0.0 ], [ 110.536869335000063, -7.994258751999951, 0.0 ], [ 110.538470353000037, -7.994126060999974, 0.0 ], [ 110.536329049000074, -7.992142052999952, 0.0 ], [ 110.541515210000057, -7.990108898999949, 0.0 ], [ 110.538509594000061, -7.985505063999938, 0.0 ], [ 110.541850179000051, -7.985670368999934, 0.0 ], [ 110.543223810000086, -7.983658755999954, 0.0 ], [ 110.545568825000089, -7.983144039999956, 0.0 ], [ 110.546114180000075, -7.98126220499995, 0.0 ], [ 110.548830453000051, -7.981954521999967, 0.0 ], [ 110.548245221000059, -7.983508994999966, 0.0 ], [ 110.549359944000059, -7.982140768999955, 0.0 ], [ 110.551495740000064, -7.982454102999952, 0.0 ], [ 110.551190347000045, -7.978543546999958, 0.0 ], [ 110.552895168000077, -7.978036135999957, 0.0 ], [ 110.56031254700008, -7.980312410999943, 0.0 ] ] ] } },
{ "type": "Feature", "properties": { }, "geometry": { "type": "Polygon", "coordinates": [ [ [ 110.374483831000077, -7.682863176999945, 0.0 ], [ 110.373568381000041, -7.684486217999961, 0.0 ], [ 110.381535825000071, -7.688100238999937, 0.0 ], [ 110.378584579000062, -7.695738138999957, 0.0 ], [ 110.380148005000081, -7.696440247999931, 0.0 ], [ 110.381296803000055, -7.695520415999965, 0.0 ], [ 110.380353274000072, -7.697742132999963, 0.0 ], [ 110.378297158000066, -7.698354434999942, 0.0 ], [ 110.37602587300006, -7.704157905999978, 0.0 ], [ 110.373945118000051, -7.703712639999935, 0.0 ], [ 110.373397621000038, -7.70521542299997, 0.0 ], [ 110.371780129000058, -7.704594110999949, 0.0 ], [ 110.371103045000041, -7.705747555999949, 0.0 ], [ 110.373438886000088, -7.707406175999949, 0.0 ], [ 110.373898179000037, -7.706200653999929, 0.0 ], [ 110.375804665000089, -7.707129943999973, 0.0 ], [ 110.375198625000053, -7.709132522999937, 0.0 ], [ 110.372320837000075, -7.711300051999956, 0.0 ], [ 110.373993446000043, -7.712373408999952, 0.0 ], [ 110.369686613000056, -7.721483638999928, 0.0 ], [ 110.36742629400004, -7.719551832999969, 0.0 ], [ 110.365962760000059, -7.719866062999927, 0.0 ], [ 110.366434610000056, -7.71873538899996, 0.0 ], [ 110.362047314000051, -7.719205107999926, 0.0 ], [ 110.362761735000049, -7.709838493999939, 0.0 ], [ 110.359240531000069, -7.71137558099997, 0.0 ], [ 110.358828783000035, -7.712823024999977, 0.0 ], [ 110.356082169000047, -7.710142770999937, 0.0 ], [ 110.360162603000049, -7.702541125999971, 0.0 ], [ 110.356411135000087, -7.700573376999955, 0.0 ], [ 110.357138897000084, -7.699159175999966, 0.0 ], [ 110.357481195000048, -7.700135632999945, 0.0 ], [ 110.359160342000052, -7.699329852999938, 0.0 ], [ 110.361891266000043, -7.695267420999926, 0.0 ], [ 110.362531005000051, -7.685394627999926, 0.0 ], [ 110.36675894800004, -7.676687425999944, 0.0 ], [ 110.369113026000036, -7.676203277999946, 0.0 ], [ 110.371001957000033, -7.679076559999942, 0.0 ], [ 110.370402642000045, -7.681165989999954, 0.0 ], [ 110.374483831000077, -7.682863176999945, 0.0 ] ] ] } },
{ "type": "Feature", "properties": { }, "geometry": { "type": "Polygon", "coordinates": [ [ [ 110.501793458000066, -7.837962654999956, 0.0 ], [ 110.503060854000069, -7.839222370999948, 0.0 ], [ 110.501993386000038, -7.845529984999928, 0.0 ], [ 110.493378783000082, -7.847750463999944, 0.0 ], [ 110.492536123000036, -7.848955329999967, 0.0 ], [ 110.493781350000063, -7.852301057999966, 0.0 ], [ 110.491693923000071, -7.852037092999979, 0.0 ], [ 110.490294749000043, -7.853510645999961, 0.0 ], [ 110.483119220000049, -7.850455082999929, 0.0 ], [ 110.476283525000042, -7.85088961799994, 0.0 ], [ 110.480651872000067, -7.844508617999963, 0.0 ], [ 110.487310990000083, -7.840787421999948, 0.0 ], [ 110.488909988000046, -7.837760746999948, 0.0 ], [ 110.494216908000055, -7.839326349999965, 0.0 ], [ 110.496421808000036, -7.838104693999981, 0.0 ], [ 110.501793458000066, -7.837962654999956, 0.0 ] ] ] } },
{ "type": "Feature", "properties": { }, "geometry": { "type": "Polygon", "coordinates": [ [ [ 110.498483374000045, -7.87273855899997, 0.0 ], [ 110.505348360000085, -7.879173440999978, 0.0 ], [ 110.504549387000054, -7.882582907999961, 0.0 ], [ 110.501335982000057, -7.883146820999968, 0.0 ], [ 110.501881927000056, -7.888041719999933, 0.0 ], [ 110.494378934000054, -7.887468073999969, 0.0 ], [ 110.492229538000061, -7.888523630999941, 0.0 ], [ 110.49224270600007, -7.88988560699994, 0.0 ], [ 110.480976048000059, -7.889978647999953, 0.0 ], [ 110.480771425000057, -7.882108029999927, 0.0 ], [ 110.486895661000062, -7.881057780999981, 0.0 ], [ 110.485043232000066, -7.878544444999932, 0.0 ], [ 110.485178075000078, -7.876036076999981, 0.0 ], [ 110.487694882000085, -7.872752313999968, 0.0 ], [ 110.490466174000062, -7.873379997999962, 0.0 ], [ 110.49140058100005, -7.871982350999929, 0.0 ], [ 110.49045387700005, -7.870143849999977, 0.0 ], [ 110.491986947000044, -7.870303843999977, 0.0 ], [ 110.489059875000066, -7.866491957999926, 0.0 ], [ 110.490002749000041, -7.863920353999958, 0.0 ], [ 110.488658008000073, -7.86088059399998, 0.0 ], [ 110.493207994000045, -7.86047625599997, 0.0 ], [ 110.496020612000052, -7.867652765999935, 0.0 ], [ 110.499040104000073, -7.868437046999929, 0.0 ], [ 110.498483374000045, -7.87273855899997, 0.0 ] ] ] } },
{ "type": "Feature", "properties": { }, "geometry": { "type": "Polygon", "coordinates": [ [ [ 110.607537989000036, -7.854381384999954, 0.0 ], [ 110.605833958000062, -7.85731181999995, 0.0 ], [ 110.607718865000038, -7.862429039999938, 0.0 ], [ 110.60576401600008, -7.86653391699997, 0.0 ], [ 110.610483904000034, -7.872757303999947, 0.0 ], [ 110.615706922000072, -7.876490737999973, 0.0 ], [ 110.614834883000071, -7.877310171999966, 0.0 ], [ 110.615549186000067, -7.880744532999927, 0.0 ], [ 110.617102214000056, -7.881529934999946, 0.0 ], [ 110.611665132000041, -7.887069003999954, 0.0 ], [ 110.609920776000081, -7.884548307999978, 0.0 ], [ 110.604203821000056, -7.884911693999925, 0.0 ], [ 110.602874645000043, -7.882029081999974, 0.0 ], [ 110.595225843000037, -7.87741815499993, 0.0 ], [ 110.59316085100005, -7.878969017999964, 0.0 ], [ 110.59427173000006, -7.882758732999946, 0.0 ], [ 110.592482071000063, -7.885622388999934, 0.0 ], [ 110.588883998000085, -7.887181728999963, 0.0 ], [ 110.588450315000046, -7.882565396999951, 0.0 ], [ 110.586651470000049, -7.879741855999953, 0.0 ], [ 110.584115594000082, -7.879308412999933, 0.0 ], [ 110.584083418000034, -7.876395545999969, 0.0 ], [ 110.584626584000034, -7.871586888999957, 0.0 ], [ 110.586172393000084, -7.872038258999964, 0.0 ], [ 110.587349787000051, -7.86982588099994, 0.0 ], [ 110.587072479000085, -7.867339178999941, 0.0 ], [ 110.589262160000033, -7.863768163999964, 0.0 ], [ 110.588333159000058, -7.86158250699998, 0.0 ], [ 110.590276774000074, -7.857988552999927, 0.0 ], [ 110.591939101000037, -7.858506144999978, 0.0 ], [ 110.595351071000039, -7.857036649999941, 0.0 ], [ 110.59510933100006, -7.852569091999953, 0.0 ], [ 110.598644279000041, -7.852524413999959, 0.0 ], [ 110.599169223000047, -7.850669805999928, 0.0 ], [ 110.605583360000082, -7.850654491999933, 0.0 ], [ 110.607537989000036, -7.854381384999954, 0.0 ] ] ] } },
{ "type": "Feature", "properties": { }, "geometry": { "type": "Polygon", "coordinates": [ [ [ 110.645681735000039, -7.827095865999979, 0.0 ], [ 110.647409220000043, -7.83063980999998, 0.0 ], [ 110.645765961000052, -7.833764773999974, 0.0 ], [ 110.647468233000041, -7.834769533999975, 0.0 ], [ 110.64778564900007, -7.837773937999941, 0.0 ], [ 110.645855269000037, -7.839275780999969, 0.0 ], [ 110.646116568000082, -7.842352519999963, 0.0 ], [ 110.643740893000086, -7.841836249999972, 0.0 ], [ 110.641653976000043, -7.84503110199995, 0.0 ], [ 110.64416116600006, -7.844207662999963, 0.0 ], [ 110.644908452000038, -7.848196258999963, 0.0 ], [ 110.649335872000051, -7.852213029999973, 0.0 ], [ 110.650635470000054, -7.855415469999969, 0.0 ], [ 110.64956832200005, -7.855854038999951, 0.0 ], [ 110.650866171000075, -7.857277697999962, 0.0 ], [ 110.650418653000088, -7.859491347999949, 0.0 ], [ 110.65343520600004, -7.865608282999972, 0.0 ], [ 110.65213368700006, -7.866886180999927, 0.0 ], [ 110.645312220000051, -7.865273706999972, 0.0 ], [ 110.64528006900008, -7.866847118999942, 0.0 ], [ 110.644262731000083, -7.866806199999928, 0.0 ], [ 110.644007704000046, -7.865242864999971, 0.0 ], [ 110.641602871000089, -7.864672818999964, 0.0 ], [ 110.64177053700007, -7.862542018999932, 0.0 ], [ 110.637962860000073, -7.86209970799996, 0.0 ], [ 110.638757678000047, -7.860479371999929, 0.0 ], [ 110.635510872000054, -7.859723186999929, 0.0 ], [ 110.635778611000035, -7.858260209999969, 0.0 ], [ 110.633278865000079, -7.858031792999952, 0.0 ], [ 110.63371333200007, -7.856817023999952, 0.0 ], [ 110.632274534000089, -7.855525625999974, 0.0 ], [ 110.630923849000055, -7.856297895999944, 0.0 ], [ 110.630218110000044, -7.852496727999949, 0.0 ], [ 110.628420048000066, -7.850939796999967, 0.0 ], [ 110.62927893300008, -7.849604982999949, 0.0 ], [ 110.624679454000045, -7.847511501999975, 0.0 ], [ 110.625152978000074, -7.845868146999976, 0.0 ], [ 110.620219431000066, -7.840070140999956, 0.0 ], [ 110.62311730600004, -7.836929555999973, 0.0 ], [ 110.630104402000086, -7.833879692999972, 0.0 ], [ 110.633497049000084, -7.831025992999969, 0.0 ], [ 110.640266303000033, -7.830762836999952, 0.0 ], [ 110.645681735000039, -7.827095865999979, 0.0 ] ] ] } },
{ "type": "Feature", "properties": { }, "geometry": { "type": "Polygon", "coordinates": [ [ [ 110.598717222000062, -7.929171650999933, 0.0 ], [ 110.615976188000047, -7.948919488999934, 0.0 ], [ 110.615449178000063, -7.950994652999952, 0.0 ], [ 110.608035592000078, -7.950311618999933, 0.0 ], [ 110.598411949000081, -7.952544286999967, 0.0 ], [ 110.589307784000084, -7.950009136999938, 0.0 ], [ 110.58886457400007, -7.946181826999975, 0.0 ], [ 110.586721627000088, -7.942537233999929, 0.0 ], [ 110.582684650000033, -7.941348063999953, 0.0 ], [ 110.583740496000075, -7.937539694999941, 0.0 ], [ 110.583328977000065, -7.922775498999954, 0.0 ], [ 110.588255876000062, -7.923274506999974, 0.0 ], [ 110.588160053000081, -7.925105782999935, 0.0 ], [ 110.590651697000055, -7.924365518999934, 0.0 ], [ 110.593183371000066, -7.927607163999937, 0.0 ], [ 110.598717222000062, -7.929171650999933, 0.0 ] ] ] } },
{ "type": "Feature", "properties": { }, "geometry": { "type": "Polygon", "coordinates": [ [ [ 110.570975844000088, -7.946399926999959, 0.0 ], [ 110.566687037000065, -7.957102866999946, 0.0 ], [ 110.564526747000059, -7.956889886999932, 0.0 ], [ 110.563879803000077, -7.95332887099994, 0.0 ], [ 110.560920282000041, -7.953415788999962, 0.0 ], [ 110.560083386000088, -7.950934609999933, 0.0 ], [ 110.558563517000039, -7.950247053999931, 0.0 ], [ 110.555778474000078, -7.952580831999967, 0.0 ], [ 110.55573957200005, -7.956547168999975, 0.0 ], [ 110.551630255000077, -7.95828580999995, 0.0 ], [ 110.548219094000046, -7.956694994999964, 0.0 ], [ 110.547235005000061, -7.952126887999952, 0.0 ], [ 110.546917566000047, -7.955817804999981, 0.0 ], [ 110.543669269000077, -7.956515606999972, 0.0 ], [ 110.543825836000053, -7.958124956999939, 0.0 ], [ 110.539469713000074, -7.95670992099997, 0.0 ], [ 110.540218432000074, -7.953458858999966, 0.0 ], [ 110.542444755000076, -7.951898853999978, 0.0 ], [ 110.544867929000077, -7.947154188999946, 0.0 ], [ 110.550706329000036, -7.945478840999954, 0.0 ], [ 110.556401050000034, -7.93777324499996, 0.0 ], [ 110.55626533800006, -7.936407265999947, 0.0 ], [ 110.559517075000088, -7.934941480999953, 0.0 ], [ 110.56064217900007, -7.934728446999941, 0.0 ], [ 110.559856860000082, -7.938157841999953, 0.0 ], [ 110.562836791000052, -7.938744069999927, 0.0 ], [ 110.561969618000035, -7.939786695999942, 0.0 ], [ 110.568444876000058, -7.940699594999955, 0.0 ], [ 110.568864654000038, -7.944316787999981, 0.0 ], [ 110.570181899000033, -7.944476737999935, 0.0 ], [ 110.570975844000088, -7.946399926999959, 0.0 ] ] ] } },
{ "type": "Feature", "properties": { }, "geometry": { "type": "Polygon", "coordinates": [ [ [ 110.560920282000041, -7.953415788999962, 0.0 ], [ 110.556276629000081, -7.965979052999955, 0.0 ], [ 110.55010773500004, -7.976214980999941, 0.0 ], [ 110.551495740000064, -7.982454102999952, 0.0 ], [ 110.549359944000059, -7.982140768999955, 0.0 ], [ 110.548245221000059, -7.983508994999966, 0.0 ], [ 110.548830453000051, -7.981954521999967, 0.0 ], [ 110.545643044000087, -7.98067096799997, 0.0 ], [ 110.543627152000056, -7.974887465999927, 0.0 ], [ 110.539483908000079, -7.973042457999952, 0.0 ], [ 110.53896310600004, -7.974325938999925, 0.0 ], [ 110.535594453000044, -7.973745207999968, 0.0 ], [ 110.534629450000068, -7.97514216999997, 0.0 ], [ 110.533634685000038, -7.973945132999972, 0.0 ], [ 110.527996418000043, -7.974318998999934, 0.0 ], [ 110.52761711100004, -7.975447345999953, 0.0 ], [ 110.525289737000037, -7.975625845999957, 0.0 ], [ 110.525746286000071, -7.980391300999941, 0.0 ], [ 110.522362512000086, -7.980088749999936, 0.0 ], [ 110.521559827000033, -7.977799965999964, 0.0 ], [ 110.524044607000064, -7.975202817999957, 0.0 ], [ 110.524099331000059, -7.972237270999926, 0.0 ], [ 110.530550702000085, -7.973229979999928, 0.0 ], [ 110.532962032000057, -7.970520495999949, 0.0 ], [ 110.53947048200007, -7.958771270999932, 0.0 ], [ 110.538934422000068, -7.953640931999928, 0.0 ], [ 110.540218432000074, -7.953458858999966, 0.0 ], [ 110.539469713000074, -7.95670992099997, 0.0 ], [ 110.543825836000053, -7.958124956999939, 0.0 ], [ 110.543669269000077, -7.956515606999972, 0.0 ], [ 110.546917566000047, -7.955817804999981, 0.0 ], [ 110.547235005000061, -7.952126887999952, 0.0 ], [ 110.548219094000046, -7.956694994999964, 0.0 ], [ 110.551630255000077, -7.95828580999995, 0.0 ], [ 110.55573957200005, -7.956547168999975, 0.0 ], [ 110.55525394700004, -7.95404069999995, 0.0 ], [ 110.557563653000045, -7.950602784999944, 0.0 ], [ 110.560083386000088, -7.950934609999933, 0.0 ], [ 110.560920282000041, -7.953415788999962, 0.0 ] ] ] } },
{ "type": "Feature", "properties": { }, "geometry": { "type": "Polygon", "coordinates": [ [ [ 110.314443313000083, -7.657588561999944, 0.0 ], [ 110.313274487000058, -7.660957431999975, 0.0 ], [ 110.314557771000068, -7.662114735999978, 0.0 ], [ 110.312644985000077, -7.663884651999979, 0.0 ], [ 110.315778637000051, -7.663427028999934, 0.0 ], [ 110.317654808000043, -7.667198153999948, 0.0 ], [ 110.315284366000071, -7.671815053999978, 0.0 ], [ 110.313178018000087, -7.670612059999939, 0.0 ], [ 110.310313005000069, -7.673347570999965, 0.0 ], [ 110.309130215000039, -7.672150066999961, 0.0 ], [ 110.307084945000042, -7.673292660999948, 0.0 ], [ 110.306417001000057, -7.675591573999952, 0.0 ], [ 110.305552548000037, -7.674285112999939, 0.0 ], [ 110.304582193000044, -7.675309188999961, 0.0 ], [ 110.303289555000049, -7.674109014999942, 0.0 ], [ 110.306283056000041, -7.671183566999957, 0.0 ], [ 110.30489519200006, -7.669862896999973, 0.0 ], [ 110.303177528000049, -7.670616232999976, 0.0 ], [ 110.299241588000086, -7.668710973999964, 0.0 ], [ 110.298674536000078, -7.669491194999978, 0.0 ], [ 110.297436098000048, -7.668741309999973, 0.0 ], [ 110.298966825000036, -7.667324203999954, 0.0 ], [ 110.296151158000043, -7.666554555999937, 0.0 ], [ 110.30115634200007, -7.660983418999933, 0.0 ], [ 110.302759007000077, -7.65586706199997, 0.0 ], [ 110.307450069000083, -7.654355222999925, 0.0 ], [ 110.309235652000041, -7.651515271999926, 0.0 ], [ 110.315164561000074, -7.654545121999945, 0.0 ], [ 110.313247839000041, -7.656446155999959, 0.0 ], [ 110.314443313000083, -7.657588561999944, 0.0 ] ] ] } },
{ "type": "Feature", "properties": { }, "geometry": { "type": "Polygon", "coordinates": [ [ [ 110.564526747000059, -7.956889886999932, 0.0 ], [ 110.574430962000065, -7.954116855999928, 0.0 ], [ 110.580985980000037, -7.954498008999963, 0.0 ], [ 110.577700479000043, -7.96182003399997, 0.0 ], [ 110.575743402000057, -7.962190895999981, 0.0 ], [ 110.575605144000065, -7.964201579999951, 0.0 ], [ 110.574055334000036, -7.965801323999926, 0.0 ], [ 110.572988144000078, -7.965410847999976, 0.0 ], [ 110.573634379000055, -7.966265515999964, 0.0 ], [ 110.571752702000083, -7.967003355999964, 0.0 ], [ 110.57172029700007, -7.968176154999981, 0.0 ], [ 110.570522098000083, -7.967385497999942, 0.0 ], [ 110.569082949000062, -7.968280056999959, 0.0 ], [ 110.569226793000041, -7.973994554999933, 0.0 ], [ 110.567721202000087, -7.978629019999971, 0.0 ], [ 110.560956144000045, -7.980887866999979, 0.0 ], [ 110.556367742000077, -7.978448585999956, 0.0 ], [ 110.549785973000041, -7.977551897999945, 0.0 ], [ 110.556276629000081, -7.965979052999955, 0.0 ], [ 110.560227141000041, -7.956235645999925, 0.0 ], [ 110.560237083000061, -7.953534237999975, 0.0 ], [ 110.563156437000089, -7.952592504999927, 0.0 ], [ 110.564997350000056, -7.955105098999979, 0.0 ], [ 110.564526747000059, -7.956889886999932, 0.0 ] ] ] } },
{ "type": "Feature", "properties": { }, "geometry": { "type": "Polygon", "coordinates": [ [ [ 110.441655012000069, -7.561821090999956, 0.0 ], [ 110.43081955200006, -7.566813367999941, 0.0 ], [ 110.425230922000083, -7.575188891999971, 0.0 ], [ 110.427656763000073, -7.583367816999953, 0.0 ], [ 110.423421056000052, -7.595755256999951, 0.0 ], [ 110.419180744000073, -7.599538953999968, 0.0 ], [ 110.417562272000055, -7.605578373999947, 0.0 ], [ 110.417928964000055, -7.608913513999937, 0.0 ], [ 110.415503911000087, -7.614437742999939, 0.0 ], [ 110.416282401000046, -7.616782754999974, 0.0 ], [ 110.41484020300004, -7.622379407999972, 0.0 ], [ 110.413521371000058, -7.624572788999956, 0.0 ], [ 110.407601188000058, -7.62831867999995, 0.0 ], [ 110.404317823000042, -7.638054784999952, 0.0 ], [ 110.401887280000039, -7.639081932999943, 0.0 ], [ 110.401587015000075, -7.642250708999939, 0.0 ], [ 110.399975697000059, -7.643879674999937, 0.0 ], [ 110.39905030500006, -7.654214502999935, 0.0 ], [ 110.396551053000053, -7.657887682999956, 0.0 ], [ 110.396523580000064, -7.662654370999974, 0.0 ], [ 110.395256804000041, -7.664666994999948, 0.0 ], [ 110.394487126000058, -7.675187600999948, 0.0 ], [ 110.390563648000068, -7.675555713999927, 0.0 ], [ 110.390945356000088, -7.674446083999953, 0.0 ], [ 110.38981651000006, -7.676013560999934, 0.0 ], [ 110.387238434000039, -7.675880740999958, 0.0 ], [ 110.384428540000044, -7.674137279999968, 0.0 ], [ 110.384883005000063, -7.672244597999963, 0.0 ], [ 110.382500094000079, -7.67241155499994, 0.0 ], [ 110.381823028000042, -7.673938438999926, 0.0 ], [ 110.377228284000068, -7.67216213699993, 0.0 ], [ 110.378460261000043, -7.665983798999946, 0.0 ], [ 110.384177655000087, -7.660878090999972, 0.0 ], [ 110.386716023000076, -7.654042071999982, 0.0 ], [ 110.387560104000045, -7.653180415999941, 0.0 ], [ 110.388823023000043, -7.654132997999966, 0.0 ], [ 110.390975924000088, -7.650992389999942, 0.0 ], [ 110.392323437000073, -7.642772420999961, 0.0 ], [ 110.395151894000037, -7.640998466999974, 0.0 ], [ 110.397122630000069, -7.636463807999974, 0.0 ], [ 110.398651399000073, -7.635796806999963, 0.0 ], [ 110.399945271000036, -7.629962479999961, 0.0 ], [ 110.40251382200006, -7.627328678999959, 0.0 ], [ 110.412171426000043, -7.603919468999948, 0.0 ], [ 110.414828464000038, -7.596426471999962, 0.0 ], [ 110.413631223000039, -7.595019518999948, 0.0 ], [ 110.414564924000047, -7.588168119999978, 0.0 ], [ 110.412930528000061, -7.587595949999979, 0.0 ], [ 110.416912796000076, -7.583485358999951, 0.0 ], [ 110.418494419000069, -7.577755798999931, 0.0 ], [ 110.415401111000051, -7.575269946999981, 0.0 ], [ 110.413799758000039, -7.571829049999963, 0.0 ], [ 110.425651674000051, -7.560447351999926, 0.0 ], [ 110.431499978000033, -7.556622186999959, 0.0 ], [ 110.445224912000072, -7.541161558999931, 0.0 ], [ 110.444280596000056, -7.557426598999939, 0.0 ], [ 110.441655012000069, -7.561821090999956, 0.0 ] ] ] } },
{ "type": "Feature", "properties": { }, "geometry": { "type": "Polygon", "coordinates": [ [ [ 110.457294493000063, -7.730602931999954, 0.0 ], [ 110.463390842000081, -7.739951079999969, 0.0 ], [ 110.462563163000084, -7.747480374999952, 0.0 ], [ 110.465120804000037, -7.749077102999934, 0.0 ], [ 110.46525932600008, -7.753111052999941, 0.0 ], [ 110.463813524000045, -7.754712048999977, 0.0 ], [ 110.465011696000033, -7.760692118999941, 0.0 ], [ 110.463058559000046, -7.762881943999957, 0.0 ], [ 110.462408119000088, -7.768626561999952, 0.0 ], [ 110.459848743000066, -7.770179061999954, 0.0 ], [ 110.459307059000082, -7.775929893999944, 0.0 ], [ 110.447340431000043, -7.783381796999947, 0.0 ], [ 110.440115649000063, -7.785816563999958, 0.0 ], [ 110.438644362000048, -7.783323526999936, 0.0 ], [ 110.440587092000044, -7.774716867999928, 0.0 ], [ 110.439180262000036, -7.774181971999951, 0.0 ], [ 110.439206354000078, -7.772261184999934, 0.0 ], [ 110.440795973000036, -7.76761307299995, 0.0 ], [ 110.444562506000068, -7.76807919099997, 0.0 ], [ 110.44381648500007, -7.762605562999966, 0.0 ], [ 110.441847537000058, -7.759104891999925, 0.0 ], [ 110.442846382000084, -7.756849583999951, 0.0 ], [ 110.440489319000051, -7.755077515999972, 0.0 ], [ 110.439445086000035, -7.756638474999932, 0.0 ], [ 110.438635979000082, -7.754575694999971, 0.0 ], [ 110.440352334000067, -7.754537247999963, 0.0 ], [ 110.441839907000087, -7.749519068999973, 0.0 ], [ 110.448137406000058, -7.750001389999966, 0.0 ], [ 110.447496362000038, -7.746953017999942, 0.0 ], [ 110.445267763000061, -7.744759950999935, 0.0 ], [ 110.445055407000041, -7.738683573999936, 0.0 ], [ 110.443521689000079, -7.737105240999938, 0.0 ], [ 110.445298290000039, -7.730457583999964, 0.0 ], [ 110.445838139000045, -7.729689383999926, 0.0 ], [ 110.447328748000075, -7.731367169999942, 0.0 ], [ 110.448656161000088, -7.730335908999962, 0.0 ], [ 110.451267620000067, -7.73087045799997, 0.0 ], [ 110.451352006000036, -7.732352849999927, 0.0 ], [ 110.452970662000041, -7.732989455999927, 0.0 ], [ 110.452606161000062, -7.73054231499998, 0.0 ], [ 110.453242173000035, -7.731368950999979, 0.0 ], [ 110.453679944000044, -7.73022100999998, 0.0 ], [ 110.457294493000063, -7.730602931999954, 0.0 ] ] ] } },
{ "type": "Feature", "properties": { }, "geometry": { "type": "Polygon", "coordinates": [ [ [ 110.551083626000036, -7.855086384999936, 0.0 ], [ 110.550919096000086, -7.857035029999963, 0.0 ], [ 110.553571379000061, -7.861196240999959, 0.0 ], [ 110.552587503000041, -7.866088011999977, 0.0 ], [ 110.55122910700004, -7.865671659999975, 0.0 ], [ 110.549726638000038, -7.868130721999933, 0.0 ], [ 110.543185587000039, -7.869241477999935, 0.0 ], [ 110.542227268000033, -7.870534736999957, 0.0 ], [ 110.540931175000082, -7.869175456999926, 0.0 ], [ 110.535294470000053, -7.868555882999942, 0.0 ], [ 110.535693189000085, -7.870850214999962, 0.0 ], [ 110.534073032000038, -7.87273560999995, 0.0 ], [ 110.521371240000065, -7.873772611999925, 0.0 ], [ 110.516397858000062, -7.871411488999968, 0.0 ], [ 110.514721559000066, -7.868059807999941, 0.0 ], [ 110.509584777000043, -7.866848926999978, 0.0 ], [ 110.510366270000077, -7.862833180999928, 0.0 ], [ 110.512482402000046, -7.860478675999957, 0.0 ], [ 110.522359288000075, -7.856080278999968, 0.0 ], [ 110.522598731000073, -7.854662450999967, 0.0 ], [ 110.525352524000084, -7.854940028999977, 0.0 ], [ 110.52893881600005, -7.859248512999955, 0.0 ], [ 110.531234453000081, -7.859754703999954, 0.0 ], [ 110.532458377000069, -7.857897604999948, 0.0 ], [ 110.535325159000081, -7.857678270999941, 0.0 ], [ 110.538354379000054, -7.854406984999969, 0.0 ], [ 110.54079947200006, -7.853621522999958, 0.0 ], [ 110.551083626000036, -7.855086384999936, 0.0 ] ] ] } },
{ "type": "Feature", "properties": { }, "geometry": { "type": "Polygon", "coordinates": [ [ [ 110.504047204000074, -7.85078464299994, 0.0 ], [ 110.506220083000073, -7.856693978999942, 0.0 ], [ 110.500030017000086, -7.857042745999934, 0.0 ], [ 110.499069873000053, -7.858919209999954, 0.0 ], [ 110.50355017000004, -7.86053678199994, 0.0 ], [ 110.506475576000071, -7.86423720099998, 0.0 ], [ 110.510305735000088, -7.865783637999925, 0.0 ], [ 110.502884296000047, -7.875886825999942, 0.0 ], [ 110.498483374000045, -7.87273855899997, 0.0 ], [ 110.499040104000073, -7.868437046999929, 0.0 ], [ 110.496020612000052, -7.867652765999935, 0.0 ], [ 110.493168746000038, -7.860441574999982, 0.0 ], [ 110.488658008000073, -7.86088059399998, 0.0 ], [ 110.490002749000041, -7.863920353999958, 0.0 ], [ 110.488942535000035, -7.86648483099998, 0.0 ], [ 110.485826973000087, -7.863676059999932, 0.0 ], [ 110.481899513000087, -7.863167094999937, 0.0 ], [ 110.480015079000054, -7.861055489999956, 0.0 ], [ 110.479769017000081, -7.85709381199996, 0.0 ], [ 110.478064491000055, -7.854461713999967, 0.0 ], [ 110.479178625000088, -7.850627241999973, 0.0 ], [ 110.48517868600004, -7.850863166999943, 0.0 ], [ 110.490294749000043, -7.853510645999961, 0.0 ], [ 110.491693923000071, -7.852037092999979, 0.0 ], [ 110.493679894000081, -7.85234337199995, 0.0 ], [ 110.492536123000036, -7.848955329999967, 0.0 ], [ 110.493378783000082, -7.847750463999944, 0.0 ], [ 110.501993386000038, -7.845529984999928, 0.0 ], [ 110.503219718000082, -7.848666057999935, 0.0 ], [ 110.502259919000039, -7.849498227999959, 0.0 ], [ 110.504047204000074, -7.85078464299994, 0.0 ] ] ] } },
{ "type": "Feature", "properties": { }, "geometry": { "type": "Polygon", "coordinates": [ [ [ 110.510906145000035, -7.770569719999969, 0.0 ], [ 110.513424269000041, -7.777332944999955, 0.0 ], [ 110.516930731000059, -7.779967751999948, 0.0 ], [ 110.523084635000089, -7.780829769999968, 0.0 ], [ 110.522480167000083, -7.782786465999948, 0.0 ], [ 110.524506302000077, -7.784878179999964, 0.0 ], [ 110.524112742000057, -7.78626726799996, 0.0 ], [ 110.529871708000087, -7.790630748999945, 0.0 ], [ 110.530333652000081, -7.792960629999925, 0.0 ], [ 110.527002897000045, -7.793242888999941, 0.0 ], [ 110.520570004000035, -7.797508256999947, 0.0 ], [ 110.519354066000062, -7.795233173999975, 0.0 ], [ 110.516445545000067, -7.793783150999957, 0.0 ], [ 110.510908740000048, -7.799865276999981, 0.0 ], [ 110.499814926000056, -7.79679344699997, 0.0 ], [ 110.504491405000067, -7.791826896999964, 0.0 ], [ 110.503049981000061, -7.789976130999946, 0.0 ], [ 110.501157450000051, -7.790057931999968, 0.0 ], [ 110.500631190000036, -7.788398080999968, 0.0 ], [ 110.498001746000057, -7.788268121999977, 0.0 ], [ 110.495990884000037, -7.79068501699993, 0.0 ], [ 110.497203729000034, -7.787636336999981, 0.0 ], [ 110.494089565000081, -7.787417747999939, 0.0 ], [ 110.493369179000069, -7.784526089999929, 0.0 ], [ 110.490274621000083, -7.784191570999951, 0.0 ], [ 110.490545261000079, -7.782898072999956, 0.0 ], [ 110.493463217000055, -7.782360253999968, 0.0 ], [ 110.493916805000083, -7.77941356499997, 0.0 ], [ 110.498406494000051, -7.781380893999938, 0.0 ], [ 110.496818249000057, -7.779273039999964, 0.0 ], [ 110.499136498000041, -7.776839515999939, 0.0 ], [ 110.495336648000034, -7.777567139999974, 0.0 ], [ 110.496369403000074, -7.776007703999937, 0.0 ], [ 110.494825528000035, -7.774043834999929, 0.0 ], [ 110.490931810000063, -7.77340027799994, 0.0 ], [ 110.490795285000047, -7.769000628999947, 0.0 ], [ 110.497317960000089, -7.767521501999965, 0.0 ], [ 110.507405614000049, -7.768070669999929, 0.0 ], [ 110.510906145000035, -7.770569719999969, 0.0 ] ] ] } },
{ "type": "Feature", "properties": { }, "geometry": { "type": "Polygon", "coordinates": [ [ [ 110.581204756000034, -7.794464081999934, 0.0 ], [ 110.583977863000086, -7.79648500299993, 0.0 ], [ 110.583748433000039, -7.798086220999949, 0.0 ], [ 110.575776365000081, -7.802034915999968, 0.0 ], [ 110.575861867000071, -7.805893612999967, 0.0 ], [ 110.582111121000082, -7.805157090999955, 0.0 ], [ 110.581278337000072, -7.808615105999934, 0.0 ], [ 110.577062345000058, -7.812203800999953, 0.0 ], [ 110.576930972000071, -7.819514741999967, 0.0 ], [ 110.574051071000042, -7.822417844999961, 0.0 ], [ 110.573034287000041, -7.825675923999938, 0.0 ], [ 110.568980525000086, -7.825473603999967, 0.0 ], [ 110.563828179000041, -7.821216804999949, 0.0 ], [ 110.563052518000063, -7.817720888999929, 0.0 ], [ 110.557926948000045, -7.816495731999964, 0.0 ], [ 110.560982107000086, -7.811784658999954, 0.0 ], [ 110.560303421000071, -7.807647826999926, 0.0 ], [ 110.563518179000084, -7.806492439999943, 0.0 ], [ 110.565672742000061, -7.803458859999978, 0.0 ], [ 110.567169320000062, -7.797413910999978, 0.0 ], [ 110.56631903300007, -7.79491828099998, 0.0 ], [ 110.568253569000035, -7.793384196999966, 0.0 ], [ 110.579833063000081, -7.795491865999963, 0.0 ], [ 110.581204756000034, -7.794464081999934, 0.0 ] ] ] } },
{ "type": "Feature", "properties": { }, "geometry": { "type": "Polygon", "coordinates": [ [ [ 110.404101870000034, -7.686786255999948, 0.0 ], [ 110.404713107000077, -7.688307963999932, 0.0 ], [ 110.401703234000081, -7.691623567999955, 0.0 ], [ 110.400137230000041, -7.697364334999975, 0.0 ], [ 110.397442196000043, -7.699615893999976, 0.0 ], [ 110.396274672000061, -7.702200646999927, 0.0 ], [ 110.400012225000069, -7.702672596999946, 0.0 ], [ 110.403683016000059, -7.696748536999962, 0.0 ], [ 110.404530477000037, -7.69193618099996, 0.0 ], [ 110.408834312000067, -7.68694981799996, 0.0 ], [ 110.414872204000062, -7.689978110999959, 0.0 ], [ 110.416499510000051, -7.699412679999966, 0.0 ], [ 110.417646402000059, -7.699853890999975, 0.0 ], [ 110.414424675000078, -7.706072928999959, 0.0 ], [ 110.413441993000049, -7.711099202999947, 0.0 ], [ 110.409933666000086, -7.709119733999955, 0.0 ], [ 110.407584395000072, -7.709922952999932, 0.0 ], [ 110.405922334000081, -7.708467890999941, 0.0 ], [ 110.405192998000075, -7.709309659999974, 0.0 ], [ 110.406899215000067, -7.711340298999971, 0.0 ], [ 110.405044571000076, -7.71087055299995, 0.0 ], [ 110.403501623000068, -7.712213232999943, 0.0 ], [ 110.404835447000039, -7.717989204999981, 0.0 ], [ 110.403172520000055, -7.71908136899998, 0.0 ], [ 110.402628072000084, -7.725058670999942, 0.0 ], [ 110.400992962000089, -7.727631867999946, 0.0 ], [ 110.397935997000047, -7.726941997999973, 0.0 ], [ 110.397534485000051, -7.727966772999935, 0.0 ], [ 110.399876439000082, -7.728432701999964, 0.0 ], [ 110.397368329000074, -7.731432543999972, 0.0 ], [ 110.396599722000076, -7.729085479999981, 0.0 ], [ 110.393614257000081, -7.728730310999936, 0.0 ], [ 110.392373831000043, -7.726836764999973, 0.0 ], [ 110.392784092000056, -7.724796128999969, 0.0 ], [ 110.388390632000039, -7.72103057399994, 0.0 ], [ 110.389950882000051, -7.71645104299995, 0.0 ], [ 110.389279645000045, -7.713108038999962, 0.0 ], [ 110.390773006000074, -7.70559009699997, 0.0 ], [ 110.388752758000066, -7.699478802999977, 0.0 ], [ 110.393090216000076, -7.688047383999958, 0.0 ], [ 110.393917607000049, -7.682210925999925, 0.0 ], [ 110.395475785000087, -7.684019403999969, 0.0 ], [ 110.395471557000064, -7.687008667999976, 0.0 ], [ 110.404101870000034, -7.686786255999948, 0.0 ] ] ] } },
{ "type": "Feature", "properties": { }, "geometry": { "type": "Polygon", "coordinates": [ [ [ 110.390267981000079, -7.703590495999947, 0.0 ], [ 110.390669599000034, -7.708659909999938, 0.0 ], [ 110.389260540000066, -7.715232955999966, 0.0 ], [ 110.384625368000059, -7.720434101999956, 0.0 ], [ 110.38190277700005, -7.726645077999933, 0.0 ], [ 110.382371875000047, -7.728321781999966, 0.0 ], [ 110.387643500000081, -7.730133647999935, 0.0 ], [ 110.387480829000083, -7.731717363999962, 0.0 ], [ 110.384548990000042, -7.738735963999943, 0.0 ], [ 110.381917605000069, -7.740239043999964, 0.0 ], [ 110.379186319000041, -7.75110961799993, 0.0 ], [ 110.376535661000048, -7.749798685999963, 0.0 ], [ 110.374407408000081, -7.750323265999953, 0.0 ], [ 110.37384486600007, -7.754652070999953, 0.0 ], [ 110.371014598000045, -7.75538311899993, 0.0 ], [ 110.369471364000049, -7.753205919999971, 0.0 ], [ 110.366450796000038, -7.75246268199993, 0.0 ], [ 110.370014321000042, -7.745732400999941, 0.0 ], [ 110.369615475000046, -7.743892442999936, 0.0 ], [ 110.367444028000079, -7.743723208999938, 0.0 ], [ 110.366859680000061, -7.740051217999962, 0.0 ], [ 110.368089855000051, -7.73816237099993, 0.0 ], [ 110.375277053000048, -7.734546948999935, 0.0 ], [ 110.374147084000072, -7.734005043999957, 0.0 ], [ 110.375418623000087, -7.732779277999953, 0.0 ], [ 110.373674039000036, -7.732279825999967, 0.0 ], [ 110.37319821300008, -7.730766089999975, 0.0 ], [ 110.375812741000061, -7.731242463999934, 0.0 ], [ 110.374921220000033, -7.729046407999931, 0.0 ], [ 110.372365018000039, -7.728545528999973, 0.0 ], [ 110.372719238000059, -7.730112917999975, 0.0 ], [ 110.371493605000069, -7.730232183999931, 0.0 ], [ 110.370588680000083, -7.728595364999933, 0.0 ], [ 110.37511104500004, -7.720045158999937, 0.0 ], [ 110.37449521800005, -7.715279747999944, 0.0 ], [ 110.376663895000036, -7.710873321999941, 0.0 ], [ 110.381093400000054, -7.71299761399996, 0.0 ], [ 110.382002918000069, -7.710874070999978, 0.0 ], [ 110.380922337000072, -7.709998517999963, 0.0 ], [ 110.382348369000056, -7.708232360999943, 0.0 ], [ 110.383950330000062, -7.708595513999967, 0.0 ], [ 110.387494777000086, -7.702178954999965, 0.0 ], [ 110.390267981000079, -7.703590495999947, 0.0 ] ] ] } },
{ "type": "Feature", "properties": { }, "geometry": { "type": "Polygon", "coordinates": [ [ [ 110.625598309000054, -7.957496848999938, 0.0 ], [ 110.624448283000049, -7.962684295999964, 0.0 ], [ 110.625382626000089, -7.967973613999959, 0.0 ], [ 110.625965911000037, -7.969151684999929, 0.0 ], [ 110.631012847000079, -7.968237891999934, 0.0 ], [ 110.631730480000044, -7.970813017999944, 0.0 ], [ 110.630124963000071, -7.974500424999974, 0.0 ], [ 110.629670649000047, -7.981071403999977, 0.0 ], [ 110.630683743000077, -7.983103980999942, 0.0 ], [ 110.626797435000071, -7.983564462999936, 0.0 ], [ 110.626068393000082, -7.985726283999952, 0.0 ], [ 110.623619357000052, -7.985102730999927, 0.0 ], [ 110.622363757000073, -7.981677672999979, 0.0 ], [ 110.623152297000047, -7.972427101999926, 0.0 ], [ 110.619228834000069, -7.972626285999979, 0.0 ], [ 110.614772423000034, -7.968414505999931, 0.0 ], [ 110.612953490000052, -7.968329874999938, 0.0 ], [ 110.616753846000051, -7.96066080199995, 0.0 ], [ 110.615674289000083, -7.958543293999981, 0.0 ], [ 110.617218086000037, -7.95766026299998, 0.0 ], [ 110.61862109100008, -7.952476363999949, 0.0 ], [ 110.621285571000044, -7.952828347999969, 0.0 ], [ 110.620465560000071, -7.955148346999977, 0.0 ], [ 110.621567587000072, -7.956886761999954, 0.0 ], [ 110.622900017000063, -7.956330802999958, 0.0 ], [ 110.622401212000057, -7.957567138999934, 0.0 ], [ 110.625598309000054, -7.957496848999938, 0.0 ] ] ] } },
{ "type": "Feature", "properties": { }, "geometry": { "type": "Polygon", "coordinates": [ [ [ 110.482036165000068, -7.718525066999973, 0.0 ], [ 110.481775216000074, -7.720963090999931, 0.0 ], [ 110.483489187000089, -7.724366011999962, 0.0 ], [ 110.483498153000085, -7.733099575999972, 0.0 ], [ 110.479722648000063, -7.730261767999934, 0.0 ], [ 110.477177882000035, -7.734556847999954, 0.0 ], [ 110.47459043300006, -7.73465441899998, 0.0 ], [ 110.474756382000066, -7.731325581999954, 0.0 ], [ 110.472354149000068, -7.731643043999952, 0.0 ], [ 110.471684722000077, -7.734745579999981, 0.0 ], [ 110.470598307000046, -7.733049593999965, 0.0 ], [ 110.466748213000074, -7.734394499999951, 0.0 ], [ 110.46531236800007, -7.732843566999975, 0.0 ], [ 110.462545618000036, -7.734502051999925, 0.0 ], [ 110.462354211000047, -7.737929872999928, 0.0 ], [ 110.464054648000058, -7.738383300999942, 0.0 ], [ 110.463048991000051, -7.738946147999968, 0.0 ], [ 110.461278356000037, -7.738304728999935, 0.0 ], [ 110.457294493000063, -7.730602931999954, 0.0 ], [ 110.453679944000044, -7.73022100999998, 0.0 ], [ 110.453242173000035, -7.731368950999979, 0.0 ], [ 110.452606161000062, -7.73054231499998, 0.0 ], [ 110.45308870100007, -7.73286083499994, 0.0 ], [ 110.452210042000047, -7.732939725999927, 0.0 ], [ 110.451267620000067, -7.73087045799997, 0.0 ], [ 110.448656161000088, -7.730335908999962, 0.0 ], [ 110.447328748000075, -7.731367169999942, 0.0 ], [ 110.445838139000045, -7.729689383999926, 0.0 ], [ 110.444244943000058, -7.73509676599997, 0.0 ], [ 110.443152910000038, -7.732205720999957, 0.0 ], [ 110.441405200000077, -7.731580231999942, 0.0 ], [ 110.440242254000054, -7.719598582999936, 0.0 ], [ 110.441762375000053, -7.71983327099997, 0.0 ], [ 110.442463790000033, -7.717206544999954, 0.0 ], [ 110.446402790000036, -7.716134480999926, 0.0 ], [ 110.447220322000078, -7.718229845999929, 0.0 ], [ 110.448344879000047, -7.71606221199994, 0.0 ], [ 110.451737221000087, -7.71425512899998, 0.0 ], [ 110.451377952000087, -7.712199767999948, 0.0 ], [ 110.452966160000074, -7.713940312999966, 0.0 ], [ 110.454073437000034, -7.713108505999969, 0.0 ], [ 110.454808795000076, -7.71475836999997, 0.0 ], [ 110.457505777000051, -7.714419000999953, 0.0 ], [ 110.457437835000064, -7.713542693999955, 0.0 ], [ 110.460936408000066, -7.713928694999936, 0.0 ], [ 110.460766513000067, -7.711463100999936, 0.0 ], [ 110.467252293000058, -7.709352382999953, 0.0 ], [ 110.471680096000057, -7.716384529999971, 0.0 ], [ 110.473642261000066, -7.715190593999978, 0.0 ], [ 110.474564729000065, -7.71637218799998, 0.0 ], [ 110.476063545000045, -7.721051790999979, 0.0 ], [ 110.47926185700004, -7.721124328999963, 0.0 ], [ 110.480792620000045, -7.718408386999954, 0.0 ], [ 110.482036165000068, -7.718525066999973, 0.0 ] ] ] } },
{ "type": "Feature", "properties": { }, "geometry": { "type": "Polygon", "coordinates": [ [ [ 110.65304156600007, -7.972124483999949, 0.0 ], [ 110.655129783000064, -7.977984308999964, 0.0 ], [ 110.656348728000069, -7.976924890999953, 0.0 ], [ 110.659869290000074, -7.979060179999976, 0.0 ], [ 110.660743092000075, -7.977610210999956, 0.0 ], [ 110.661465246000034, -7.978128937999941, 0.0 ], [ 110.659966798000085, -7.982899811999971, 0.0 ], [ 110.662761619000037, -7.983317509999949, 0.0 ], [ 110.663560563000033, -7.981243148999965, 0.0 ], [ 110.665682334000053, -7.983478439999942, 0.0 ], [ 110.663458783000067, -7.991078551999976, 0.0 ], [ 110.661672940000074, -7.99223797999997, 0.0 ], [ 110.664490864000072, -8.014050010999938, 0.0 ], [ 110.660913831000073, -8.013510205999978, 0.0 ], [ 110.656743774000063, -8.020285744999967, 0.0 ], [ 110.654297092000036, -8.020738970999957, 0.0 ], [ 110.652265718000081, -8.025731955999959, 0.0 ], [ 110.646185894000041, -8.02544869299993, 0.0 ], [ 110.645180240000059, -8.026537937999933, 0.0 ], [ 110.643372928000076, -8.024955591999969, 0.0 ], [ 110.641176439000049, -8.026264828999956, 0.0 ], [ 110.640851443000088, -8.024548047999929, 0.0 ], [ 110.639160329000049, -8.024585780999928, 0.0 ], [ 110.639497108000057, -8.025422459999959, 0.0 ], [ 110.639076730000056, -8.025723248999952, 0.0 ], [ 110.63735945500008, -8.015492966999943, 0.0 ], [ 110.637901056000089, -8.011256344999936, 0.0 ], [ 110.640673680000077, -8.006689907999942, 0.0 ], [ 110.640440340000055, -8.003146933999972, 0.0 ], [ 110.633173498000076, -7.999639157999979, 0.0 ], [ 110.626095999000086, -7.992339087999937, 0.0 ], [ 110.622751495000045, -7.990479758999982, 0.0 ], [ 110.623619357000052, -7.985102730999927, 0.0 ], [ 110.626068393000082, -7.985726283999952, 0.0 ], [ 110.626797435000071, -7.983564462999936, 0.0 ], [ 110.629042181000045, -7.982579370999929, 0.0 ], [ 110.635345223000058, -7.984073844999955, 0.0 ], [ 110.636994216000062, -7.981073679999952, 0.0 ], [ 110.639415735000057, -7.980056642999955, 0.0 ], [ 110.639878647000046, -7.977413828999943, 0.0 ], [ 110.641109682000035, -7.977291823999963, 0.0 ], [ 110.642051442000081, -7.971701159999952, 0.0 ], [ 110.65304156600007, -7.972124483999949, 0.0 ] ] ] } },
{ "type": "Feature", "properties": { }, "geometry": { "type": "Polygon", "coordinates": [ [ [ 110.479178625000088, -7.850627241999973, 0.0 ], [ 110.478064491000055, -7.854461713999967, 0.0 ], [ 110.479769017000081, -7.85709381199996, 0.0 ], [ 110.480015079000054, -7.861055489999956, 0.0 ], [ 110.482068609000066, -7.863335615999972, 0.0 ], [ 110.485891357000071, -7.863710954999931, 0.0 ], [ 110.492008082000041, -7.869991586999959, 0.0 ], [ 110.49045387700005, -7.870143849999977, 0.0 ], [ 110.49140058100005, -7.871982350999929, 0.0 ], [ 110.490466174000062, -7.873379997999962, 0.0 ], [ 110.487694882000085, -7.872752313999968, 0.0 ], [ 110.485178075000078, -7.876036076999981, 0.0 ], [ 110.485043232000066, -7.878544444999932, 0.0 ], [ 110.486895661000062, -7.881057780999981, 0.0 ], [ 110.480771425000057, -7.882108029999927, 0.0 ], [ 110.481334541000081, -7.888790365999967, 0.0 ], [ 110.480976048000059, -7.889978647999953, 0.0 ], [ 110.478513171000088, -7.89016391399997, 0.0 ], [ 110.47567209500005, -7.889264477999973, 0.0 ], [ 110.47504391700005, -7.884881510999946, 0.0 ], [ 110.467147140000066, -7.869237446999932, 0.0 ], [ 110.469734200000062, -7.862817737999933, 0.0 ], [ 110.472755431000053, -7.861247990999971, 0.0 ], [ 110.472984316000066, -7.856822474999944, 0.0 ], [ 110.475334173000078, -7.851672631999975, 0.0 ], [ 110.479178625000088, -7.850627241999973, 0.0 ] ] ] } },
{ "type": "Feature", "properties": { }, "geometry": { "type": "Polygon", "coordinates": [ [ [ 110.369686613000056, -7.721483638999928, 0.0 ], [ 110.369452497000054, -7.72436218699994, 0.0 ], [ 110.373032196000054, -7.723230702999956, 0.0 ], [ 110.370588680000083, -7.728595364999933, 0.0 ], [ 110.371493605000069, -7.730232183999931, 0.0 ], [ 110.372719238000059, -7.730112917999975, 0.0 ], [ 110.372365018000039, -7.728545528999973, 0.0 ], [ 110.374921220000033, -7.729046407999931, 0.0 ], [ 110.375812741000061, -7.731242463999934, 0.0 ], [ 110.37319821300008, -7.730766089999975, 0.0 ], [ 110.373674039000036, -7.732279825999967, 0.0 ], [ 110.375418623000087, -7.732779277999953, 0.0 ], [ 110.374147084000072, -7.734005043999957, 0.0 ], [ 110.375277053000048, -7.734546948999935, 0.0 ], [ 110.368017129000066, -7.738229873999956, 0.0 ], [ 110.366859680000061, -7.740051217999962, 0.0 ], [ 110.367306349000046, -7.74338808899995, 0.0 ], [ 110.363772919000041, -7.743860020999932, 0.0 ], [ 110.361170694000066, -7.74573165399994, 0.0 ], [ 110.360438407000061, -7.747347880999939, 0.0 ], [ 110.362418942000033, -7.748375993999957, 0.0 ], [ 110.362320751000084, -7.750371663999942, 0.0 ], [ 110.354288448000034, -7.749609688999954, 0.0 ], [ 110.35475834600004, -7.747375373999944, 0.0 ], [ 110.352961575000052, -7.746873123999933, 0.0 ], [ 110.354870947000052, -7.742278790999933, 0.0 ], [ 110.354689148000034, -7.73947927699993, 0.0 ], [ 110.349000887000045, -7.735665884999946, 0.0 ], [ 110.350415670000075, -7.734606182999926, 0.0 ], [ 110.351912388000073, -7.725825620999956, 0.0 ], [ 110.34955496300006, -7.721797012999957, 0.0 ], [ 110.355633087000058, -7.721963137999978, 0.0 ], [ 110.352093611000043, -7.726329469999939, 0.0 ], [ 110.355418913000051, -7.729106927999965, 0.0 ], [ 110.358146119000082, -7.723337432999926, 0.0 ], [ 110.363996626000073, -7.725316560999943, 0.0 ], [ 110.365962760000059, -7.719866062999927, 0.0 ], [ 110.36742629400004, -7.719551832999969, 0.0 ], [ 110.369686613000056, -7.721483638999928, 0.0 ] ] ] } },
{ "type": "Feature", "properties": { }, "geometry": { "type": "Polygon", "coordinates": [ [ [ 110.249123975000089, -7.723887231999981, 0.0 ], [ 110.243451112000059, -7.733917360999953, 0.0 ], [ 110.23979188800007, -7.730987015999972, 0.0 ], [ 110.238744831000076, -7.732416268999941, 0.0 ], [ 110.238094362000083, -7.732139029999928, 0.0 ], [ 110.238659152000082, -7.730573189999973, 0.0 ], [ 110.235475870000073, -7.73393296699993, 0.0 ], [ 110.233801231000086, -7.73241845299998, 0.0 ], [ 110.233033047000049, -7.734105901999953, 0.0 ], [ 110.232295971000042, -7.73278411299998, 0.0 ], [ 110.230558398000085, -7.740498231999936, 0.0 ], [ 110.227340624000078, -7.737928422999971, 0.0 ], [ 110.220074328000067, -7.743929947999959, 0.0 ], [ 110.220371537000062, -7.742874265999944, 0.0 ], [ 110.218316756000036, -7.742269153999928, 0.0 ], [ 110.219297435000044, -7.743587886999933, 0.0 ], [ 110.218212584000071, -7.745331273999966, 0.0 ], [ 110.216186737000044, -7.742745052999965, 0.0 ], [ 110.216763871000069, -7.737435909999931, 0.0 ], [ 110.221407401000079, -7.734255865999955, 0.0 ], [ 110.224898052000071, -7.723349896999935, 0.0 ], [ 110.231775946000084, -7.722524591999957, 0.0 ], [ 110.232457003000036, -7.713450750999925, 0.0 ], [ 110.237747648000038, -7.713271457999952, 0.0 ], [ 110.244375168000033, -7.71007158599997, 0.0 ], [ 110.254653142000052, -7.707930712999939, 0.0 ], [ 110.25035936900008, -7.710549546999971, 0.0 ], [ 110.251625352000076, -7.711834563999957, 0.0 ], [ 110.253626325000084, -7.710567905999937, 0.0 ], [ 110.253850987000078, -7.712635457999966, 0.0 ], [ 110.25263182100008, -7.713574558999937, 0.0 ], [ 110.250980614000071, -7.713543839999943, 0.0 ], [ 110.250002520000066, -7.711338336999972, 0.0 ], [ 110.244891635000045, -7.710908076999942, 0.0 ], [ 110.247352585000044, -7.71238307699997, 0.0 ], [ 110.244450449000055, -7.716183100999956, 0.0 ], [ 110.247187412000073, -7.715009494999947, 0.0 ], [ 110.249476826000034, -7.715605579999931, 0.0 ], [ 110.249950348000084, -7.714623433999975, 0.0 ], [ 110.250479748000089, -7.71591927299994, 0.0 ], [ 110.246399256000075, -7.716406664999965, 0.0 ], [ 110.245115586000054, -7.718139237999935, 0.0 ], [ 110.248625870000069, -7.719181892999927, 0.0 ], [ 110.24696894300007, -7.721038030999978, 0.0 ], [ 110.248377089000087, -7.721028334999971, 0.0 ], [ 110.249123975000089, -7.723887231999981, 0.0 ] ] ] } },
{ "type": "Feature", "properties": { }, "geometry": { "type": "Polygon", "coordinates": [ [ [ 110.257806347000042, -7.734491967999929, 0.0 ], [ 110.257235479000087, -7.736181305999935, 0.0 ], [ 110.258888390000038, -7.73575472899995, 0.0 ], [ 110.258935698000073, -7.737759955999934, 0.0 ], [ 110.261215361000041, -7.736714513999971, 0.0 ], [ 110.258914792000041, -7.73838597799994, 0.0 ], [ 110.259696443000053, -7.741760871999929, 0.0 ], [ 110.258583779000048, -7.745276752999928, 0.0 ], [ 110.259833591000074, -7.743734595999967, 0.0 ], [ 110.261471145000087, -7.74419259299998, 0.0 ], [ 110.257180119000054, -7.759545218999961, 0.0 ], [ 110.244904598000062, -7.756592765999926, 0.0 ], [ 110.247713539000074, -7.742413081999928, 0.0 ], [ 110.252100966000057, -7.737771958999929, 0.0 ], [ 110.250707602000034, -7.737758566999958, 0.0 ], [ 110.250565641000037, -7.736394244999929, 0.0 ], [ 110.253888740000036, -7.732033230999946, 0.0 ], [ 110.254741617000036, -7.733529258999965, 0.0 ], [ 110.253803265000045, -7.733916521999959, 0.0 ], [ 110.257806347000042, -7.734491967999929, 0.0 ] ] ] } },
{ "type": "Feature", "properties": { }, "geometry": { "type": "Polygon", "coordinates": [ [ [ 110.250567305000061, -7.736668513999973, 0.0 ], [ 110.250707602000034, -7.737758566999958, 0.0 ], [ 110.252100966000057, -7.737771958999929, 0.0 ], [ 110.247713539000074, -7.742413081999928, 0.0 ], [ 110.244904598000062, -7.756592765999926, 0.0 ], [ 110.226747917000068, -7.752230035999958, 0.0 ], [ 110.219521936000035, -7.753638947999946, 0.0 ], [ 110.21764571600005, -7.752105115999939, 0.0 ], [ 110.219375893000063, -7.74866646299995, 0.0 ], [ 110.218316756000036, -7.742269153999928, 0.0 ], [ 110.220371537000062, -7.742874265999944, 0.0 ], [ 110.220074328000067, -7.743929947999959, 0.0 ], [ 110.227340624000078, -7.737928422999971, 0.0 ], [ 110.230558398000085, -7.740498231999936, 0.0 ], [ 110.232295971000042, -7.73278411299998, 0.0 ], [ 110.233033047000049, -7.734105901999953, 0.0 ], [ 110.233801231000086, -7.73241845299998, 0.0 ], [ 110.235475870000073, -7.73393296699993, 0.0 ], [ 110.238659152000082, -7.730573189999973, 0.0 ], [ 110.238094362000083, -7.732139029999928, 0.0 ], [ 110.23979188800007, -7.730987015999972, 0.0 ], [ 110.243451112000059, -7.733917360999953, 0.0 ], [ 110.246012528000051, -7.729362399999957, 0.0 ], [ 110.246968559000038, -7.729919152999969, 0.0 ], [ 110.249026363000041, -7.727967779999972, 0.0 ], [ 110.247764129000075, -7.733783466999967, 0.0 ], [ 110.249241580000046, -7.734642500999939, 0.0 ], [ 110.250414558000045, -7.73338625699995, 0.0 ], [ 110.249059470000077, -7.736963107999941, 0.0 ], [ 110.250567305000061, -7.736668513999973, 0.0 ] ] ] } },
{ "type": "Feature", "properties": { }, "geometry": { "type": "Polygon", "coordinates": [ [ [ 110.274552204000088, -7.709017416999927, 0.0 ], [ 110.276159043000064, -7.712580570999933, 0.0 ], [ 110.277001349000045, -7.710943401999941, 0.0 ], [ 110.281452045000037, -7.71192156199993, 0.0 ], [ 110.278677754000057, -7.717567838999969, 0.0 ], [ 110.272792061000075, -7.714899277999962, 0.0 ], [ 110.271463511000036, -7.716048443999966, 0.0 ], [ 110.27368062000005, -7.717831044999969, 0.0 ], [ 110.271820397000056, -7.724410433999935, 0.0 ], [ 110.275070224000046, -7.724964575999934, 0.0 ], [ 110.276498624000055, -7.722039109999969, 0.0 ], [ 110.28049412200005, -7.722603176999939, 0.0 ], [ 110.279336341000032, -7.725458304999961, 0.0 ], [ 110.282034939000084, -7.727792290999957, 0.0 ], [ 110.281340814000089, -7.72998462299995, 0.0 ], [ 110.279849868000042, -7.72941704699997, 0.0 ], [ 110.279638203000047, -7.734486926999978, 0.0 ], [ 110.274750805000053, -7.737913981999952, 0.0 ], [ 110.269878790000064, -7.734789215999967, 0.0 ], [ 110.264176550000059, -7.734835781999948, 0.0 ], [ 110.264116930000057, -7.736600106999958, 0.0 ], [ 110.266165576000049, -7.735360146999938, 0.0 ], [ 110.26387088000007, -7.739136825999935, 0.0 ], [ 110.265148056000044, -7.740600778999976, 0.0 ], [ 110.263235270000052, -7.740450945999953, 0.0 ], [ 110.262913979000075, -7.739029291999941, 0.0 ], [ 110.261471145000087, -7.74419259299998, 0.0 ], [ 110.259833591000074, -7.743734595999967, 0.0 ], [ 110.259313864000035, -7.745610193999937, 0.0 ], [ 110.258914792000041, -7.73838597799994, 0.0 ], [ 110.259685133000062, -7.738430695999966, 0.0 ], [ 110.261215361000041, -7.736714513999971, 0.0 ], [ 110.259611191000033, -7.738038765999931, 0.0 ], [ 110.258888390000038, -7.73575472899995, 0.0 ], [ 110.257235479000087, -7.736181305999935, 0.0 ], [ 110.260730177000084, -7.728678976999959, 0.0 ], [ 110.25934004700008, -7.727662849999945, 0.0 ], [ 110.25890614900004, -7.730198515999973, 0.0 ], [ 110.256734169000083, -7.729670207999959, 0.0 ], [ 110.25593458700007, -7.728141874999949, 0.0 ], [ 110.257770185000084, -7.727638340999931, 0.0 ], [ 110.258985041000074, -7.725220590999982, 0.0 ], [ 110.257565, -7.724645171999953, 0.0 ], [ 110.260573994000083, -7.719311949999963, 0.0 ], [ 110.264227941000058, -7.716122588999951, 0.0 ], [ 110.264631989000065, -7.711734520999926, 0.0 ], [ 110.267998337000051, -7.709524975999955, 0.0 ], [ 110.268008617000078, -7.707549963999952, 0.0 ], [ 110.270388987000047, -7.709490359999961, 0.0 ], [ 110.274552204000088, -7.709017416999927, 0.0 ] ] ] } },
{ "type": "Feature", "properties": { }, "geometry": { "type": "Polygon", "coordinates": [ [ [ 110.268588495000074, -7.707118347999938, 0.0 ], [ 110.267998337000051, -7.709524975999955, 0.0 ], [ 110.264631989000065, -7.711734520999926, 0.0 ], [ 110.264227941000058, -7.716122588999951, 0.0 ], [ 110.260573994000083, -7.719311949999963, 0.0 ], [ 110.257565, -7.724645171999953, 0.0 ], [ 110.258985041000074, -7.725220590999982, 0.0 ], [ 110.257770185000084, -7.727638340999931, 0.0 ], [ 110.25593458700007, -7.728141874999949, 0.0 ], [ 110.256734169000083, -7.729670207999959, 0.0 ], [ 110.25890614900004, -7.730198515999973, 0.0 ], [ 110.25934004700008, -7.727662849999945, 0.0 ], [ 110.260602313000049, -7.728035459999944, 0.0 ], [ 110.258749243000068, -7.734667245999958, 0.0 ], [ 110.253803265000045, -7.733916521999959, 0.0 ], [ 110.254741617000036, -7.733529258999965, 0.0 ], [ 110.254765053000085, -7.732108684999957, 0.0 ], [ 110.253888740000036, -7.732033230999946, 0.0 ], [ 110.251156459000072, -7.736354569999946, 0.0 ], [ 110.249059470000077, -7.736963107999941, 0.0 ], [ 110.250414558000045, -7.73338625699995, 0.0 ], [ 110.249241580000046, -7.734642500999939, 0.0 ], [ 110.247764129000075, -7.733783466999967, 0.0 ], [ 110.248686411000051, -7.732096888999934, 0.0 ], [ 110.247794940000063, -7.731615538999961, 0.0 ], [ 110.249711320000074, -7.728294068999958, 0.0 ], [ 110.246968559000038, -7.729919152999969, 0.0 ], [ 110.246012528000051, -7.729362399999957, 0.0 ], [ 110.249123975000089, -7.723887231999981, 0.0 ], [ 110.248377089000087, -7.721028334999971, 0.0 ], [ 110.24696894300007, -7.721038030999978, 0.0 ], [ 110.248625870000069, -7.719181892999927, 0.0 ], [ 110.245115586000054, -7.718139237999935, 0.0 ], [ 110.246399256000075, -7.716406664999965, 0.0 ], [ 110.250479748000089, -7.71591927299994, 0.0 ], [ 110.250313460000086, -7.714760700999932, 0.0 ], [ 110.244450449000055, -7.716183100999956, 0.0 ], [ 110.247352585000044, -7.71238307699997, 0.0 ], [ 110.244891635000045, -7.710908076999942, 0.0 ], [ 110.250002520000066, -7.711338336999972, 0.0 ], [ 110.251799594000033, -7.713719854999965, 0.0 ], [ 110.253850987000078, -7.712635457999966, 0.0 ], [ 110.253626325000084, -7.710567905999937, 0.0 ], [ 110.251625352000076, -7.711834563999957, 0.0 ], [ 110.25035936900008, -7.710549546999971, 0.0 ], [ 110.252618202000065, -7.709771669999952, 0.0 ], [ 110.255399153000042, -7.70618064699994, 0.0 ], [ 110.262883535000071, -7.705374384999971, 0.0 ], [ 110.268588495000074, -7.707118347999938, 0.0 ] ] ] } },
{ "type": "Feature", "properties": { }, "geometry": { "type": "Polygon", "coordinates": [ [ [ 110.440373523000062, -7.785846280999976, 0.0 ], [ 110.439496657000063, -7.788331037999967, 0.0 ], [ 110.44087595600007, -7.790109468999958, 0.0 ], [ 110.439702508000039, -7.789970452999967, 0.0 ], [ 110.440284659000042, -7.791194275999942, 0.0 ], [ 110.43769304500006, -7.793539918999954, 0.0 ], [ 110.439253519000033, -7.795308846999944, 0.0 ], [ 110.438732909000066, -7.798099956999977, 0.0 ], [ 110.439812993000089, -7.800187765999965, 0.0 ], [ 110.437816191000081, -7.806168047999961, 0.0 ], [ 110.43980859900006, -7.808211478999965, 0.0 ], [ 110.440862223000067, -7.815848395999978, 0.0 ], [ 110.439954025000077, -7.817611309999961, 0.0 ], [ 110.438832715000046, -7.817368080999927, 0.0 ], [ 110.437881401000084, -7.824458775999972, 0.0 ], [ 110.438042015000065, -7.826686952999978, 0.0 ], [ 110.440851462000069, -7.827712910999935, 0.0 ], [ 110.440555333000077, -7.829345617999934, 0.0 ], [ 110.437122045000081, -7.828160288999925, 0.0 ], [ 110.43372383500008, -7.836629381999956, 0.0 ], [ 110.430001840000045, -7.835895596999933, 0.0 ], [ 110.430676367000046, -7.83040329399995, 0.0 ], [ 110.427043716000071, -7.82906087799995, 0.0 ], [ 110.428430450000064, -7.823118187999967, 0.0 ], [ 110.42156906200006, -7.822295665999945, 0.0 ], [ 110.423178476000089, -7.818481992999978, 0.0 ], [ 110.421058588000051, -7.816689095999948, 0.0 ], [ 110.422028749000049, -7.812544679999974, 0.0 ], [ 110.42116909300006, -7.806850850999979, 0.0 ], [ 110.422833661000084, -7.799748898999951, 0.0 ], [ 110.423944946000063, -7.799995259999946, 0.0 ], [ 110.423687958000073, -7.80134632599993, 0.0 ], [ 110.426536557000077, -7.801686635999943, 0.0 ], [ 110.428541502000087, -7.797270736999963, 0.0 ], [ 110.434897513000067, -7.793866459999947, 0.0 ], [ 110.436544794000042, -7.785106361999965, 0.0 ], [ 110.440373523000062, -7.785846280999976, 0.0 ] ] ] } },
{ "type": "Feature", "properties": { }, "geometry": { "type": "Polygon", "coordinates": [ [ [ 110.582118244000071, -7.789172664999967, 0.0 ], [ 110.58216131000006, -7.792023542999971, 0.0 ], [ 110.580141007000066, -7.795506974999967, 0.0 ], [ 110.569550138000068, -7.793429052999954, 0.0 ], [ 110.566550856000049, -7.794478391999974, 0.0 ], [ 110.566294814000059, -7.802327953999963, 0.0 ], [ 110.563518179000084, -7.806492439999943, 0.0 ], [ 110.560303421000071, -7.807647826999926, 0.0 ], [ 110.560982107000086, -7.811784658999954, 0.0 ], [ 110.559147630000041, -7.813205092999965, 0.0 ], [ 110.55747616900004, -7.817807904999938, 0.0 ], [ 110.556165518000057, -7.818273965999936, 0.0 ], [ 110.551874080000061, -7.816131645999974, 0.0 ], [ 110.549583391000056, -7.821447431999957, 0.0 ], [ 110.544057946000066, -7.820624392999946, 0.0 ], [ 110.545241720000035, -7.810992542999941, 0.0 ], [ 110.546566554000037, -7.80974699099994, 0.0 ], [ 110.545301080000058, -7.809477794999964, 0.0 ], [ 110.544668598000044, -7.807421302999956, 0.0 ], [ 110.546694080000066, -7.798455390999948, 0.0 ], [ 110.544776543000069, -7.797188926999979, 0.0 ], [ 110.543540274000065, -7.793425280999941, 0.0 ], [ 110.544542400000068, -7.791300576999959, 0.0 ], [ 110.548189536000052, -7.790447123999968, 0.0 ], [ 110.550891119000084, -7.794961074999947, 0.0 ], [ 110.555027219000067, -7.795060711999952, 0.0 ], [ 110.554999560000056, -7.793522034999967, 0.0 ], [ 110.552906857000039, -7.792167174999975, 0.0 ], [ 110.554128214000059, -7.790283689999967, 0.0 ], [ 110.55307360900008, -7.787109794999935, 0.0 ], [ 110.555678660000069, -7.786233150999976, 0.0 ], [ 110.556274581000082, -7.783702123999944, 0.0 ], [ 110.563437865000083, -7.78174841799995, 0.0 ], [ 110.565762194000058, -7.784001934999935, 0.0 ], [ 110.571336403000089, -7.786025091999932, 0.0 ], [ 110.573229953000066, -7.788644546999933, 0.0 ], [ 110.582118244000071, -7.789172664999967, 0.0 ] ] ] } },
{ "type": "Feature", "properties": { }, "geometry": { "type": "Polygon", "coordinates": [ [ [ 110.307558597000082, -7.765186922999931, 0.0 ], [ 110.304269670000053, -7.770400111999948, 0.0 ], [ 110.300688454000067, -7.769491798999979, 0.0 ], [ 110.302867134000053, -7.770987967999929, 0.0 ], [ 110.300052783000069, -7.775947259999953, 0.0 ], [ 110.296782075000067, -7.775179666999975, 0.0 ], [ 110.296455736000041, -7.77656576399994, 0.0 ], [ 110.294806423000068, -7.776296265999974, 0.0 ], [ 110.291921186000081, -7.774189513999943, 0.0 ], [ 110.292175880000059, -7.772401081999931, 0.0 ], [ 110.289443811000069, -7.769760873999928, 0.0 ], [ 110.290866410000035, -7.764083225999968, 0.0 ], [ 110.292025454000054, -7.763755677999939, 0.0 ], [ 110.288788397000076, -7.760984026999949, 0.0 ], [ 110.290123490000042, -7.757985703999964, 0.0 ], [ 110.298406826000075, -7.760138741999981, 0.0 ], [ 110.298627934000081, -7.757522292999965, 0.0 ], [ 110.300604201000056, -7.757297549999976, 0.0 ], [ 110.301135810000062, -7.75545096299993, 0.0 ], [ 110.306515871000045, -7.757760411999925, 0.0 ], [ 110.306102133000081, -7.758756949999963, 0.0 ], [ 110.307644909000089, -7.759591495999928, 0.0 ], [ 110.305302517000086, -7.762659263999979, 0.0 ], [ 110.306347171000084, -7.763238918999946, 0.0 ], [ 110.305777206000073, -7.764464953999948, 0.0 ], [ 110.307558597000082, -7.765186922999931, 0.0 ] ] ] } },
{ "type": "Feature", "properties": { }, "geometry": { "type": "Polygon", "coordinates": [ [ [ 110.328993808000064, -7.764536074999967, 0.0 ], [ 110.329478159000075, -7.767844536999974, 0.0 ], [ 110.327948093000089, -7.768677673999946, 0.0 ], [ 110.330164663000062, -7.773628547999976, 0.0 ], [ 110.327581413000075, -7.774546703999931, 0.0 ], [ 110.329289899000059, -7.77687958599995, 0.0 ], [ 110.326961219000054, -7.777735122999957, 0.0 ], [ 110.32811743600007, -7.780707265999979, 0.0 ], [ 110.323162375000038, -7.783406429999957, 0.0 ], [ 110.318222614000035, -7.782106518999967, 0.0 ], [ 110.316268466000054, -7.791323953999949, 0.0 ], [ 110.314837046000036, -7.790731070999925, 0.0 ], [ 110.313989269000047, -7.792784586999971, 0.0 ], [ 110.308098513000061, -7.791706398999963, 0.0 ], [ 110.30826660200006, -7.787075467999955, 0.0 ], [ 110.311710077000043, -7.781879497999967, 0.0 ], [ 110.308090783000068, -7.780650504999926, 0.0 ], [ 110.30889660400004, -7.779048311999929, 0.0 ], [ 110.310533585000087, -7.779539364999948, 0.0 ], [ 110.31168955000004, -7.777869371999941, 0.0 ], [ 110.313098387000082, -7.778050827999948, 0.0 ], [ 110.313679257000047, -7.773841668999978, 0.0 ], [ 110.316464142000086, -7.774435976999939, 0.0 ], [ 110.317099035000069, -7.769731794999927, 0.0 ], [ 110.319043741000087, -7.770223929999929, 0.0 ], [ 110.318500652000068, -7.772480433999931, 0.0 ], [ 110.320194402000084, -7.772680890999936, 0.0 ], [ 110.324085498000045, -7.762529773999972, 0.0 ], [ 110.324614935000056, -7.763647042999935, 0.0 ], [ 110.32742182700008, -7.761881586999948, 0.0 ], [ 110.327267821000078, -7.764228460999959, 0.0 ], [ 110.328993808000064, -7.764536074999967, 0.0 ] ] ] } },
{ "type": "Feature", "properties": { }, "geometry": { "type": "Polygon", "coordinates": [ [ [ 110.313116751000052, -7.762030114999959, 0.0 ], [ 110.314465366000036, -7.767351863999977, 0.0 ], [ 110.312508983000043, -7.769652333999943, 0.0 ], [ 110.31433564200006, -7.772531349999952, 0.0 ], [ 110.314056360000052, -7.776254033999976, 0.0 ], [ 110.313098387000082, -7.778050827999948, 0.0 ], [ 110.31168955000004, -7.777869371999941, 0.0 ], [ 110.310533585000087, -7.779539364999948, 0.0 ], [ 110.30891891400006, -7.779031062999934, 0.0 ], [ 110.308155211000042, -7.780490383999961, 0.0 ], [ 110.311710077000043, -7.781879497999967, 0.0 ], [ 110.307201016000079, -7.790965576999952, 0.0 ], [ 110.301131242000054, -7.792006449999974, 0.0 ], [ 110.303294042000061, -7.785781093999958, 0.0 ], [ 110.293758754000066, -7.782040250999955, 0.0 ], [ 110.293259856000077, -7.780761472999927, 0.0 ], [ 110.296782075000067, -7.775179666999975, 0.0 ], [ 110.300052783000069, -7.775947259999953, 0.0 ], [ 110.302867134000053, -7.770987967999929, 0.0 ], [ 110.300688454000067, -7.769491798999979, 0.0 ], [ 110.304269670000053, -7.770400111999948, 0.0 ], [ 110.309177530000056, -7.76301779399995, 0.0 ], [ 110.313116751000052, -7.762030114999959, 0.0 ] ] ] } },
{ "type": "Feature", "properties": { }, "geometry": { "type": "Polygon", "coordinates": [ [ [ 110.289644328000065, -7.75657707199997, 0.0 ], [ 110.290002098000059, -7.759094275999928, 0.0 ], [ 110.288788397000076, -7.760984026999949, 0.0 ], [ 110.292025454000054, -7.763755677999939, 0.0 ], [ 110.290866410000035, -7.764083225999968, 0.0 ], [ 110.289323611000043, -7.769038591999958, 0.0 ], [ 110.292175880000059, -7.772401081999931, 0.0 ], [ 110.291728215000035, -7.774848485999939, 0.0 ], [ 110.289152397000066, -7.777133116999948, 0.0 ], [ 110.290888352000081, -7.778538504999972, 0.0 ], [ 110.28879952300008, -7.777458911999929, 0.0 ], [ 110.288039745000049, -7.780940668999961, 0.0 ], [ 110.287135391000049, -7.779786549999926, 0.0 ], [ 110.286882217000084, -7.781039168999939, 0.0 ], [ 110.285174847000064, -7.780147155999941, 0.0 ], [ 110.281901703000074, -7.782229667999957, 0.0 ], [ 110.273694362000072, -7.779640021999967, 0.0 ], [ 110.273892290000049, -7.775688292999973, 0.0 ], [ 110.270950333000087, -7.773700360999953, 0.0 ], [ 110.271602548000033, -7.771940197999982, 0.0 ], [ 110.270050732000072, -7.772808105999957, 0.0 ], [ 110.269215157000076, -7.771879675999969, 0.0 ], [ 110.271124367000084, -7.770422404999977, 0.0 ], [ 110.271930495000049, -7.767215525999973, 0.0 ], [ 110.269943926000053, -7.767354349999948, 0.0 ], [ 110.270389885000043, -7.763205905999939, 0.0 ], [ 110.272057431000064, -7.763571400999979, 0.0 ], [ 110.272338102000049, -7.762149180999927, 0.0 ], [ 110.271050012000046, -7.761994484999946, 0.0 ], [ 110.271424276000062, -7.760668682999949, 0.0 ], [ 110.269522492000078, -7.760186154999928, 0.0 ], [ 110.269890969000073, -7.759264653999935, 0.0 ], [ 110.277611358000058, -7.760663349999959, 0.0 ], [ 110.276107706000062, -7.759171326999933, 0.0 ], [ 110.276841007000087, -7.757807464999928, 0.0 ], [ 110.28054267300007, -7.758653369999934, 0.0 ], [ 110.284015108000062, -7.756050200999937, 0.0 ], [ 110.287870353000073, -7.757427949999965, 0.0 ], [ 110.288031932000081, -7.755579909999938, 0.0 ], [ 110.288465708000047, -7.754870073999939, 0.0 ], [ 110.288199572000053, -7.756920143999935, 0.0 ], [ 110.289644328000065, -7.75657707199997, 0.0 ] ] ] } },
{ "type": "Feature", "properties": { }, "geometry": { "type": "Polygon", "coordinates": [ [ [ 110.324085498000045, -7.762529773999972, 0.0 ], [ 110.320194402000084, -7.772680890999936, 0.0 ], [ 110.318500652000068, -7.772480433999931, 0.0 ], [ 110.319043741000087, -7.770223929999929, 0.0 ], [ 110.317099035000069, -7.769731794999927, 0.0 ], [ 110.316464142000086, -7.774435976999939, 0.0 ], [ 110.313882636000073, -7.77378333799993, 0.0 ], [ 110.314283743000033, -7.772359535999954, 0.0 ], [ 110.312508983000043, -7.769652333999943, 0.0 ], [ 110.314465366000036, -7.767351863999977, 0.0 ], [ 110.31282963700005, -7.761289166999973, 0.0 ], [ 110.313629905000084, -7.759692068999925, 0.0 ], [ 110.312082800000042, -7.758095974999947, 0.0 ], [ 110.314029481000034, -7.753530876999946, 0.0 ], [ 110.313400244000036, -7.751326939999956, 0.0 ], [ 110.315324755000063, -7.751303678999932, 0.0 ], [ 110.314476641000056, -7.748333187999947, 0.0 ], [ 110.31528054100005, -7.744854676999978, 0.0 ], [ 110.318053220000081, -7.74617466199993, 0.0 ], [ 110.318054701000051, -7.744731865999938, 0.0 ], [ 110.322325199000034, -7.74544971399996, 0.0 ], [ 110.323133624000036, -7.743911111999978, 0.0 ], [ 110.323729065000066, -7.745447415999934, 0.0 ], [ 110.324544525000078, -7.744483849999938, 0.0 ], [ 110.323741557000062, -7.745731859999978, 0.0 ], [ 110.324662387000046, -7.752006348999942, 0.0 ], [ 110.322187391000057, -7.757261396999979, 0.0 ], [ 110.324085498000045, -7.762529773999972, 0.0 ] ] ] } },
{ "type": "Feature", "properties": { }, "geometry": { "type": "Polygon", "coordinates": [ [ [ 110.296455736000041, -7.77656576399994, 0.0 ], [ 110.294428036000056, -7.778083192999929, 0.0 ], [ 110.293758754000066, -7.782040250999955, 0.0 ], [ 110.303294042000061, -7.785781093999958, 0.0 ], [ 110.300839692000068, -7.791230464999956, 0.0 ], [ 110.302828555000076, -7.792964207999944, 0.0 ], [ 110.302820291000046, -7.795601257999976, 0.0 ], [ 110.300389722000034, -7.795832976999975, 0.0 ], [ 110.299538851000079, -7.797698259999947, 0.0 ], [ 110.298332290000076, -7.796971868999947, 0.0 ], [ 110.298567092000042, -7.795467947999953, 0.0 ], [ 110.297474598000065, -7.797391528999981, 0.0 ], [ 110.296010092000074, -7.794624673999976, 0.0 ], [ 110.29345205900006, -7.79487243799997, 0.0 ], [ 110.295512159000054, -7.791252585999928, 0.0 ], [ 110.294313228000078, -7.791125361999946, 0.0 ], [ 110.291938590000086, -7.794487962999938, 0.0 ], [ 110.290202684000064, -7.793844305999926, 0.0 ], [ 110.289496941000039, -7.794890513999974, 0.0 ], [ 110.28956996900007, -7.794665411999972, 0.0 ], [ 110.29069846200008, -7.793134376999944, 0.0 ], [ 110.288913688000036, -7.792029793999973, 0.0 ], [ 110.286589392000053, -7.793645408999964, 0.0 ], [ 110.285894565000035, -7.791271844999926, 0.0 ], [ 110.288442979000081, -7.791187615999945, 0.0 ], [ 110.288867512000081, -7.788976767999941, 0.0 ], [ 110.286286800000084, -7.787868193999941, 0.0 ], [ 110.28869217600004, -7.78551912599994, 0.0 ], [ 110.285781773000053, -7.784615763999966, 0.0 ], [ 110.283158944000036, -7.786710467999967, 0.0 ], [ 110.284596334000071, -7.783073771999966, 0.0 ], [ 110.28651661400005, -7.783700262999957, 0.0 ], [ 110.287664285000062, -7.782364351999945, 0.0 ], [ 110.286894333000077, -7.77996109399993, 0.0 ], [ 110.288039745000049, -7.780940668999961, 0.0 ], [ 110.28879952300008, -7.777458911999929, 0.0 ], [ 110.290888352000081, -7.778538504999972, 0.0 ], [ 110.289152397000066, -7.777133116999948, 0.0 ], [ 110.291921186000081, -7.774189513999943, 0.0 ], [ 110.296455736000041, -7.77656576399994, 0.0 ] ] ] } },
{ "type": "Feature", "properties": { }, "geometry": { "type": "Polygon", "coordinates": [ [ [ 110.275305861000049, -7.737810810999974, 0.0 ], [ 110.278524649000076, -7.737967228999935, 0.0 ], [ 110.277823971000089, -7.742375215999971, 0.0 ], [ 110.281568496000034, -7.745830772999966, 0.0 ], [ 110.281894390000048, -7.750168500999962, 0.0 ], [ 110.285180407000041, -7.748823586999947, 0.0 ], [ 110.286290089000033, -7.749875578999934, 0.0 ], [ 110.286067634000062, -7.752188302999969, 0.0 ], [ 110.287242201000083, -7.752413636999961, 0.0 ], [ 110.287753320000036, -7.751063597999973, 0.0 ], [ 110.289989097000046, -7.756297268999958, 0.0 ], [ 110.288257989000044, -7.756990016999964, 0.0 ], [ 110.288632280000058, -7.755996711999956, 0.0 ], [ 110.288465708000047, -7.754870073999939, 0.0 ], [ 110.287870353000073, -7.757427949999965, 0.0 ], [ 110.284015108000062, -7.756050200999937, 0.0 ], [ 110.28054267300007, -7.758653369999934, 0.0 ], [ 110.276841007000087, -7.757807464999928, 0.0 ], [ 110.276107706000062, -7.759171326999933, 0.0 ], [ 110.277611358000058, -7.760663349999959, 0.0 ], [ 110.269890969000073, -7.759264653999935, 0.0 ], [ 110.269522492000078, -7.760186154999928, 0.0 ], [ 110.271424276000062, -7.760668682999949, 0.0 ], [ 110.271050012000046, -7.761994484999946, 0.0 ], [ 110.272338102000049, -7.762149180999927, 0.0 ], [ 110.272057431000064, -7.763571400999979, 0.0 ], [ 110.270389885000043, -7.763205905999939, 0.0 ], [ 110.270029388000069, -7.766491777999931, 0.0 ], [ 110.268584008000062, -7.766696854999964, 0.0 ], [ 110.268764520000047, -7.768092899999942, 0.0 ], [ 110.269823507000069, -7.767510080999955, 0.0 ], [ 110.268565495000075, -7.771691895999936, 0.0 ], [ 110.268179135000082, -7.770257427999979, 0.0 ], [ 110.266433499000073, -7.770888799999966, 0.0 ], [ 110.266820644000063, -7.774196098999937, 0.0 ], [ 110.265331310000079, -7.774934299999927, 0.0 ], [ 110.263770254000065, -7.769483120999951, 0.0 ], [ 110.262531368000054, -7.76939736099996, 0.0 ], [ 110.264833334000059, -7.761047155999961, 0.0 ], [ 110.263363392000088, -7.760770620999949, 0.0 ], [ 110.265215823000062, -7.755896513999971, 0.0 ], [ 110.267113941000048, -7.757355917999973, 0.0 ], [ 110.268468030000065, -7.746402549999971, 0.0 ], [ 110.270473069000047, -7.746671124999978, 0.0 ], [ 110.271248525000033, -7.745244007999929, 0.0 ], [ 110.270356134000053, -7.743988397999942, 0.0 ], [ 110.26752457300006, -7.745159727999976, 0.0 ], [ 110.264741690000051, -7.74393624399994, 0.0 ], [ 110.265724481000063, -7.74314187899995, 0.0 ], [ 110.264539999000078, -7.742778804999944, 0.0 ], [ 110.265151485000047, -7.740536257999963, 0.0 ], [ 110.26387088000007, -7.739136825999935, 0.0 ], [ 110.266165576000049, -7.735360146999938, 0.0 ], [ 110.264116930000057, -7.736600106999958, 0.0 ], [ 110.263892525000074, -7.735827127999926, 0.0 ], [ 110.264176550000059, -7.734835781999948, 0.0 ], [ 110.269878790000064, -7.734789215999967, 0.0 ], [ 110.275305861000049, -7.737810810999974, 0.0 ] ] ] } },
{ "type": "Feature", "properties": { }, "geometry": { "type": "Polygon", "coordinates": [ [ [ 110.367477269000062, -7.743197718999966, 0.0 ], [ 110.369615475000046, -7.743892442999936, 0.0 ], [ 110.370014321000042, -7.745732400999941, 0.0 ], [ 110.366450796000038, -7.75246268199993, 0.0 ], [ 110.369471364000049, -7.753205919999971, 0.0 ], [ 110.371072255000058, -7.755401649999953, 0.0 ], [ 110.37384486600007, -7.754652070999953, 0.0 ], [ 110.374407408000081, -7.750323265999953, 0.0 ], [ 110.376535661000048, -7.749798685999963, 0.0 ], [ 110.379186319000041, -7.75110961799993, 0.0 ], [ 110.380694247000065, -7.744331433999946, 0.0 ], [ 110.382122439000057, -7.744467089999944, 0.0 ], [ 110.382577261000051, -7.743219450999959, 0.0 ], [ 110.383766027000036, -7.743633406999948, 0.0 ], [ 110.383439004000081, -7.746964620999961, 0.0 ], [ 110.387090303000036, -7.748513056999968, 0.0 ], [ 110.384891984000035, -7.74927577699998, 0.0 ], [ 110.384243913000034, -7.750692791999938, 0.0 ], [ 110.385406707000072, -7.751331223999955, 0.0 ], [ 110.384105126000065, -7.75123911299994, 0.0 ], [ 110.38328443000006, -7.753640062999978, 0.0 ], [ 110.378669654000078, -7.752895859999967, 0.0 ], [ 110.377706281000087, -7.756129333999979, 0.0 ], [ 110.379512290000037, -7.758129965999956, 0.0 ], [ 110.378013158000044, -7.76210257799994, 0.0 ], [ 110.380100815000048, -7.76247495399997, 0.0 ], [ 110.379889418000062, -7.763818750999974, 0.0 ], [ 110.378223452000043, -7.763577164999958, 0.0 ], [ 110.376964701000077, -7.767120249999948, 0.0 ], [ 110.37466136900008, -7.766853494999964, 0.0 ], [ 110.374641216000043, -7.767914609999934, 0.0 ], [ 110.377847502000066, -7.76942263899997, 0.0 ], [ 110.37691527000004, -7.772812210999973, 0.0 ], [ 110.369319833000077, -7.774224918999948, 0.0 ], [ 110.368558019000034, -7.77035695099994, 0.0 ], [ 110.367606235000039, -7.771948810999959, 0.0 ], [ 110.366534287000036, -7.771694207999928, 0.0 ], [ 110.366639735000035, -7.77035604699995, 0.0 ], [ 110.364971317000084, -7.770227555999952, 0.0 ], [ 110.366213395000045, -7.769538463999936, 0.0 ], [ 110.363976702000059, -7.768267831999935, 0.0 ], [ 110.362117413000078, -7.768535339999971, 0.0 ], [ 110.360638365000057, -7.771319389999974, 0.0 ], [ 110.358962874000042, -7.771252903999937, 0.0 ], [ 110.351037977000033, -7.765793407999979, 0.0 ], [ 110.350975293000033, -7.759556937999946, 0.0 ], [ 110.352607460000058, -7.759217127999932, 0.0 ], [ 110.353156590000083, -7.754714829999955, 0.0 ], [ 110.350088138000046, -7.75699887899998, 0.0 ], [ 110.349921639000058, -7.755641454999932, 0.0 ], [ 110.350484922000078, -7.753456430999961, 0.0 ], [ 110.35270861500004, -7.753605894999964, 0.0 ], [ 110.353581589000044, -7.751655537999966, 0.0 ], [ 110.352179471000056, -7.751191007999978, 0.0 ], [ 110.354208439000047, -7.749224388999949, 0.0 ], [ 110.352070242000082, -7.74953566399995, 0.0 ], [ 110.352622345000043, -7.747128926999949, 0.0 ], [ 110.35475834600004, -7.747375373999944, 0.0 ], [ 110.354288448000034, -7.749609688999954, 0.0 ], [ 110.362320751000084, -7.750371663999942, 0.0 ], [ 110.362418942000033, -7.748375993999957, 0.0 ], [ 110.360438407000061, -7.747347880999939, 0.0 ], [ 110.361170694000066, -7.74573165399994, 0.0 ], [ 110.367477269000062, -7.743197718999966, 0.0 ] ] ] } },
{ "type": "Feature", "properties": { }, "geometry": { "type": "Polygon", "coordinates": [ [ [ 110.405563971000049, -7.708822572999964, 0.0 ], [ 110.416070518000083, -7.71112438199998, 0.0 ], [ 110.416768780000041, -7.713357747999964, 0.0 ], [ 110.415752825000084, -7.715172004999943, 0.0 ], [ 110.41950743600006, -7.716711715999963, 0.0 ], [ 110.419133834000036, -7.722011726999938, 0.0 ], [ 110.412344508000047, -7.719945705999976, 0.0 ], [ 110.411841420000087, -7.723916692999978, 0.0 ], [ 110.412993651000079, -7.724193115999981, 0.0 ], [ 110.412875028000087, -7.726322439999933, 0.0 ], [ 110.412215561000039, -7.727396661999933, 0.0 ], [ 110.410852850000083, -7.726697986999966, 0.0 ], [ 110.410579634000044, -7.729177083999957, 0.0 ], [ 110.408157675000041, -7.727419534999967, 0.0 ], [ 110.407694362000086, -7.73066750199996, 0.0 ], [ 110.402486104000047, -7.729139271999941, 0.0 ], [ 110.401640588000078, -7.731409586999973, 0.0 ], [ 110.399964448000048, -7.731847395999978, 0.0 ], [ 110.396772819000034, -7.73867716999996, 0.0 ], [ 110.39705805300008, -7.751402904999964, 0.0 ], [ 110.394221937000054, -7.751113020999981, 0.0 ], [ 110.395244330000082, -7.748963937999974, 0.0 ], [ 110.394681295000055, -7.745095495999976, 0.0 ], [ 110.392290455000079, -7.745378209999956, 0.0 ], [ 110.389640477000057, -7.743392565999955, 0.0 ], [ 110.386199559000033, -7.736505198999964, 0.0 ], [ 110.387643500000081, -7.730133647999935, 0.0 ], [ 110.381904666000082, -7.727223853999931, 0.0 ], [ 110.383028191000051, -7.723324407999939, 0.0 ], [ 110.389323292000086, -7.715249817999961, 0.0 ], [ 110.388431418000039, -7.721166894999953, 0.0 ], [ 110.392784092000056, -7.724796128999969, 0.0 ], [ 110.392373831000043, -7.726836764999973, 0.0 ], [ 110.393614257000081, -7.728730310999936, 0.0 ], [ 110.396599722000076, -7.729085479999981, 0.0 ], [ 110.397473122000065, -7.731423680999967, 0.0 ], [ 110.399876439000082, -7.728432701999964, 0.0 ], [ 110.397534485000051, -7.727966772999935, 0.0 ], [ 110.397935997000047, -7.726941997999973, 0.0 ], [ 110.400992962000089, -7.727631867999946, 0.0 ], [ 110.402628072000084, -7.725058670999942, 0.0 ], [ 110.403172520000055, -7.71908136899998, 0.0 ], [ 110.404835447000039, -7.717989204999981, 0.0 ], [ 110.403501623000068, -7.712213232999943, 0.0 ], [ 110.405044571000076, -7.71087055299995, 0.0 ], [ 110.406899215000067, -7.711340298999971, 0.0 ], [ 110.405563971000049, -7.708822572999964, 0.0 ] ] ] } },
{ "type": "Feature", "properties": { }, "geometry": { "type": "Polygon", "coordinates": [ [ [ 110.477433445000088, -7.677774399999976, 0.0 ], [ 110.482443318000037, -7.700159189999965, 0.0 ], [ 110.482055263000063, -7.709781891999967, 0.0 ], [ 110.48070722500006, -7.71330745399996, 0.0 ], [ 110.482036165000068, -7.718525066999973, 0.0 ], [ 110.477278771000044, -7.711982964999947, 0.0 ], [ 110.472195355000053, -7.708496669999931, 0.0 ], [ 110.466599968000082, -7.696039631999952, 0.0 ], [ 110.471156312000062, -7.695555905999981, 0.0 ], [ 110.470133303000068, -7.691333223999948, 0.0 ], [ 110.469266166000068, -7.691367854999953, 0.0 ], [ 110.469487068000035, -7.687838233999969, 0.0 ], [ 110.46701187900004, -7.687625795999963, 0.0 ], [ 110.467902160000051, -7.685177635999935, 0.0 ], [ 110.466309391000038, -7.684396736999929, 0.0 ], [ 110.467312658000083, -7.675006855999925, 0.0 ], [ 110.465939914000046, -7.673261086999958, 0.0 ], [ 110.467702622000047, -7.672934882999925, 0.0 ], [ 110.467200753000043, -7.671382422999955, 0.0 ], [ 110.468283120000081, -7.670977279999931, 0.0 ], [ 110.468369193000058, -7.672783526999979, 0.0 ], [ 110.470179802000075, -7.672673627999927, 0.0 ], [ 110.470784434000052, -7.673915844999954, 0.0 ], [ 110.473447793000048, -7.67242534199994, 0.0 ], [ 110.473388939000074, -7.67458182799993, 0.0 ], [ 110.475125567000077, -7.674245548999977, 0.0 ], [ 110.476088494000066, -7.677951116999964, 0.0 ], [ 110.477433445000088, -7.677774399999976, 0.0 ] ] ] } },
{ "type": "Feature", "properties": { }, "geometry": { "type": "Polygon", "coordinates": [ [ [ 110.583769033000067, -7.957053008999935, 0.0 ], [ 110.583546772000034, -7.959987056999978, 0.0 ], [ 110.581287735000046, -7.962268041999948, 0.0 ], [ 110.580146983000077, -7.96589966199997, 0.0 ], [ 110.584662905000073, -7.967260006999936, 0.0 ], [ 110.587097545000063, -7.969859181999936, 0.0 ], [ 110.593649872000071, -7.972900028999959, 0.0 ], [ 110.601335284000072, -7.972213624999938, 0.0 ], [ 110.603849982000042, -7.974427061999961, 0.0 ], [ 110.605888766000078, -7.973533327999974, 0.0 ], [ 110.607189912000081, -7.976100236999969, 0.0 ], [ 110.604904192000049, -7.976458080999976, 0.0 ], [ 110.604025576000083, -7.979302655999959, 0.0 ], [ 110.598613961000069, -7.977197824999962, 0.0 ], [ 110.596174463000068, -7.979682579999974, 0.0 ], [ 110.595388480000054, -7.977032882999936, 0.0 ], [ 110.592793291000078, -7.975923502999933, 0.0 ], [ 110.592482615000051, -7.978544485999976, 0.0 ], [ 110.588163272000088, -7.978327186999934, 0.0 ], [ 110.585848478000059, -7.98024092299994, 0.0 ], [ 110.579830816000083, -7.978723687999945, 0.0 ], [ 110.579348566000078, -7.976318466999942, 0.0 ], [ 110.578246291000085, -7.977788788999931, 0.0 ], [ 110.572621041000048, -7.976890356999945, 0.0 ], [ 110.56783725300005, -7.978510987999925, 0.0 ], [ 110.569226793000041, -7.973994554999933, 0.0 ], [ 110.569082949000062, -7.968280056999959, 0.0 ], [ 110.570522098000083, -7.967385497999942, 0.0 ], [ 110.57172029700007, -7.968176154999981, 0.0 ], [ 110.571752702000083, -7.967003355999964, 0.0 ], [ 110.573634379000055, -7.966265515999964, 0.0 ], [ 110.572988144000078, -7.965410847999976, 0.0 ], [ 110.574055334000036, -7.965801323999926, 0.0 ], [ 110.575605144000065, -7.964201579999951, 0.0 ], [ 110.575743402000057, -7.962190895999981, 0.0 ], [ 110.577700479000043, -7.96182003399997, 0.0 ], [ 110.580985980000037, -7.954498008999963, 0.0 ], [ 110.583769033000067, -7.957053008999935, 0.0 ] ] ] } },
{ "type": "Feature", "properties": { }, "geometry": { "type": "Polygon", "coordinates": [ [ [ 110.564602136000076, -8.013238399999977, 0.0 ], [ 110.557374232000086, -8.01368168099998, 0.0 ], [ 110.554657563000035, -8.011894670999936, 0.0 ], [ 110.556664733000048, -8.006982028999971, 0.0 ], [ 110.556190535000042, -8.003625080999939, 0.0 ], [ 110.55438040100006, -8.002504428999941, 0.0 ], [ 110.553808251000078, -8.004293101999963, 0.0 ], [ 110.552516194000077, -8.00433634999996, 0.0 ], [ 110.550511566000068, -8.003192916999978, 0.0 ], [ 110.55096104900008, -7.999321957999939, 0.0 ], [ 110.554105175000075, -8.000954168999954, 0.0 ], [ 110.554744764000077, -7.998791194999967, 0.0 ], [ 110.557455082000047, -7.999654360999955, 0.0 ], [ 110.558090009000068, -7.99846678199998, 0.0 ], [ 110.558839086000035, -8.000207850999971, 0.0 ], [ 110.566616852000038, -8.004002190999927, 0.0 ], [ 110.567448358000036, -8.006440779999934, 0.0 ], [ 110.565615339000033, -8.009663004999936, 0.0 ], [ 110.566652114000078, -8.011958667999977, 0.0 ], [ 110.564602136000076, -8.013238399999977, 0.0 ] ] ] } },
{ "type": "Feature", "properties": { }, "geometry": { "type": "Polygon", "coordinates": [ [ [ 110.442083935000085, -7.70286337999994, 0.0 ], [ 110.443411892000086, -7.708669989999976, 0.0 ], [ 110.441794392000077, -7.710205924999968, 0.0 ], [ 110.441998374000036, -7.713622604999955, 0.0 ], [ 110.440540953000038, -7.713046653999982, 0.0 ], [ 110.439079444000072, -7.706760557999928, 0.0 ], [ 110.434717899000077, -7.707290719999946, 0.0 ], [ 110.433931672000085, -7.714501214999927, 0.0 ], [ 110.425728770000035, -7.717885016999958, 0.0 ], [ 110.426006217000065, -7.724696800999936, 0.0 ], [ 110.42176115500007, -7.724708736999958, 0.0 ], [ 110.419133834000036, -7.722011726999938, 0.0 ], [ 110.419258024000044, -7.716166764999969, 0.0 ], [ 110.415752825000084, -7.715172004999943, 0.0 ], [ 110.416768780000041, -7.713357747999964, 0.0 ], [ 110.416070518000083, -7.71112438199998, 0.0 ], [ 110.413661610000077, -7.710235975999979, 0.0 ], [ 110.417646402000059, -7.699853890999975, 0.0 ], [ 110.416499510000051, -7.699412679999966, 0.0 ], [ 110.415733025000065, -7.69628669399998, 0.0 ], [ 110.416078146000075, -7.692989113999943, 0.0 ], [ 110.419896951000055, -7.691934639999943, 0.0 ], [ 110.422502823000059, -7.69301261499993, 0.0 ], [ 110.424451943000065, -7.685337047999951, 0.0 ], [ 110.42729780600007, -7.685587226999928, 0.0 ], [ 110.428838509000059, -7.689988962999962, 0.0 ], [ 110.429852658000073, -7.690090773999941, 0.0 ], [ 110.43080707300004, -7.686594915999933, 0.0 ], [ 110.434828348000053, -7.686795574999962, 0.0 ], [ 110.439408608000065, -7.699865102999979, 0.0 ], [ 110.437930645000051, -7.700516980999964, 0.0 ], [ 110.439198305000048, -7.700487695999925, 0.0 ], [ 110.439734645000044, -7.702831033999928, 0.0 ], [ 110.442083935000085, -7.70286337999994, 0.0 ] ] ] } },
{ "type": "Feature", "properties": { }, "geometry": { "type": "Polygon", "coordinates": [ [ [ 110.339746793000074, -7.707156818999977, 0.0 ], [ 110.339867003000052, -7.712055798999927, 0.0 ], [ 110.343465988000048, -7.714167165999982, 0.0 ], [ 110.34243794300005, -7.717706862999933, 0.0 ], [ 110.338463506000039, -7.719543933999944, 0.0 ], [ 110.338504389000036, -7.721024779999937, 0.0 ], [ 110.340680740000039, -7.722201998999935, 0.0 ], [ 110.339828086000068, -7.724234879999926, 0.0 ], [ 110.33835220800006, -7.724012192999965, 0.0 ], [ 110.338769907000085, -7.728430018999973, 0.0 ], [ 110.337492022000049, -7.731137368999953, 0.0 ], [ 110.334634254000036, -7.730116853999959, 0.0 ], [ 110.333929481000041, -7.73202551299994, 0.0 ], [ 110.332971523000083, -7.731772873999944, 0.0 ], [ 110.333541805000038, -7.729855929999928, 0.0 ], [ 110.332347743000071, -7.729369443999929, 0.0 ], [ 110.332096002000071, -7.73154445299997, 0.0 ], [ 110.329851189000067, -7.730573736999929, 0.0 ], [ 110.328509422000081, -7.733504420999964, 0.0 ], [ 110.324771031000068, -7.735607009999967, 0.0 ], [ 110.324145644000055, -7.73846631899994, 0.0 ], [ 110.319736686000056, -7.735482863999948, 0.0 ], [ 110.320006239000065, -7.733819265999955, 0.0 ], [ 110.317753573000061, -7.733107589999975, 0.0 ], [ 110.319811688000073, -7.723270438999975, 0.0 ], [ 110.322131293000041, -7.724291821999941, 0.0 ], [ 110.324676418000081, -7.716552794999927, 0.0 ], [ 110.323077453000053, -7.715119013999981, 0.0 ], [ 110.323142533000066, -7.712759142999971, 0.0 ], [ 110.324952835000033, -7.709830058999955, 0.0 ], [ 110.324010459000078, -7.708349011999928, 0.0 ], [ 110.326316019000046, -7.705576733999976, 0.0 ], [ 110.324654658000043, -7.704805906999979, 0.0 ], [ 110.325221060000047, -7.701225325999928, 0.0 ], [ 110.326183742000069, -7.703376896999941, 0.0 ], [ 110.329025394000041, -7.705095558999972, 0.0 ], [ 110.331667344000039, -7.700432332999981, 0.0 ], [ 110.334639510000045, -7.701206773999957, 0.0 ], [ 110.331058976000065, -7.711802818999956, 0.0 ], [ 110.333204616000046, -7.713017858999933, 0.0 ], [ 110.334697861000052, -7.712968512999964, 0.0 ], [ 110.333392253000056, -7.711912905999952, 0.0 ], [ 110.334522840000034, -7.707333546999962, 0.0 ], [ 110.336534966000045, -7.708594481999967, 0.0 ], [ 110.339746793000074, -7.707156818999977, 0.0 ] ] ] } },
{ "type": "Feature", "properties": { }, "geometry": { "type": "Polygon", "coordinates": [ [ [ 110.264575, -7.740828927999928, 0.0 ], [ 110.264227084000083, -7.742098941999927, 0.0 ], [ 110.265756411000041, -7.743431664999946, 0.0 ], [ 110.264741690000051, -7.74393624399994, 0.0 ], [ 110.26583252100005, -7.744673236999972, 0.0 ], [ 110.270356134000053, -7.743988397999942, 0.0 ], [ 110.271248525000033, -7.745244007999929, 0.0 ], [ 110.267971731000046, -7.747461234999946, 0.0 ], [ 110.267390152000075, -7.751083292999965, 0.0 ], [ 110.268382669000061, -7.752630311999951, 0.0 ], [ 110.267113941000048, -7.757355917999973, 0.0 ], [ 110.265215823000062, -7.755896513999971, 0.0 ], [ 110.264295265000044, -7.757261763999963, 0.0 ], [ 110.265063280000049, -7.75749297599998, 0.0 ], [ 110.263363392000088, -7.760770620999949, 0.0 ], [ 110.264833334000059, -7.761047155999961, 0.0 ], [ 110.26258686400007, -7.76873231899998, 0.0 ], [ 110.259884297000042, -7.768220199999973, 0.0 ], [ 110.25858837800007, -7.771241510999971, 0.0 ], [ 110.258933402000082, -7.784040888999925, 0.0 ], [ 110.258593535000045, -7.785448289999977, 0.0 ], [ 110.255751763000035, -7.784434293999936, 0.0 ], [ 110.255730914000083, -7.791426505999937, 0.0 ], [ 110.252741276000052, -7.790784807999955, 0.0 ], [ 110.253331126000035, -7.788674182999955, 0.0 ], [ 110.249313357000062, -7.78781132599994, 0.0 ], [ 110.24999086300005, -7.785376744999951, 0.0 ], [ 110.247357464000061, -7.784577513999977, 0.0 ], [ 110.247859847000086, -7.782790673999955, 0.0 ], [ 110.243743002000087, -7.781375361999949, 0.0 ], [ 110.24188173500005, -7.782409919999964, 0.0 ], [ 110.236568, -7.780423635999966, 0.0 ], [ 110.239203786000076, -7.775243975999956, 0.0 ], [ 110.242020524000054, -7.775713543999927, 0.0 ], [ 110.242325922000077, -7.774599179999939, 0.0 ], [ 110.240803895000056, -7.773812394999936, 0.0 ], [ 110.241469368000082, -7.772983309999972, 0.0 ], [ 110.239796220000073, -7.773775775999979, 0.0 ], [ 110.239444789000061, -7.772742817999927, 0.0 ], [ 110.244124287000034, -7.767487391999964, 0.0 ], [ 110.240651960000037, -7.76617777499996, 0.0 ], [ 110.242236315000071, -7.761607100999981, 0.0 ], [ 110.24198033600004, -7.762952395999946, 0.0 ], [ 110.243807986000036, -7.76229871299995, 0.0 ], [ 110.243651367000041, -7.760625036999954, 0.0 ], [ 110.241679229000056, -7.760089024999957, 0.0 ], [ 110.242575862000081, -7.75934618399998, 0.0 ], [ 110.241596036000033, -7.757215670999926, 0.0 ], [ 110.242675100000042, -7.758857668999951, 0.0 ], [ 110.243006161000039, -7.756227294999974, 0.0 ], [ 110.257180119000054, -7.759545218999961, 0.0 ], [ 110.262913979000075, -7.739029291999941, 0.0 ], [ 110.264575, -7.740828927999928, 0.0 ] ] ] } },
{ "type": "Feature", "properties": { }, "geometry": { "type": "Polygon", "coordinates": [ [ [ 110.243006161000039, -7.756227294999974, 0.0 ], [ 110.242955275000043, -7.758897040999955, 0.0 ], [ 110.242167605000077, -7.757246305999956, 0.0 ], [ 110.241277235000041, -7.758018480999965, 0.0 ], [ 110.243807986000036, -7.76229871299995, 0.0 ], [ 110.24198033600004, -7.762952395999946, 0.0 ], [ 110.242236315000071, -7.761607100999981, 0.0 ], [ 110.240651960000037, -7.76617777499996, 0.0 ], [ 110.244124287000034, -7.767487391999964, 0.0 ], [ 110.239412372000061, -7.773029125999926, 0.0 ], [ 110.241469368000082, -7.772983309999972, 0.0 ], [ 110.240803895000056, -7.773812394999936, 0.0 ], [ 110.242355261000057, -7.774930771999948, 0.0 ], [ 110.241521139000042, -7.776136896999958, 0.0 ], [ 110.239203786000076, -7.775243975999956, 0.0 ], [ 110.236369321000041, -7.780756414999928, 0.0 ], [ 110.23602859600004, -7.786699066999972, 0.0 ], [ 110.23272677600005, -7.790584382999953, 0.0 ], [ 110.229168934000086, -7.788994399999979, 0.0 ], [ 110.227527036000083, -7.784332676999952, 0.0 ], [ 110.220206670000039, -7.776984243999948, 0.0 ], [ 110.222373957000059, -7.767470573999958, 0.0 ], [ 110.221913240000049, -7.764766802999929, 0.0 ], [ 110.21967666900008, -7.764052817999925, 0.0 ], [ 110.221951237000042, -7.759965681999972, 0.0 ], [ 110.218604118000087, -7.758266363999951, 0.0 ], [ 110.219521936000035, -7.753638947999946, 0.0 ], [ 110.226747917000068, -7.752230035999958, 0.0 ], [ 110.243006161000039, -7.756227294999974, 0.0 ] ] ] } },
{ "type": "Feature", "properties": { }, "geometry": { "type": "Polygon", "coordinates": [ [ [ 110.520570004000035, -7.797508256999947, 0.0 ], [ 110.515103889000045, -7.802054002999967, 0.0 ], [ 110.514659048000055, -7.803818235999927, 0.0 ], [ 110.516679644000078, -7.804381300999978, 0.0 ], [ 110.516732742000045, -7.807687573999942, 0.0 ], [ 110.513133415000084, -7.810637851999957, 0.0 ], [ 110.514281709000045, -7.813180301999978, 0.0 ], [ 110.512942389000045, -7.813454907999926, 0.0 ], [ 110.513703894000059, -7.815558010999951, 0.0 ], [ 110.511889572000086, -7.816145030999962, 0.0 ], [ 110.513206852000053, -7.81895527699993, 0.0 ], [ 110.514658689000044, -7.819424830999935, 0.0 ], [ 110.514317285000061, -7.82286084499998, 0.0 ], [ 110.512767935000056, -7.824482470999953, 0.0 ], [ 110.515164501000072, -7.826848809999944, 0.0 ], [ 110.501649631000078, -7.82256105099998, 0.0 ], [ 110.497311859000035, -7.823459997999976, 0.0 ], [ 110.484324095000034, -7.821546936999937, 0.0 ], [ 110.485475591000068, -7.818385712999941, 0.0 ], [ 110.487249751000036, -7.818643839999936, 0.0 ], [ 110.487753730000065, -7.812860391999948, 0.0 ], [ 110.486285673000054, -7.813147603999937, 0.0 ], [ 110.485659783000074, -7.811530617999949, 0.0 ], [ 110.485966029000053, -7.813428180999949, 0.0 ], [ 110.484267018000082, -7.813875656999926, 0.0 ], [ 110.484721138000054, -7.810328008999932, 0.0 ], [ 110.47844645400005, -7.807410625999978, 0.0 ], [ 110.478774004000059, -7.804918239999949, 0.0 ], [ 110.482917669000074, -7.805059719999974, 0.0 ], [ 110.482010241000069, -7.800570852999954, 0.0 ], [ 110.494359725000038, -7.802024292999931, 0.0 ], [ 110.496351080000068, -7.800758469999948, 0.0 ], [ 110.49568135800007, -7.798678056999961, 0.0 ], [ 110.497198919000084, -7.799692139999934, 0.0 ], [ 110.499095827000076, -7.796478237999963, 0.0 ], [ 110.511142155000073, -7.799823437999976, 0.0 ], [ 110.512938853000037, -7.796507435999956, 0.0 ], [ 110.516445545000067, -7.793783150999957, 0.0 ], [ 110.519354066000062, -7.795233173999975, 0.0 ], [ 110.520570004000035, -7.797508256999947, 0.0 ] ] ] } },
{ "type": "Feature", "properties": { }, "geometry": { "type": "Polygon", "coordinates": [ [ [ 110.255751763000035, -7.784434293999936, 0.0 ], [ 110.258515177000049, -7.787200175999942, 0.0 ], [ 110.257275952000043, -7.787964494999926, 0.0 ], [ 110.259404506000067, -7.789704682999968, 0.0 ], [ 110.256662670000082, -7.790612979999935, 0.0 ], [ 110.256572942000048, -7.793250797999974, 0.0 ], [ 110.257955609000078, -7.793553362999944, 0.0 ], [ 110.257533919000082, -7.795539912999971, 0.0 ], [ 110.259462360000043, -7.796089863999953, 0.0 ], [ 110.258990565000033, -7.798844192999979, 0.0 ], [ 110.256096309000043, -7.80079958999994, 0.0 ], [ 110.257083334000072, -7.797611113999949, 0.0 ], [ 110.253598302000057, -7.796504711999944, 0.0 ], [ 110.251873151000041, -7.802651040999933, 0.0 ], [ 110.247888719000059, -7.804136085999971, 0.0 ], [ 110.247352131000071, -7.806063094999956, 0.0 ], [ 110.244825666000054, -7.804761215999974, 0.0 ], [ 110.241626126000085, -7.806816527999956, 0.0 ], [ 110.240203793000035, -7.806209668999941, 0.0 ], [ 110.234592115000055, -7.812155540999981, 0.0 ], [ 110.233438918000047, -7.815200492999963, 0.0 ], [ 110.231938797000055, -7.809550645999934, 0.0 ], [ 110.228350955000053, -7.805897523999931, 0.0 ], [ 110.229949530000056, -7.80302691299994, 0.0 ], [ 110.235987403000081, -7.798983642999929, 0.0 ], [ 110.23272677600005, -7.790584382999953, 0.0 ], [ 110.23602859600004, -7.786699066999972, 0.0 ], [ 110.236369321000041, -7.780756414999928, 0.0 ], [ 110.247859847000086, -7.782790673999955, 0.0 ], [ 110.247357464000061, -7.784577513999977, 0.0 ], [ 110.24999086300005, -7.785376744999951, 0.0 ], [ 110.249313357000062, -7.78781132599994, 0.0 ], [ 110.253331126000035, -7.788674182999955, 0.0 ], [ 110.252741276000052, -7.790784807999955, 0.0 ], [ 110.255730914000083, -7.791426505999937, 0.0 ], [ 110.255751763000035, -7.784434293999936, 0.0 ] ] ] } },
{ "type": "Feature", "properties": { }, "geometry": { "type": "Polygon", "coordinates": [ [ [ 110.306417001000057, -7.675591573999952, 0.0 ], [ 110.304107810000062, -7.681678237999961, 0.0 ], [ 110.298794779000048, -7.684117757999957, 0.0 ], [ 110.29797108300005, -7.682438479999973, 0.0 ], [ 110.295454060000054, -7.681468194999979, 0.0 ], [ 110.293158520000077, -7.68438236399993, 0.0 ], [ 110.294376724000074, -7.685491637999974, 0.0 ], [ 110.293747386000064, -7.687055611999938, 0.0 ], [ 110.292030415000056, -7.687675189999936, 0.0 ], [ 110.293221799000037, -7.686089209999977, 0.0 ], [ 110.290456665000079, -7.687906495999925, 0.0 ], [ 110.289607665000062, -7.686035940999943, 0.0 ], [ 110.287669650000055, -7.686964598999964, 0.0 ], [ 110.287429262000046, -7.686005273999967, 0.0 ], [ 110.286944227000049, -7.685605710999937, 0.0 ], [ 110.287381186000061, -7.687300535999952, 0.0 ], [ 110.28600085000005, -7.686632484999961, 0.0 ], [ 110.284815654000056, -7.688534862999973, 0.0 ], [ 110.283902200000057, -7.687763526999959, 0.0 ], [ 110.285792163000053, -7.685751080999978, 0.0 ], [ 110.286380809000036, -7.680037821999974, 0.0 ], [ 110.296151158000043, -7.666554555999937, 0.0 ], [ 110.298966825000036, -7.667324203999954, 0.0 ], [ 110.297436098000048, -7.668741309999973, 0.0 ], [ 110.298674536000078, -7.669491194999978, 0.0 ], [ 110.299241588000086, -7.668710973999964, 0.0 ], [ 110.303177528000049, -7.670616232999976, 0.0 ], [ 110.30489519200006, -7.669862896999973, 0.0 ], [ 110.306283056000041, -7.671183566999957, 0.0 ], [ 110.303289555000049, -7.674109014999942, 0.0 ], [ 110.304582193000044, -7.675309188999961, 0.0 ], [ 110.305552548000037, -7.674285112999939, 0.0 ], [ 110.306417001000057, -7.675591573999952, 0.0 ] ] ] } },
{ "type": "Feature", "properties": { }, "geometry": { "type": "Polygon", "coordinates": [ [ [ 110.270029388000069, -7.766491777999931, 0.0 ], [ 110.269943926000053, -7.767354349999948, 0.0 ], [ 110.271930495000049, -7.767215525999973, 0.0 ], [ 110.271124367000084, -7.770422404999977, 0.0 ], [ 110.269250730000067, -7.772056956999961, 0.0 ], [ 110.271602548000033, -7.771940197999982, 0.0 ], [ 110.270950333000087, -7.773700360999953, 0.0 ], [ 110.273892290000049, -7.775688292999973, 0.0 ], [ 110.273694362000072, -7.779640021999967, 0.0 ], [ 110.281901703000074, -7.782229667999957, 0.0 ], [ 110.285537468000086, -7.780147767999949, 0.0 ], [ 110.287664285000062, -7.782364351999945, 0.0 ], [ 110.28651661400005, -7.783700262999957, 0.0 ], [ 110.284596334000071, -7.783073771999966, 0.0 ], [ 110.283539282000049, -7.785718685999939, 0.0 ], [ 110.279008091000037, -7.785596748999978, 0.0 ], [ 110.27504252600005, -7.793214577999947, 0.0 ], [ 110.273705899000049, -7.79261470199998, 0.0 ], [ 110.272986348000074, -7.79405518599998, 0.0 ], [ 110.270295901000054, -7.793255339999973, 0.0 ], [ 110.267946695000035, -7.795649135999952, 0.0 ], [ 110.265018038000051, -7.794022367999958, 0.0 ], [ 110.259466201000066, -7.79769975499994, 0.0 ], [ 110.25940470200004, -7.795966627999974, 0.0 ], [ 110.257533919000082, -7.795539912999971, 0.0 ], [ 110.257955609000078, -7.793553362999944, 0.0 ], [ 110.256572942000048, -7.793250797999974, 0.0 ], [ 110.256482447000053, -7.791381229999956, 0.0 ], [ 110.259404506000067, -7.789704682999968, 0.0 ], [ 110.257275952000043, -7.787964494999926, 0.0 ], [ 110.258515177000049, -7.787200175999942, 0.0 ], [ 110.257443188000082, -7.785278179999978, 0.0 ], [ 110.258593535000045, -7.785448289999977, 0.0 ], [ 110.258933402000082, -7.784040888999925, 0.0 ], [ 110.25858837800007, -7.771241510999971, 0.0 ], [ 110.259884297000042, -7.768220199999973, 0.0 ], [ 110.26258686400007, -7.76873231899998, 0.0 ], [ 110.265331310000079, -7.774934299999927, 0.0 ], [ 110.266517746000034, -7.775006038999948, 0.0 ], [ 110.266433499000073, -7.770888799999966, 0.0 ], [ 110.268179135000082, -7.770257427999979, 0.0 ], [ 110.268565495000075, -7.771691895999936, 0.0 ], [ 110.269823507000069, -7.767510080999955, 0.0 ], [ 110.268764520000047, -7.768092899999942, 0.0 ], [ 110.268584008000062, -7.766696854999964, 0.0 ], [ 110.270029388000069, -7.766491777999931, 0.0 ] ] ] } },
{ "type": "Feature", "properties": { }, "geometry": { "type": "Polygon", "coordinates": [ [ [ 110.482443318000037, -7.700159189999965, 0.0 ], [ 110.491074560000072, -7.738848183999949, 0.0 ], [ 110.489535740000065, -7.743273878999958, 0.0 ], [ 110.487256823000052, -7.743852870999945, 0.0 ], [ 110.489478931000065, -7.74955631499995, 0.0 ], [ 110.489537708000057, -7.753223198999933, 0.0 ], [ 110.485234215000048, -7.760243317999937, 0.0 ], [ 110.486853544000041, -7.764529625999955, 0.0 ], [ 110.483985420000067, -7.767755559999955, 0.0 ], [ 110.481741668000041, -7.768081583999958, 0.0 ], [ 110.479549206000058, -7.771269803999928, 0.0 ], [ 110.47509483500005, -7.769076171999927, 0.0 ], [ 110.475004091000073, -7.764128723999931, 0.0 ], [ 110.477411840000059, -7.758731892999947, 0.0 ], [ 110.476465178000069, -7.756790084999977, 0.0 ], [ 110.477941016000045, -7.755741532999934, 0.0 ], [ 110.477845775000048, -7.748498987999938, 0.0 ], [ 110.474586083000077, -7.747991358999968, 0.0 ], [ 110.473045776000049, -7.737895320999939, 0.0 ], [ 110.471418179000068, -7.734911954999973, 0.0 ], [ 110.472354149000068, -7.731643043999952, 0.0 ], [ 110.474756382000066, -7.731325581999954, 0.0 ], [ 110.47459043300006, -7.73465441899998, 0.0 ], [ 110.477177882000035, -7.734556847999954, 0.0 ], [ 110.479722648000063, -7.730261767999934, 0.0 ], [ 110.483638882000037, -7.732858218999979, 0.0 ], [ 110.483489187000089, -7.724366011999962, 0.0 ], [ 110.481775216000074, -7.720963090999931, 0.0 ], [ 110.482123110000089, -7.716218556999934, 0.0 ], [ 110.48070722500006, -7.71330745399996, 0.0 ], [ 110.482055263000063, -7.709781891999967, 0.0 ], [ 110.482443318000037, -7.700159189999965, 0.0 ] ] ] } },
{ "type": "Feature", "properties": { }, "geometry": { "type": "Polygon", "coordinates": [ [ [ 110.315980655000033, -7.679577246999941, 0.0 ], [ 110.307565798000041, -7.693701412999928, 0.0 ], [ 110.305001958000048, -7.695978556999933, 0.0 ], [ 110.303792454000074, -7.694254505999936, 0.0 ], [ 110.302903423000089, -7.69514081899996, 0.0 ], [ 110.302087560000075, -7.694220409999957, 0.0 ], [ 110.298552172000086, -7.696430543999952, 0.0 ], [ 110.299731719000079, -7.694671473999961, 0.0 ], [ 110.298805719000086, -7.693793966999976, 0.0 ], [ 110.297838725000076, -7.695374416999925, 0.0 ], [ 110.297037491000083, -7.69461629999995, 0.0 ], [ 110.298609707000082, -7.693099925999945, 0.0 ], [ 110.297110829000076, -7.69184288799994, 0.0 ], [ 110.295722955000087, -7.69417915899993, 0.0 ], [ 110.293559118000076, -7.693240665999951, 0.0 ], [ 110.292828385000064, -7.694157462999954, 0.0 ], [ 110.290776038000047, -7.691282262999948, 0.0 ], [ 110.288992415000052, -7.692100184999958, 0.0 ], [ 110.290581128000042, -7.69111059599993, 0.0 ], [ 110.289440976000037, -7.689185438999971, 0.0 ], [ 110.293149355000082, -7.686112143999935, 0.0 ], [ 110.292030415000056, -7.687675189999936, 0.0 ], [ 110.293821455000057, -7.686981963999926, 0.0 ], [ 110.294376724000074, -7.685491637999974, 0.0 ], [ 110.293158520000077, -7.68438236399993, 0.0 ], [ 110.295454060000054, -7.681468194999979, 0.0 ], [ 110.298899928000083, -7.68411447099993, 0.0 ], [ 110.304139282000051, -7.681655182999975, 0.0 ], [ 110.306476859000043, -7.67825922399993, 0.0 ], [ 110.308870360000071, -7.677764065999952, 0.0 ], [ 110.309926806000078, -7.67904563999997, 0.0 ], [ 110.313304956000081, -7.673554139999965, 0.0 ], [ 110.314068305000035, -7.673977670999932, 0.0 ], [ 110.311303982000084, -7.677331310999932, 0.0 ], [ 110.315980655000033, -7.679577246999941, 0.0 ] ] ] } },
{ "type": "Feature", "properties": { }, "geometry": { "type": "Polygon", "coordinates": [ [ [ 110.651498833000062, -7.793154615999981, 0.0 ], [ 110.654939368000043, -7.797850486999948, 0.0 ], [ 110.65477631300007, -7.801585044999968, 0.0 ], [ 110.656392997000069, -7.804492596999978, 0.0 ], [ 110.65767648700006, -7.804803036999942, 0.0 ], [ 110.662952086000075, -7.799073244999931, 0.0 ], [ 110.664445051000087, -7.799590566999939, 0.0 ], [ 110.662193150000064, -7.800794064999934, 0.0 ], [ 110.658581370000036, -7.808518417999949, 0.0 ], [ 110.661334109000052, -7.815769347999947, 0.0 ], [ 110.649200182000072, -7.822918912999967, 0.0 ], [ 110.649784602000068, -7.826450985999941, 0.0 ], [ 110.646394684000086, -7.826541680999981, 0.0 ], [ 110.640266303000033, -7.830762836999952, 0.0 ], [ 110.634580346000064, -7.830905419999965, 0.0 ], [ 110.631186280000065, -7.822323862999951, 0.0 ], [ 110.632969471000081, -7.819297357999972, 0.0 ], [ 110.629840265000041, -7.814943805999974, 0.0 ], [ 110.627666683000086, -7.813895781999975, 0.0 ], [ 110.627477934000069, -7.811508653999965, 0.0 ], [ 110.629388282000036, -7.810389851999958, 0.0 ], [ 110.627637464000088, -7.808899501999974, 0.0 ], [ 110.627441636000071, -7.805492080999954, 0.0 ], [ 110.621730623000076, -7.810403029999975, 0.0 ], [ 110.620672, -7.809726694999938, 0.0 ], [ 110.617767662000063, -7.812256593999962, 0.0 ], [ 110.614986299000066, -7.812342885999954, 0.0 ], [ 110.615242179000063, -7.809185358999969, 0.0 ], [ 110.617212026000061, -7.807914166999979, 0.0 ], [ 110.61677803200007, -7.805123126999945, 0.0 ], [ 110.619345713000087, -7.80346684999995, 0.0 ], [ 110.619318771000053, -7.802428557999974, 0.0 ], [ 110.61739840000007, -7.802098102999935, 0.0 ], [ 110.617803498000058, -7.800028388999976, 0.0 ], [ 110.618987462000064, -7.798888021999971, 0.0 ], [ 110.621460274000071, -7.799525199999948, 0.0 ], [ 110.625785867000047, -7.803186575999973, 0.0 ], [ 110.630444, -7.797694, 0.0 ], [ 110.633491678000041, -7.798014938999927, 0.0 ], [ 110.632267360000071, -7.800920814999927, 0.0 ], [ 110.639330002000065, -7.799971575999962, 0.0 ], [ 110.645611, -7.796389, 0.0 ], [ 110.649440373000061, -7.792583374999936, 0.0 ], [ 110.651498833000062, -7.793154615999981, 0.0 ] ] ] } },
{ "type": "Feature", "properties": { }, "geometry": { "type": "Polygon", "coordinates": [ [ [ 110.46029978100006, -7.811565103999953, 0.0 ], [ 110.461094087000049, -7.816005613999948, 0.0 ], [ 110.458040471000061, -7.822312660999955, 0.0 ], [ 110.453704766000044, -7.822061877999943, 0.0 ], [ 110.45395796400004, -7.820389463999959, 0.0 ], [ 110.452636579000057, -7.824620096999979, 0.0 ], [ 110.444871746000047, -7.822463270999947, 0.0 ], [ 110.443488635000051, -7.82601028299996, 0.0 ], [ 110.444271467000078, -7.82833713399998, 0.0 ], [ 110.438042015000065, -7.826686952999978, 0.0 ], [ 110.438114674000076, -7.821037628999932, 0.0 ], [ 110.439303780000046, -7.819225643999971, 0.0 ], [ 110.438512500000058, -7.818715665999946, 0.0 ], [ 110.440862223000067, -7.815848395999978, 0.0 ], [ 110.439858488000084, -7.813133497999956, 0.0 ], [ 110.440998170000057, -7.812299765999967, 0.0 ], [ 110.439739352000061, -7.80804395399997, 0.0 ], [ 110.437865880000061, -7.806528964999927, 0.0 ], [ 110.439812993000089, -7.800187765999965, 0.0 ], [ 110.438732909000066, -7.798099956999977, 0.0 ], [ 110.439253519000033, -7.795308846999944, 0.0 ], [ 110.43769304500006, -7.793539918999954, 0.0 ], [ 110.440284659000042, -7.791194275999942, 0.0 ], [ 110.439702508000039, -7.789970452999967, 0.0 ], [ 110.44087595600007, -7.790109468999958, 0.0 ], [ 110.439416752000056, -7.787447502999953, 0.0 ], [ 110.441970709000088, -7.784673836999957, 0.0 ], [ 110.448967098000082, -7.782455471999981, 0.0 ], [ 110.446959777000075, -7.79214653899993, 0.0 ], [ 110.445854892000057, -7.792787681999926, 0.0 ], [ 110.444896745000051, -7.791754814999933, 0.0 ], [ 110.442855826000084, -7.797031774999937, 0.0 ], [ 110.44344274000008, -7.799622001999978, 0.0 ], [ 110.446235105000085, -7.801134661999981, 0.0 ], [ 110.444329512000081, -7.801609925999969, 0.0 ], [ 110.445849202000034, -7.80313229199993, 0.0 ], [ 110.444830030000048, -7.805998835999958, 0.0 ], [ 110.446858459000055, -7.80629817099998, 0.0 ], [ 110.447469993000084, -7.809633751999968, 0.0 ], [ 110.450716095000075, -7.808113186999947, 0.0 ], [ 110.45762813500005, -7.810397147999936, 0.0 ], [ 110.457083496000052, -7.81183464999998, 0.0 ], [ 110.46029978100006, -7.811565103999953, 0.0 ] ] ] } },
{ "type": "Feature", "properties": { }, "geometry": { "type": "Polygon", "coordinates": [ [ [ 110.558179550000034, -7.816841192999959, 0.0 ], [ 110.562548952000043, -7.817337446999943, 0.0 ], [ 110.564185699000063, -7.819172137999942, 0.0 ], [ 110.563828179000041, -7.821216804999949, 0.0 ], [ 110.570396109000058, -7.825473108999972, 0.0 ], [ 110.568740097000045, -7.829878879999967, 0.0 ], [ 110.561191226000062, -7.836871290999966, 0.0 ], [ 110.555869528000073, -7.838102535999951, 0.0 ], [ 110.554829081000037, -7.840283363999959, 0.0 ], [ 110.552509468000039, -7.839646, 0.0 ], [ 110.549090485000079, -7.840866817999938, 0.0 ], [ 110.541208016000041, -7.839276826999935, 0.0 ], [ 110.541889654000045, -7.830327147999981, 0.0 ], [ 110.540327735000062, -7.823929411999927, 0.0 ], [ 110.542363791000071, -7.823447249999958, 0.0 ], [ 110.54405786500007, -7.820624075999945, 0.0 ], [ 110.549583391000056, -7.821447431999957, 0.0 ], [ 110.551874080000061, -7.816131645999974, 0.0 ], [ 110.556219008000085, -7.818280409999943, 0.0 ], [ 110.558179550000034, -7.816841192999959, 0.0 ] ] ] } },
{ "type": "Feature", "properties": { }, "geometry": { "type": "Polygon", "coordinates": [ [ [ 110.318098216000067, -7.730536338999968, 0.0 ], [ 110.317753573000061, -7.733107589999975, 0.0 ], [ 110.320006239000065, -7.733819265999955, 0.0 ], [ 110.319736686000056, -7.735482863999948, 0.0 ], [ 110.324145644000055, -7.73846631899994, 0.0 ], [ 110.324771031000068, -7.735607009999967, 0.0 ], [ 110.326290316000041, -7.734804998999948, 0.0 ], [ 110.330134229000066, -7.737611511999944, 0.0 ], [ 110.33091137100007, -7.73683486699997, 0.0 ], [ 110.330568766000056, -7.738122526999973, 0.0 ], [ 110.334241779000081, -7.741926297999953, 0.0 ], [ 110.332502626000064, -7.742372714999931, 0.0 ], [ 110.330839688000083, -7.74658577799994, 0.0 ], [ 110.332549173000075, -7.746892748999926, 0.0 ], [ 110.332255277000058, -7.748431181999933, 0.0 ], [ 110.337111862000086, -7.750336, 0.0 ], [ 110.333588427000052, -7.751855030999934, 0.0 ], [ 110.333994309000047, -7.754067746999965, 0.0 ], [ 110.332581881000067, -7.757564654999953, 0.0 ], [ 110.330460769000069, -7.757603633999963, 0.0 ], [ 110.328993808000064, -7.764536074999967, 0.0 ], [ 110.327267821000078, -7.764228460999959, 0.0 ], [ 110.32742182700008, -7.761881586999948, 0.0 ], [ 110.324537840000062, -7.76365808099996, 0.0 ], [ 110.32217348100005, -7.75821491499994, 0.0 ], [ 110.322279492000064, -7.755426101999944, 0.0 ], [ 110.324662387000046, -7.752006348999942, 0.0 ], [ 110.323741557000062, -7.745731859999978, 0.0 ], [ 110.324544525000078, -7.744483849999938, 0.0 ], [ 110.323729065000066, -7.745447415999934, 0.0 ], [ 110.323133624000036, -7.743911111999978, 0.0 ], [ 110.322325199000034, -7.74544971399996, 0.0 ], [ 110.318054701000051, -7.744731865999938, 0.0 ], [ 110.318053220000081, -7.74617466199993, 0.0 ], [ 110.311961540000084, -7.744544605999977, 0.0 ], [ 110.30869208200005, -7.746697223999945, 0.0 ], [ 110.308556898000063, -7.744918134999978, 0.0 ], [ 110.307578689000081, -7.744908321999958, 0.0 ], [ 110.308214024000051, -7.741756228999975, 0.0 ], [ 110.305100466000056, -7.74120150899995, 0.0 ], [ 110.304525610000042, -7.739845128999946, 0.0 ], [ 110.30525881300008, -7.735784832999968, 0.0 ], [ 110.306964443000084, -7.73699950699995, 0.0 ], [ 110.30704111600005, -7.738739130999932, 0.0 ], [ 110.308229248000089, -7.735881562999964, 0.0 ], [ 110.309227048000082, -7.736170133999963, 0.0 ], [ 110.308608079000066, -7.738209372999961, 0.0 ], [ 110.310175192000088, -7.738691122999967, 0.0 ], [ 110.318098216000067, -7.730536338999968, 0.0 ] ] ] } },
{ "type": "Feature", "properties": { }, "geometry": { "type": "Polygon", "coordinates": [ [ [ 110.470598307000046, -7.733049593999965, 0.0 ], [ 110.473045776000049, -7.737895320999939, 0.0 ], [ 110.474586083000077, -7.747991358999968, 0.0 ], [ 110.477845775000048, -7.748498987999938, 0.0 ], [ 110.477941016000045, -7.755741532999934, 0.0 ], [ 110.476465178000069, -7.756790084999977, 0.0 ], [ 110.477411840000059, -7.758731892999947, 0.0 ], [ 110.474964876000058, -7.764383918999954, 0.0 ], [ 110.475333846000069, -7.769707452999967, 0.0 ], [ 110.477379656000039, -7.770109011999978, 0.0 ], [ 110.477292271000067, -7.773912475999964, 0.0 ], [ 110.472152565000044, -7.776480743999969, 0.0 ], [ 110.472369847000039, -7.779342089999943, 0.0 ], [ 110.469378170000084, -7.779555409999944, 0.0 ], [ 110.470026854000082, -7.781213735999927, 0.0 ], [ 110.468819256000074, -7.784282464999933, 0.0 ], [ 110.466638055000033, -7.784112510999933, 0.0 ], [ 110.466609823000056, -7.785551984999927, 0.0 ], [ 110.465064794000057, -7.784178793999956, 0.0 ], [ 110.463881750000041, -7.78491134099994, 0.0 ], [ 110.463972528000056, -7.783092881999949, 0.0 ], [ 110.459647287000053, -7.782234459999927, 0.0 ], [ 110.460965222000084, -7.778479138999955, 0.0 ], [ 110.458124846000032, -7.778326754999966, 0.0 ], [ 110.457780347000039, -7.779632346999961, 0.0 ], [ 110.456711410000082, -7.780193345999976, 0.0 ], [ 110.459307059000082, -7.775929893999944, 0.0 ], [ 110.459848743000066, -7.770179061999954, 0.0 ], [ 110.462408119000088, -7.768626561999952, 0.0 ], [ 110.463058559000046, -7.762881943999957, 0.0 ], [ 110.464986789000079, -7.761005542999953, 0.0 ], [ 110.463813524000045, -7.754712048999977, 0.0 ], [ 110.46525932600008, -7.753111052999941, 0.0 ], [ 110.465120804000037, -7.749077102999934, 0.0 ], [ 110.462563163000084, -7.747480374999952, 0.0 ], [ 110.463390842000081, -7.739951079999969, 0.0 ], [ 110.46186076400005, -7.738883055999963, 0.0 ], [ 110.464054648000058, -7.738383300999942, 0.0 ], [ 110.462354211000047, -7.737929872999928, 0.0 ], [ 110.462545618000036, -7.734502051999925, 0.0 ], [ 110.46531236800007, -7.732843566999975, 0.0 ], [ 110.466748213000074, -7.734394499999951, 0.0 ], [ 110.470598307000046, -7.733049593999965, 0.0 ] ] ] } },
{ "type": "Feature", "properties": { }, "geometry": { "type": "Polygon", "coordinates": [ [ [ 110.348623196000062, -7.720648187999927, 0.0 ], [ 110.349764141000037, -7.723455839999929, 0.0 ], [ 110.351913981000052, -7.725660386999948, 0.0 ], [ 110.350415670000075, -7.734606182999926, 0.0 ], [ 110.345052971000086, -7.738921345999927, 0.0 ], [ 110.345309515000054, -7.74268940099995, 0.0 ], [ 110.339939076000064, -7.743654167999978, 0.0 ], [ 110.340315545000067, -7.746525710999947, 0.0 ], [ 110.337825394000049, -7.746576817999937, 0.0 ], [ 110.336760576000074, -7.749614680999969, 0.0 ], [ 110.332255277000058, -7.748431181999933, 0.0 ], [ 110.332549173000075, -7.746892748999926, 0.0 ], [ 110.33083709400006, -7.746533288999956, 0.0 ], [ 110.332502626000064, -7.742372714999931, 0.0 ], [ 110.33412346700004, -7.741373092999936, 0.0 ], [ 110.330568766000056, -7.738122526999973, 0.0 ], [ 110.33091137100007, -7.73683486699997, 0.0 ], [ 110.330134229000066, -7.737611511999944, 0.0 ], [ 110.327357070000062, -7.73566171899995, 0.0 ], [ 110.32755386000008, -7.733738820999974, 0.0 ], [ 110.329851189000067, -7.730573736999929, 0.0 ], [ 110.332096002000071, -7.73154445299997, 0.0 ], [ 110.332347743000071, -7.729369443999929, 0.0 ], [ 110.333541805000038, -7.729855929999928, 0.0 ], [ 110.332971523000083, -7.731772873999944, 0.0 ], [ 110.333929481000041, -7.73202551299994, 0.0 ], [ 110.334634254000036, -7.730116853999959, 0.0 ], [ 110.337427079000065, -7.731242270999928, 0.0 ], [ 110.338769907000085, -7.728430018999973, 0.0 ], [ 110.33835220800006, -7.724012192999965, 0.0 ], [ 110.339828086000068, -7.724234879999926, 0.0 ], [ 110.340680740000039, -7.722201998999935, 0.0 ], [ 110.338504389000036, -7.721024779999937, 0.0 ], [ 110.338463506000039, -7.719543933999944, 0.0 ], [ 110.34243794300005, -7.717706862999933, 0.0 ], [ 110.343465988000048, -7.714167165999982, 0.0 ], [ 110.343651403000081, -7.719550310999978, 0.0 ], [ 110.344968253000047, -7.719619013999932, 0.0 ], [ 110.344323756000051, -7.721391797999956, 0.0 ], [ 110.346227464000037, -7.722394960999964, 0.0 ], [ 110.348623196000062, -7.720648187999927, 0.0 ] ] ] } },
{ "type": "Feature", "properties": { }, "geometry": { "type": "Polygon", "coordinates": [ [ [ 110.358005761000072, -7.695863065999959, 0.0 ], [ 110.356528611000044, -7.700748734999934, 0.0 ], [ 110.360162603000049, -7.702541125999971, 0.0 ], [ 110.356082169000047, -7.710142770999937, 0.0 ], [ 110.358828783000035, -7.712823024999977, 0.0 ], [ 110.359240531000069, -7.71137558099997, 0.0 ], [ 110.362761735000049, -7.709838493999939, 0.0 ], [ 110.362003821000087, -7.719118013999946, 0.0 ], [ 110.363890634000086, -7.71824570299998, 0.0 ], [ 110.366591390000053, -7.719238453999935, 0.0 ], [ 110.363996626000073, -7.725316560999943, 0.0 ], [ 110.358146119000082, -7.723337432999926, 0.0 ], [ 110.355418913000051, -7.729106927999965, 0.0 ], [ 110.352093611000043, -7.726329469999939, 0.0 ], [ 110.355656699000065, -7.723005772999954, 0.0 ], [ 110.355633087000058, -7.721963137999978, 0.0 ], [ 110.351229884000077, -7.722149509999952, 0.0 ], [ 110.348623196000062, -7.720648187999927, 0.0 ], [ 110.346227464000037, -7.722394960999964, 0.0 ], [ 110.344624131000046, -7.721685663999949, 0.0 ], [ 110.344968253000047, -7.719619013999932, 0.0 ], [ 110.343651403000081, -7.719550310999978, 0.0 ], [ 110.344273962000045, -7.714452523999967, 0.0 ], [ 110.339867003000052, -7.712055798999927, 0.0 ], [ 110.339437591000035, -7.708052386999952, 0.0 ], [ 110.339800707000052, -7.707032927999933, 0.0 ], [ 110.34454271900006, -7.706645715999969, 0.0 ], [ 110.347240271000089, -7.708245414999965, 0.0 ], [ 110.348339553000073, -7.701402768999969, 0.0 ], [ 110.347530549000055, -7.699162688999934, 0.0 ], [ 110.349729656000079, -7.69769510499998, 0.0 ], [ 110.351818508000065, -7.698373495999931, 0.0 ], [ 110.352404343000046, -7.697135954999965, 0.0 ], [ 110.353897001000064, -7.699073747999932, 0.0 ], [ 110.356480265000073, -7.699178272999973, 0.0 ], [ 110.358005761000072, -7.695863065999959, 0.0 ] ] ] } },
{ "type": "Feature", "properties": { }, "geometry": { "type": "Polygon", "coordinates": [ [ [ 110.354870947000052, -7.742278790999933, 0.0 ], [ 110.352070242000082, -7.74953566399995, 0.0 ], [ 110.354100799000037, -7.74874381099994, 0.0 ], [ 110.354074794000041, -7.750004860999979, 0.0 ], [ 110.352179471000056, -7.751191007999978, 0.0 ], [ 110.353581589000044, -7.751655537999966, 0.0 ], [ 110.35270861500004, -7.753605894999964, 0.0 ], [ 110.350484922000078, -7.753456430999961, 0.0 ], [ 110.349921639000058, -7.755641454999932, 0.0 ], [ 110.350088138000046, -7.75699887899998, 0.0 ], [ 110.353156590000083, -7.754714829999955, 0.0 ], [ 110.352607460000058, -7.759217127999932, 0.0 ], [ 110.350975293000033, -7.759556937999946, 0.0 ], [ 110.351008292000074, -7.765520125999956, 0.0 ], [ 110.352888699000061, -7.767140728999948, 0.0 ], [ 110.353445493000038, -7.771876807999945, 0.0 ], [ 110.352192763000062, -7.771968677999951, 0.0 ], [ 110.351378171000079, -7.768145956999945, 0.0 ], [ 110.348888169000077, -7.76772630399995, 0.0 ], [ 110.345145043000059, -7.772532798999976, 0.0 ], [ 110.343176953000068, -7.770410844999958, 0.0 ], [ 110.343479840000043, -7.769205214999943, 0.0 ], [ 110.340304055000047, -7.768322187999956, 0.0 ], [ 110.341111973000068, -7.766078925999977, 0.0 ], [ 110.339665655000033, -7.76550177699994, 0.0 ], [ 110.339952117000053, -7.764477563999947, 0.0 ], [ 110.342221646000041, -7.764008994999926, 0.0 ], [ 110.339434879000066, -7.76359795299993, 0.0 ], [ 110.338239528000088, -7.764720628999953, 0.0 ], [ 110.338897873000064, -7.759199811999963, 0.0 ], [ 110.337735811000073, -7.75879322399993, 0.0 ], [ 110.337039501000049, -7.760830901999952, 0.0 ], [ 110.335194783000077, -7.761567244999981, 0.0 ], [ 110.335922353000058, -7.758562035999944, 0.0 ], [ 110.332316546000072, -7.756628648999936, 0.0 ], [ 110.33408808300004, -7.753750035999929, 0.0 ], [ 110.333588427000052, -7.751855030999934, 0.0 ], [ 110.336866975000078, -7.750827192999964, 0.0 ], [ 110.336380551000047, -7.748667668999929, 0.0 ], [ 110.337825394000049, -7.746576817999937, 0.0 ], [ 110.340315545000067, -7.746525710999947, 0.0 ], [ 110.339939076000064, -7.743654167999978, 0.0 ], [ 110.345309515000054, -7.74268940099995, 0.0 ], [ 110.345052971000086, -7.738921345999927, 0.0 ], [ 110.349000887000045, -7.735665884999946, 0.0 ], [ 110.354689148000034, -7.73947927699993, 0.0 ], [ 110.354870947000052, -7.742278790999933, 0.0 ] ] ] } },
{ "type": "Feature", "properties": { }, "geometry": { "type": "Polygon", "coordinates": [ [ [ 110.352372556000034, -7.688850690999971, 0.0 ], [ 110.351818508000065, -7.698373495999931, 0.0 ], [ 110.349935934000086, -7.697622644999967, 0.0 ], [ 110.347530549000055, -7.699162688999934, 0.0 ], [ 110.348339553000073, -7.701402768999969, 0.0 ], [ 110.347240271000089, -7.708245414999965, 0.0 ], [ 110.34454271900006, -7.706645715999969, 0.0 ], [ 110.338792970000043, -7.706760583999937, 0.0 ], [ 110.336534966000045, -7.708594481999967, 0.0 ], [ 110.334522840000034, -7.707333546999962, 0.0 ], [ 110.333392253000056, -7.711912905999952, 0.0 ], [ 110.334611672000051, -7.713284166999927, 0.0 ], [ 110.331058976000065, -7.711802818999956, 0.0 ], [ 110.334639510000045, -7.701206773999957, 0.0 ], [ 110.33169489800008, -7.70021793199993, 0.0 ], [ 110.334115156000053, -7.699713476999932, 0.0 ], [ 110.335005120000062, -7.694906360999937, 0.0 ], [ 110.336609154000087, -7.694267461999971, 0.0 ], [ 110.338407431000064, -7.689573210999981, 0.0 ], [ 110.341783115000055, -7.687569382999925, 0.0 ], [ 110.338150652000081, -7.678891078999925, 0.0 ], [ 110.34235116900004, -7.676786061999962, 0.0 ], [ 110.340127376000055, -7.675963704999958, 0.0 ], [ 110.341095068000072, -7.672669723999945, 0.0 ], [ 110.353403941000067, -7.678483159999928, 0.0 ], [ 110.352213543000062, -7.68092410099996, 0.0 ], [ 110.353723322000064, -7.678878813999972, 0.0 ], [ 110.354648862000033, -7.679332934999934, 0.0 ], [ 110.352372556000034, -7.688850690999971, 0.0 ] ] ] } },
{ "type": "Feature", "properties": { }, "geometry": { "type": "Polygon", "coordinates": [ [ [ 110.357855175000054, -7.662556668999969, 0.0 ], [ 110.355699100000038, -7.666695516999937, 0.0 ], [ 110.356026180000072, -7.668413535999946, 0.0 ], [ 110.35712959500006, -7.66904842699995, 0.0 ], [ 110.357856406000053, -7.667883421999932, 0.0 ], [ 110.360192194000035, -7.669197143999952, 0.0 ], [ 110.361027911000065, -7.667669337999939, 0.0 ], [ 110.363785875000076, -7.667921829999955, 0.0 ], [ 110.364135829000077, -7.670311162999951, 0.0 ], [ 110.365792893000048, -7.671713948999979, 0.0 ], [ 110.369776607000063, -7.670170159999941, 0.0 ], [ 110.371489692000068, -7.67033741299997, 0.0 ], [ 110.37169390300005, -7.671846166999956, 0.0 ], [ 110.369616190000045, -7.672218954999948, 0.0 ], [ 110.369671714000049, -7.674816359999966, 0.0 ], [ 110.364722571000073, -7.67911288199997, 0.0 ], [ 110.362494221000077, -7.68555084299993, 0.0 ], [ 110.362072129000069, -7.694780442999956, 0.0 ], [ 110.360578837000048, -7.697801219999974, 0.0 ], [ 110.357481195000048, -7.700135632999945, 0.0 ], [ 110.358243451000078, -7.695938900999977, 0.0 ], [ 110.356480265000073, -7.699178272999973, 0.0 ], [ 110.353897001000064, -7.699073747999932, 0.0 ], [ 110.352404343000046, -7.697135954999965, 0.0 ], [ 110.352372556000034, -7.688850690999971, 0.0 ], [ 110.354648862000033, -7.679332934999934, 0.0 ], [ 110.353723322000064, -7.678878813999972, 0.0 ], [ 110.352213543000062, -7.68092410099996, 0.0 ], [ 110.353403941000067, -7.678483159999928, 0.0 ], [ 110.341095068000072, -7.672669723999945, 0.0 ], [ 110.339150392000079, -7.677019614999949, 0.0 ], [ 110.341169038000089, -7.668790280999929, 0.0 ], [ 110.343633374000035, -7.664163808999945, 0.0 ], [ 110.352937586000053, -7.668536939999967, 0.0 ], [ 110.354767561000074, -7.666510007999932, 0.0 ], [ 110.355177531000038, -7.663093302999926, 0.0 ], [ 110.357855175000054, -7.662556668999969, 0.0 ] ] ] } },
{ "type": "Feature", "properties": { }, "geometry": { "type": "Polygon", "coordinates": [ [ [ 110.445059553000078, -7.569070691999968, 0.0 ], [ 110.444650319000061, -7.574915693999969, 0.0 ], [ 110.442984695000064, -7.576590833999944, 0.0 ], [ 110.444738740000048, -7.584519084999954, 0.0 ], [ 110.442481566000083, -7.595977576999928, 0.0 ], [ 110.444166436000046, -7.602875307999966, 0.0 ], [ 110.443814204000034, -7.607685929999946, 0.0 ], [ 110.445565521000049, -7.612650090999978, 0.0 ], [ 110.443623311000067, -7.618537230999948, 0.0 ], [ 110.445963761000087, -7.627236892999974, 0.0 ], [ 110.446431573000041, -7.640193076999935, 0.0 ], [ 110.445545837000054, -7.641046241999959, 0.0 ], [ 110.442703418000065, -7.640013129999943, 0.0 ], [ 110.441492551000067, -7.628749642999935, 0.0 ], [ 110.437998459000084, -7.626683525999965, 0.0 ], [ 110.437846895000064, -7.629255484999931, 0.0 ], [ 110.43583211300006, -7.631847381999933, 0.0 ], [ 110.436246006000033, -7.635342074999926, 0.0 ], [ 110.430627652000055, -7.635178894999967, 0.0 ], [ 110.432496606000086, -7.64061980699995, 0.0 ], [ 110.430113858000084, -7.646882074999951, 0.0 ], [ 110.42827326400004, -7.645279548999952, 0.0 ], [ 110.428516982000076, -7.639751881999928, 0.0 ], [ 110.426367070000083, -7.637512793999974, 0.0 ], [ 110.427762190000067, -7.634127600999932, 0.0 ], [ 110.426999935000083, -7.62568411999996, 0.0 ], [ 110.428112012000042, -7.61905023099996, 0.0 ], [ 110.430345478000049, -7.615350228999944, 0.0 ], [ 110.429054142000041, -7.61154081199993, 0.0 ], [ 110.43124326800006, -7.606158156999925, 0.0 ], [ 110.433525440000039, -7.605087334999951, 0.0 ], [ 110.438132394000036, -7.598333773999968, 0.0 ], [ 110.438180920000036, -7.595831175999933, 0.0 ], [ 110.441643667000051, -7.590405566999948, 0.0 ], [ 110.439473869000039, -7.587241576999929, 0.0 ], [ 110.440081273000033, -7.586191300999928, 0.0 ], [ 110.437415365000049, -7.583437830999969, 0.0 ], [ 110.437125966000053, -7.57850611899994, 0.0 ], [ 110.435090954000088, -7.575026052999931, 0.0 ], [ 110.436035926000045, -7.572465799999975, 0.0 ], [ 110.438364734000061, -7.571487365999928, 0.0 ], [ 110.441248641000072, -7.567080604999944, 0.0 ], [ 110.441655012000069, -7.561821090999956, 0.0 ], [ 110.445059553000078, -7.569070691999968, 0.0 ] ] ] } },
{ "type": "Feature", "properties": { }, "geometry": { "type": "Polygon", "coordinates": [ [ [ 110.430573064000043, -7.667991824999945, 0.0 ], [ 110.430223223000041, -7.671058929999958, 0.0 ], [ 110.431599946000063, -7.673301310999932, 0.0 ], [ 110.436174862000087, -7.673029671999927, 0.0 ], [ 110.438103360000071, -7.67451661299998, 0.0 ], [ 110.441817855000068, -7.674606884999946, 0.0 ], [ 110.441819354000074, -7.678383480999969, 0.0 ], [ 110.438835561000076, -7.678431234999948, 0.0 ], [ 110.439448389000063, -7.681906397999967, 0.0 ], [ 110.437959919000036, -7.682201901999974, 0.0 ], [ 110.439010446000054, -7.686298886999964, 0.0 ], [ 110.440246917000081, -7.686069152999949, 0.0 ], [ 110.442143120000082, -7.689588083999979, 0.0 ], [ 110.444334432000062, -7.697111828999937, 0.0 ], [ 110.444187664000083, -7.69961712199995, 0.0 ], [ 110.44243232000008, -7.699629407999964, 0.0 ], [ 110.44271483600005, -7.704009842999938, 0.0 ], [ 110.442083935000085, -7.70286337999994, 0.0 ], [ 110.439734645000044, -7.702831033999928, 0.0 ], [ 110.439198305000048, -7.700487695999925, 0.0 ], [ 110.437930645000051, -7.700516980999964, 0.0 ], [ 110.439408608000065, -7.699865102999979, 0.0 ], [ 110.434429151000074, -7.686463357999969, 0.0 ], [ 110.43080707300004, -7.686594915999933, 0.0 ], [ 110.429852658000073, -7.690090773999941, 0.0 ], [ 110.428838509000059, -7.689988962999962, 0.0 ], [ 110.42729780600007, -7.685587226999928, 0.0 ], [ 110.424451943000065, -7.685337047999951, 0.0 ], [ 110.422502823000059, -7.69301261499993, 0.0 ], [ 110.419896951000055, -7.691934639999943, 0.0 ], [ 110.415996276000044, -7.693240160999949, 0.0 ], [ 110.41325940300004, -7.688366207999934, 0.0 ], [ 110.408834312000067, -7.68694981799996, 0.0 ], [ 110.412901605000059, -7.677519897999957, 0.0 ], [ 110.415473028000065, -7.676338749999957, 0.0 ], [ 110.416408815000068, -7.668630438999969, 0.0 ], [ 110.42185180000007, -7.671154634999937, 0.0 ], [ 110.421410605000062, -7.67543818799993, 0.0 ], [ 110.422266447000084, -7.675486939999928, 0.0 ], [ 110.424971882000079, -7.675094876999935, 0.0 ], [ 110.424911082000051, -7.671515746999944, 0.0 ], [ 110.425651361000064, -7.673227419999932, 0.0 ], [ 110.428246228000035, -7.672992869999973, 0.0 ], [ 110.426765224000064, -7.669890837999958, 0.0 ], [ 110.428270758000053, -7.668021499999952, 0.0 ], [ 110.430573064000043, -7.667991824999945, 0.0 ] ] ] } },
{ "type": "Feature", "properties": { }, "geometry": { "type": "Polygon", "coordinates": [ [ [ 110.578246291000085, -7.977788788999931, 0.0 ], [ 110.585914398000057, -7.98476753999995, 0.0 ], [ 110.583561231000033, -8.000536402999955, 0.0 ], [ 110.583448977000046, -8.003658512999948, 0.0 ], [ 110.585069281000074, -8.004606506999949, 0.0 ], [ 110.58063383700005, -8.006097380999961, 0.0 ], [ 110.578081012000041, -8.002324746999932, 0.0 ], [ 110.571978174000037, -8.002513782999927, 0.0 ], [ 110.572314350000056, -7.999163348999957, 0.0 ], [ 110.571317529000055, -7.997127150999972, 0.0 ], [ 110.569934490000037, -7.997069764999935, 0.0 ], [ 110.570642150000083, -7.995636274999981, 0.0 ], [ 110.569312482000043, -7.994716970999946, 0.0 ], [ 110.566818090000083, -7.993588713999941, 0.0 ], [ 110.564662078000083, -7.99616967299994, 0.0 ], [ 110.560783751000088, -7.99555679599996, 0.0 ], [ 110.559849703000054, -7.993432273999929, 0.0 ], [ 110.557673516000079, -7.992952229999958, 0.0 ], [ 110.561341024000058, -7.990119695999965, 0.0 ], [ 110.560123700000076, -7.990034054999967, 0.0 ], [ 110.560035034000066, -7.988522291999971, 0.0 ], [ 110.558443606000083, -7.988676219999945, 0.0 ], [ 110.558272827000053, -7.986295605999942, 0.0 ], [ 110.556339542000046, -7.988763869999957, 0.0 ], [ 110.555385188000059, -7.98740116099998, 0.0 ], [ 110.558363530000065, -7.984136368999941, 0.0 ], [ 110.559416654000074, -7.984462552999958, 0.0 ], [ 110.558903404000034, -7.983589584999947, 0.0 ], [ 110.556986127000073, -7.984446003999949, 0.0 ], [ 110.556571526000084, -7.983032690999948, 0.0 ], [ 110.560370951000039, -7.982679942999937, 0.0 ], [ 110.56031254700008, -7.980312410999943, 0.0 ], [ 110.572621041000048, -7.976890356999945, 0.0 ], [ 110.578246291000085, -7.977788788999931, 0.0 ] ] ] } },
{ "type": "Feature", "properties": { }, "geometry": { "type": "Polygon", "coordinates": [ [ [ 110.610452934000079, -7.798234002999948, 0.0 ], [ 110.616001882000035, -7.801932889999932, 0.0 ], [ 110.617922047000036, -7.799820718999968, 0.0 ], [ 110.61739840000007, -7.802098102999935, 0.0 ], [ 110.619400789000053, -7.802931975999968, 0.0 ], [ 110.617846535000069, -7.805315379999968, 0.0 ], [ 110.61677803200007, -7.805123126999945, 0.0 ], [ 110.617233266000085, -7.807812843999955, 0.0 ], [ 110.615187942000034, -7.809299013999976, 0.0 ], [ 110.615344856000036, -7.812888039999962, 0.0 ], [ 110.609540062000065, -7.816414972999951, 0.0 ], [ 110.609686373000045, -7.819998625999972, 0.0 ], [ 110.604453855000088, -7.822287213999971, 0.0 ], [ 110.600320509000085, -7.819648750999932, 0.0 ], [ 110.593654510000079, -7.820906946999969, 0.0 ], [ 110.591732492000062, -7.818821190999927, 0.0 ], [ 110.576930972000071, -7.819514741999967, 0.0 ], [ 110.57695237300004, -7.812440097999968, 0.0 ], [ 110.580361234000065, -7.810123656999963, 0.0 ], [ 110.580972840000072, -7.806628390999947, 0.0 ], [ 110.583449234000057, -7.804029198999956, 0.0 ], [ 110.586078235000059, -7.802666246999934, 0.0 ], [ 110.587915441000064, -7.804703505999953, 0.0 ], [ 110.585823657000049, -7.808582719999947, 0.0 ], [ 110.594484668000064, -7.806183314999942, 0.0 ], [ 110.599980233000053, -7.806763623999927, 0.0 ], [ 110.600878272000045, -7.804789219999975, 0.0 ], [ 110.598851309000054, -7.799849651999978, 0.0 ], [ 110.604297090000046, -7.798265924999953, 0.0 ], [ 110.610452934000079, -7.798234002999948, 0.0 ] ] ] } },
{ "type": "Feature", "properties": { }, "geometry": { "type": "Polygon", "coordinates": [ [ [ 110.440584039000044, -7.713139225999953, 0.0 ], [ 110.440505753000082, -7.727619340999979, 0.0 ], [ 110.441405200000077, -7.731580231999942, 0.0 ], [ 110.443152910000038, -7.732205720999957, 0.0 ], [ 110.444244943000058, -7.73509676599997, 0.0 ], [ 110.443521689000079, -7.737105240999938, 0.0 ], [ 110.445055407000041, -7.738683573999936, 0.0 ], [ 110.445267763000061, -7.744759950999935, 0.0 ], [ 110.447008587000084, -7.746427788999938, 0.0 ], [ 110.439895795000041, -7.745272110999963, 0.0 ], [ 110.438540320000072, -7.743858646999968, 0.0 ], [ 110.438080066000055, -7.744889097999931, 0.0 ], [ 110.436655794000046, -7.744362053999964, 0.0 ], [ 110.438532044000056, -7.74159657499996, 0.0 ], [ 110.43477899700008, -7.741480802999945, 0.0 ], [ 110.435709857000063, -7.742534772999932, 0.0 ], [ 110.435293913000066, -7.745932387999972, 0.0 ], [ 110.432168847000071, -7.74597500699997, 0.0 ], [ 110.432662233000087, -7.750151780999943, 0.0 ], [ 110.428323695000074, -7.751489721999974, 0.0 ], [ 110.427678289000085, -7.753123225999957, 0.0 ], [ 110.419591276000062, -7.752056850999963, 0.0 ], [ 110.419646362000037, -7.746431842999925, 0.0 ], [ 110.416773860000035, -7.745525971999939, 0.0 ], [ 110.416110323000055, -7.74744199099996, 0.0 ], [ 110.417102509000074, -7.749431277999975, 0.0 ], [ 110.415413122000075, -7.755712780999943, 0.0 ], [ 110.414952417000052, -7.756486957999925, 0.0 ], [ 110.414063264000049, -7.755019717999971, 0.0 ], [ 110.413187565000044, -7.755976785999962, 0.0 ], [ 110.414483148000045, -7.752870272999928, 0.0 ], [ 110.412485126000036, -7.752310273999967, 0.0 ], [ 110.412213597000061, -7.749418925999976, 0.0 ], [ 110.408611614000051, -7.747218578999934, 0.0 ], [ 110.410038959000076, -7.739931142999978, 0.0 ], [ 110.408500694000054, -7.737795401999961, 0.0 ], [ 110.409303163000061, -7.732125335999967, 0.0 ], [ 110.412940880000065, -7.725852574999976, 0.0 ], [ 110.411967889000039, -7.720283896999945, 0.0 ], [ 110.419725489000086, -7.722257188999947, 0.0 ], [ 110.42176115500007, -7.724708736999958, 0.0 ], [ 110.426006217000065, -7.724696800999936, 0.0 ], [ 110.425728770000035, -7.717885016999958, 0.0 ], [ 110.433931672000085, -7.714501214999927, 0.0 ], [ 110.434452325000052, -7.70748397899996, 0.0 ], [ 110.439079444000072, -7.706760557999928, 0.0 ], [ 110.440584039000044, -7.713139225999953, 0.0 ] ] ] } },
{ "type": "Feature", "properties": { }, "geometry": { "type": "Polygon", "coordinates": [ [ [ 110.447169391000045, -7.674558581999975, 0.0 ], [ 110.448952850000069, -7.678649298999972, 0.0 ], [ 110.447510755000053, -7.681783596999935, 0.0 ], [ 110.448449580000045, -7.684484100999953, 0.0 ], [ 110.447716218000039, -7.688262083999973, 0.0 ], [ 110.452887348000047, -7.688256987999978, 0.0 ], [ 110.45435255600006, -7.689958479999973, 0.0 ], [ 110.454848438000056, -7.699516741999958, 0.0 ], [ 110.458667211000034, -7.705302259999939, 0.0 ], [ 110.461311307000074, -7.713094497999975, 0.0 ], [ 110.454808795000076, -7.71475836999997, 0.0 ], [ 110.454073437000034, -7.713108505999969, 0.0 ], [ 110.452966160000074, -7.713940312999966, 0.0 ], [ 110.451377952000087, -7.712199767999948, 0.0 ], [ 110.451073801000064, -7.715217247999931, 0.0 ], [ 110.448344879000047, -7.71606221199994, 0.0 ], [ 110.44715818700007, -7.718269174999932, 0.0 ], [ 110.446402790000036, -7.716134480999926, 0.0 ], [ 110.442463790000033, -7.717206544999954, 0.0 ], [ 110.441689268000061, -7.719870707999974, 0.0 ], [ 110.440242254000054, -7.719598582999936, 0.0 ], [ 110.439881091000075, -7.713263273999928, 0.0 ], [ 110.441998374000036, -7.713622604999955, 0.0 ], [ 110.44181380200007, -7.710142603999941, 0.0 ], [ 110.443259254000054, -7.709525379999945, 0.0 ], [ 110.44243232000008, -7.699629407999964, 0.0 ], [ 110.444187664000083, -7.69961712199995, 0.0 ], [ 110.444334432000062, -7.697111828999937, 0.0 ], [ 110.442143120000082, -7.689588083999979, 0.0 ], [ 110.440246917000081, -7.686069152999949, 0.0 ], [ 110.439010446000054, -7.686298886999964, 0.0 ], [ 110.437959919000036, -7.682201901999974, 0.0 ], [ 110.439448389000063, -7.681906397999967, 0.0 ], [ 110.438835561000076, -7.678431234999948, 0.0 ], [ 110.441819354000074, -7.678383480999969, 0.0 ], [ 110.441817855000068, -7.674606884999946, 0.0 ], [ 110.447169391000045, -7.674558581999975, 0.0 ] ] ] } },
{ "type": "Feature", "properties": { }, "geometry": { "type": "Polygon", "coordinates": [ [ [ 110.652506487000039, -7.94086363599996, 0.0 ], [ 110.654566307000039, -7.94509577499997, 0.0 ], [ 110.655054638000081, -7.950101503999974, 0.0 ], [ 110.656358951000072, -7.950691198999948, 0.0 ], [ 110.651639609000085, -7.967758038999932, 0.0 ], [ 110.65304156600007, -7.972124483999949, 0.0 ], [ 110.64250419800004, -7.970374713999945, 0.0 ], [ 110.641484561000084, -7.971109084999966, 0.0 ], [ 110.639859662000049, -7.968869078999944, 0.0 ], [ 110.638488740000071, -7.969735997999976, 0.0 ], [ 110.637417181000046, -7.96835030699998, 0.0 ], [ 110.631401375000053, -7.968211880999945, 0.0 ], [ 110.631563180000057, -7.966674559999944, 0.0 ], [ 110.629636994000066, -7.965677897999967, 0.0 ], [ 110.631503389000045, -7.963483322999934, 0.0 ], [ 110.63317524100006, -7.954784119999943, 0.0 ], [ 110.630242803000044, -7.95319954699994, 0.0 ], [ 110.634659614000043, -7.95073920699997, 0.0 ], [ 110.634509476000062, -7.949546682999937, 0.0 ], [ 110.637325302000079, -7.950845326999968, 0.0 ], [ 110.637225213000079, -7.948391025999967, 0.0 ], [ 110.638168190000044, -7.948118635999947, 0.0 ], [ 110.639076763000048, -7.951645377999967, 0.0 ], [ 110.641035705000036, -7.95088596599993, 0.0 ], [ 110.641350253000041, -7.952080231999958, 0.0 ], [ 110.644524850000039, -7.952603778999958, 0.0 ], [ 110.644944106000082, -7.949599792999948, 0.0 ], [ 110.646177326000043, -7.950730832999966, 0.0 ], [ 110.647542885000064, -7.946688276999964, 0.0 ], [ 110.645016566000038, -7.945265378999977, 0.0 ], [ 110.644261312000083, -7.946395004999943, 0.0 ], [ 110.643269632000056, -7.942154007999932, 0.0 ], [ 110.644872620000058, -7.941667740999947, 0.0 ], [ 110.645067337000057, -7.944092229999967, 0.0 ], [ 110.646466790000034, -7.94462004899998, 0.0 ], [ 110.646113171000081, -7.943034525999963, 0.0 ], [ 110.647171975000049, -7.943498602999966, 0.0 ], [ 110.648145860000056, -7.940061497999977, 0.0 ], [ 110.652506487000039, -7.94086363599996, 0.0 ] ] ] } },
{ "type": "Feature", "properties": { }, "geometry": { "type": "Polygon", "coordinates": [ [ [ 110.380172844000072, -7.645688197999959, 0.0 ], [ 110.377179304000038, -7.646362884999974, 0.0 ], [ 110.375280281000073, -7.649731826999925, 0.0 ], [ 110.373345400000062, -7.648588850999943, 0.0 ], [ 110.370176426000057, -7.655038585999932, 0.0 ], [ 110.367825849000042, -7.653654131999929, 0.0 ], [ 110.368818322000038, -7.652560536999943, 0.0 ], [ 110.367289024000058, -7.653443653999943, 0.0 ], [ 110.367247003000045, -7.652528279999956, 0.0 ], [ 110.371616717000052, -7.642849533999936, 0.0 ], [ 110.37099446700006, -7.640368687999967, 0.0 ], [ 110.366800815000033, -7.648636453999927, 0.0 ], [ 110.367054276000033, -7.645350334999932, 0.0 ], [ 110.362700309000047, -7.644998655999927, 0.0 ], [ 110.366285340000047, -7.629334250999932, 0.0 ], [ 110.372405955000033, -7.623557782999967, 0.0 ], [ 110.372324769000045, -7.62193889699995, 0.0 ], [ 110.369887679000044, -7.619913846999964, 0.0 ], [ 110.368424108000056, -7.620207801999925, 0.0 ], [ 110.370986755000047, -7.617129659999932, 0.0 ], [ 110.367475574000082, -7.612309394999954, 0.0 ], [ 110.373303522000072, -7.608864057999938, 0.0 ], [ 110.377258126000072, -7.603764791999936, 0.0 ], [ 110.391197674000068, -7.594587115999957, 0.0 ], [ 110.398272931000065, -7.586543679999977, 0.0 ], [ 110.400991215000033, -7.587389250999934, 0.0 ], [ 110.407982038000057, -7.583714535999945, 0.0 ], [ 110.408015033000083, -7.589432272999943, 0.0 ], [ 110.400476165000043, -7.594882307999967, 0.0 ], [ 110.398902680000049, -7.598062479999953, 0.0 ], [ 110.393144401000086, -7.603636417999951, 0.0 ], [ 110.392397268000082, -7.610041932999934, 0.0 ], [ 110.388616375000083, -7.61557073299997, 0.0 ], [ 110.389970276000042, -7.618522693999978, 0.0 ], [ 110.386876605000054, -7.623696687999939, 0.0 ], [ 110.387749536000058, -7.626117389999933, 0.0 ], [ 110.38591811200007, -7.628342869999926, 0.0 ], [ 110.385481581000079, -7.633960922999961, 0.0 ], [ 110.380172844000072, -7.645688197999959, 0.0 ] ] ] } },
{ "type": "Feature", "properties": { }, "geometry": { "type": "Polygon", "coordinates": [ [ [ 110.615434880000066, -7.950932335999937, 0.0 ], [ 110.61862109100008, -7.952476363999949, 0.0 ], [ 110.617218086000037, -7.95766026299998, 0.0 ], [ 110.615674289000083, -7.958543293999981, 0.0 ], [ 110.616753846000051, -7.96066080199995, 0.0 ], [ 110.612810210000077, -7.968534312999964, 0.0 ], [ 110.605901772000038, -7.968695725999964, 0.0 ], [ 110.601942046000033, -7.971993239999961, 0.0 ], [ 110.602040569000053, -7.970958373999963, 0.0 ], [ 110.598724593000043, -7.971163553999929, 0.0 ], [ 110.599426675000075, -7.969533441999943, 0.0 ], [ 110.598442150000039, -7.96763199399993, 0.0 ], [ 110.603651580000076, -7.959168655999974, 0.0 ], [ 110.599364833000038, -7.95611989799994, 0.0 ], [ 110.600110612000037, -7.953935267999952, 0.0 ], [ 110.597119748000068, -7.954047599999967, 0.0 ], [ 110.597349472000076, -7.95205389299997, 0.0 ], [ 110.603479920000041, -7.951983761999941, 0.0 ], [ 110.608035592000078, -7.950311618999933, 0.0 ], [ 110.615434880000066, -7.950932335999937, 0.0 ] ] ] } },
{ "type": "Feature", "properties": { }, "geometry": { "type": "Polygon", "coordinates": [ [ [ 110.532273433000057, -7.823435890999974, 0.0 ], [ 110.529726740000058, -7.823849120999967, 0.0 ], [ 110.530993220000084, -7.825822865999953, 0.0 ], [ 110.528416297000035, -7.825881799999934, 0.0 ], [ 110.526870687000041, -7.827784538999936, 0.0 ], [ 110.523070141000062, -7.827641943999936, 0.0 ], [ 110.519182630000046, -7.831029906999959, 0.0 ], [ 110.517350474000068, -7.830363869999928, 0.0 ], [ 110.517116166000051, -7.827857537999932, 0.0 ], [ 110.512767935000056, -7.824482470999953, 0.0 ], [ 110.514317285000061, -7.82286084499998, 0.0 ], [ 110.514658689000044, -7.819424830999935, 0.0 ], [ 110.513206852000053, -7.81895527699993, 0.0 ], [ 110.511889572000086, -7.816145030999962, 0.0 ], [ 110.513703894000059, -7.815558010999951, 0.0 ], [ 110.512942389000045, -7.813454907999926, 0.0 ], [ 110.514281709000045, -7.813180301999978, 0.0 ], [ 110.512832313000047, -7.811882061999938, 0.0 ], [ 110.516732742000045, -7.807687573999942, 0.0 ], [ 110.516679644000078, -7.804381300999978, 0.0 ], [ 110.514622618000033, -7.803202208999949, 0.0 ], [ 110.51563298700006, -7.801049444999933, 0.0 ], [ 110.520652527000038, -7.797441352999954, 0.0 ], [ 110.521628375000034, -7.797777788999952, 0.0 ], [ 110.520456745000047, -7.799192867999977, 0.0 ], [ 110.521786690000056, -7.801477523999949, 0.0 ], [ 110.521371082000087, -7.805098058999931, 0.0 ], [ 110.527932932000056, -7.811351172999935, 0.0 ], [ 110.528629967000086, -7.816470272999936, 0.0 ], [ 110.532938036000075, -7.819975624999927, 0.0 ], [ 110.532273433000057, -7.823435890999974, 0.0 ] ] ] } },
{ "type": "Feature", "properties": { }, "geometry": { "type": "Polygon", "coordinates": [ [ [ 110.445422855000061, -7.630729379999934, 0.0 ], [ 110.460360034000075, -7.631894360999979, 0.0 ], [ 110.461690918000045, -7.645396597999934, 0.0 ], [ 110.463784768000039, -7.650377167999977, 0.0 ], [ 110.461046254000053, -7.656157950999955, 0.0 ], [ 110.455022875000054, -7.656291766999971, 0.0 ], [ 110.455076379000047, -7.661520758999927, 0.0 ], [ 110.449065833000077, -7.662817941999947, 0.0 ], [ 110.447707520000051, -7.664951045999942, 0.0 ], [ 110.448504092000064, -7.671091177999926, 0.0 ], [ 110.447169391000045, -7.674558581999975, 0.0 ], [ 110.431599946000063, -7.673301310999932, 0.0 ], [ 110.430223223000041, -7.671058929999958, 0.0 ], [ 110.430470934000084, -7.666301828999963, 0.0 ], [ 110.432335046000048, -7.663870651999957, 0.0 ], [ 110.429619819000038, -7.658229234999965, 0.0 ], [ 110.431064554000045, -7.651924028999929, 0.0 ], [ 110.428446431000054, -7.645406463999961, 0.0 ], [ 110.430113858000084, -7.646882074999951, 0.0 ], [ 110.432496606000086, -7.64061980699995, 0.0 ], [ 110.430627652000055, -7.635178894999967, 0.0 ], [ 110.436246006000033, -7.635342074999926, 0.0 ], [ 110.435847140000078, -7.631786514999931, 0.0 ], [ 110.437846895000064, -7.629255484999931, 0.0 ], [ 110.437998459000084, -7.626683525999965, 0.0 ], [ 110.439200315000051, -7.62667265999994, 0.0 ], [ 110.441492551000067, -7.628749642999935, 0.0 ], [ 110.442703418000065, -7.640013129999943, 0.0 ], [ 110.445545837000054, -7.641046241999959, 0.0 ], [ 110.44650744900008, -7.637692862999927, 0.0 ], [ 110.445422855000061, -7.630729379999934, 0.0 ] ] ] } },
{ "type": "Feature", "properties": { }, "geometry": { "type": "Polygon", "coordinates": [ [ [ 110.559707088000039, -7.994414683999935, 0.0 ], [ 110.562602956000035, -7.996318238999947, 0.0 ], [ 110.564662078000083, -7.99616967299994, 0.0 ], [ 110.566969662000076, -7.99364129199995, 0.0 ], [ 110.570642150000083, -7.995636274999981, 0.0 ], [ 110.569900962000077, -7.996971734999931, 0.0 ], [ 110.571817119000059, -7.997821962999978, 0.0 ], [ 110.571978174000037, -8.002513782999927, 0.0 ], [ 110.578081012000041, -8.002324746999932, 0.0 ], [ 110.580555342000082, -8.006095617999961, 0.0 ], [ 110.584363709000058, -8.005254152999953, 0.0 ], [ 110.585162720000085, -8.016604787999938, 0.0 ], [ 110.581872434000047, -8.019122644999925, 0.0 ], [ 110.580010110000046, -8.027740148999953, 0.0 ], [ 110.576797963000047, -8.035074707999968, 0.0 ], [ 110.582744176000062, -8.035411529999976, 0.0 ], [ 110.578865169000039, -8.042338220999966, 0.0 ], [ 110.580615396000042, -8.050475713999958, 0.0 ], [ 110.581945203000089, -8.051874249999969, 0.0 ], [ 110.581628586000079, -8.054418267999949, 0.0 ], [ 110.578169541000079, -8.054180771999938, 0.0 ], [ 110.57387127700008, -8.05642187199993, 0.0 ], [ 110.570815118000041, -8.056546723999929, 0.0 ], [ 110.567945036000083, -8.052993605999973, 0.0 ], [ 110.564110153000058, -8.052793891999954, 0.0 ], [ 110.56156764900004, -8.050446272999977, 0.0 ], [ 110.563209196000059, -8.044673136999961, 0.0 ], [ 110.563199053000062, -8.038567717999967, 0.0 ], [ 110.568237233000048, -8.030991662999952, 0.0 ], [ 110.570892520000086, -8.030013340999972, 0.0 ], [ 110.572067598000046, -8.026150385999927, 0.0 ], [ 110.570060324000053, -8.02636961099995, 0.0 ], [ 110.569939972000043, -8.023370892999935, 0.0 ], [ 110.57283906300006, -8.023775470999965, 0.0 ], [ 110.572472836000088, -8.021799034999958, 0.0 ], [ 110.570518066000034, -8.021785998999974, 0.0 ], [ 110.571781299000065, -8.020328349999943, 0.0 ], [ 110.570059826000033, -8.017918832999953, 0.0 ], [ 110.566339870000036, -8.017224796999926, 0.0 ], [ 110.56427922000006, -8.013627035999946, 0.0 ], [ 110.566652114000078, -8.011958667999977, 0.0 ], [ 110.565615339000033, -8.009663004999936, 0.0 ], [ 110.567448358000036, -8.006440779999934, 0.0 ], [ 110.566616852000038, -8.004002190999927, 0.0 ], [ 110.558839086000035, -8.000207850999971, 0.0 ], [ 110.555861433000075, -7.995635825999955, 0.0 ], [ 110.557317153000042, -7.994980915999975, 0.0 ], [ 110.556924526000046, -7.99356290299994, 0.0 ], [ 110.559449999000037, -7.995400228999927, 0.0 ], [ 110.559707088000039, -7.994414683999935, 0.0 ] ] ] } },
{ "type": "Feature", "properties": { }, "geometry": { "type": "MultiPolygon", "coordinates": [ [ [ [ 110.341498254000044, -7.991574162999939, 0.0 ], [ 110.352144017000057, -7.993687097999953, 0.0 ], [ 110.353080853000051, -7.997382510999955, 0.0 ], [ 110.35195211100006, -7.997794071999976, 0.0 ], [ 110.351615499000047, -8.003405353999938, 0.0 ], [ 110.350480041000083, -8.003441616999964, 0.0 ], [ 110.349682259000076, -8.005761934999953, 0.0 ], [ 110.349755511000069, -8.010411691999934, 0.0 ], [ 110.347109388000035, -8.011871605999943, 0.0 ], [ 110.347205224000049, -8.022065895999958, 0.0 ], [ 110.345451302000072, -8.028145309999957, 0.0 ], [ 110.346376432000056, -8.030468275999965, 0.0 ], [ 110.346899504000078, -8.03572911699996, 0.0 ], [ 110.344495859000062, -8.030522606999966, 0.0 ], [ 110.339001283000073, -8.028066897999963, 0.0 ], [ 110.33976838600006, -8.027387429999976, 0.0 ], [ 110.334704893000037, -8.01900934799994, 0.0 ], [ 110.330731193000076, -8.006303026999944, 0.0 ], [ 110.331528313000035, -7.99908136199997, 0.0 ], [ 110.333717417000059, -7.995750116999943, 0.0 ], [ 110.341498254000044, -7.991574162999939, 0.0 ] ] ], [ [ [ 110.352968050000072, -7.978277734999949, 0.0 ], [ 110.355233297000041, -7.978391948999956, 0.0 ], [ 110.358438942000078, -7.981859220999979, 0.0 ], [ 110.361123527000075, -7.982522864999964, 0.0 ], [ 110.356641463000074, -7.987486341999954, 0.0 ], [ 110.353412030000072, -7.988520558999937, 0.0 ], [ 110.352622235000069, -7.987671846999945, 0.0 ], [ 110.350718666000034, -7.989753874999963, 0.0 ], [ 110.349576525000089, -7.988790193999932, 0.0 ], [ 110.349790676000055, -7.986196580999945, 0.0 ], [ 110.352701550000063, -7.981114051999953, 0.0 ], [ 110.34824719900007, -7.975803094999947, 0.0 ], [ 110.34824719900007, -7.97433734699996, 0.0 ], [ 110.350531482000065, -7.974527703999968, 0.0 ], [ 110.352968050000072, -7.978277734999949, 0.0 ] ] ] ] } },
{ "type": "Feature", "properties": { }, "geometry": { "type": "Polygon", "coordinates": [ [ [ 110.754420545000073, -8.026094702999956, 0.0 ], [ 110.753672056000084, -8.037712208999949, 0.0 ], [ 110.74877000400005, -8.037606552999932, 0.0 ], [ 110.745038547000036, -8.035829066999952, 0.0 ], [ 110.742242306000037, -8.037500898999951, 0.0 ], [ 110.740287709000086, -8.037225933999935, 0.0 ], [ 110.735101989000043, -8.033973752999941, 0.0 ], [ 110.730774477000068, -8.034597678999944, 0.0 ], [ 110.728021024000043, -8.033284014999936, 0.0 ], [ 110.727606766000065, -8.029169636999939, 0.0 ], [ 110.729201031000059, -8.027317531999927, 0.0 ], [ 110.72789004200007, -8.023517583999933, 0.0 ], [ 110.729000179000082, -8.021798457999978, 0.0 ], [ 110.725786542000037, -8.02174873499996, 0.0 ], [ 110.723828233000063, -8.016652223999927, 0.0 ], [ 110.721932690000074, -8.017342122999935, 0.0 ], [ 110.718242029000066, -8.016117708999957, 0.0 ], [ 110.721100405000072, -8.013149425999927, 0.0 ], [ 110.720131923000054, -8.004316355999947, 0.0 ], [ 110.722724570000082, -8.001716003999945, 0.0 ], [ 110.727482213000087, -8.002121977999934, 0.0 ], [ 110.727665761000083, -8.000536857999975, 0.0 ], [ 110.733898131000046, -8.002683304999948, 0.0 ], [ 110.738659167000037, -8.000844418999975, 0.0 ], [ 110.742622936000089, -8.002482567999948, 0.0 ], [ 110.74197909600008, -8.010070496999958, 0.0 ], [ 110.746641884000042, -8.016505313999971, 0.0 ], [ 110.746288, -8.019597616999931, 0.0 ], [ 110.747798618000047, -8.022119338999971, 0.0 ], [ 110.747002480000049, -8.023639123999942, 0.0 ], [ 110.75054687100004, -8.025980167999933, 0.0 ], [ 110.754420545000073, -8.026094702999956, 0.0 ] ] ] } },
{ "type": "Feature", "properties": { }, "geometry": { "type": "Polygon", "coordinates": [ [ [ 110.716284765000069, -7.82217316699996, 0.0 ], [ 110.715684148000037, -7.831398430999968, 0.0 ], [ 110.716804839000076, -7.834646741999961, 0.0 ], [ 110.715809189000083, -7.836034497999947, 0.0 ], [ 110.71695731300008, -7.839469493999957, 0.0 ], [ 110.718605236000087, -7.840356118999978, 0.0 ], [ 110.718151717000069, -7.842371472999957, 0.0 ], [ 110.715926277000051, -7.84197676399998, 0.0 ], [ 110.715703681000036, -7.842873723999958, 0.0 ], [ 110.720378796000034, -7.846209644999931, 0.0 ], [ 110.722045674000071, -7.845145775999981, 0.0 ], [ 110.724333631000036, -7.845693725999979, 0.0 ], [ 110.725593772000082, -7.847599039999977, 0.0 ], [ 110.729020512000034, -7.848423545999935, 0.0 ], [ 110.725639314000034, -7.856056167999952, 0.0 ], [ 110.72703574600007, -7.85706782799997, 0.0 ], [ 110.725630439000042, -7.856975844999965, 0.0 ], [ 110.724917355000059, -7.861153563999949, 0.0 ], [ 110.726500798000075, -7.861452235999934, 0.0 ], [ 110.724827103000052, -7.863861626999949, 0.0 ], [ 110.724745569000049, -7.86682813699997, 0.0 ], [ 110.721594349000043, -7.865967023999929, 0.0 ], [ 110.721593168000084, -7.862516011999958, 0.0 ], [ 110.720124703000067, -7.862587494999957, 0.0 ], [ 110.718835370000079, -7.864182163999942, 0.0 ], [ 110.720175887000039, -7.865024802999926, 0.0 ], [ 110.718664783000065, -7.866073855999957, 0.0 ], [ 110.719096375000049, -7.867857168999933, 0.0 ], [ 110.717508401000089, -7.868398818999935, 0.0 ], [ 110.716528695000079, -7.866247254999962, 0.0 ], [ 110.718027103000054, -7.86515396599998, 0.0 ], [ 110.717792519000056, -7.862576992999948, 0.0 ], [ 110.716304261000062, -7.863025944999947, 0.0 ], [ 110.716437019000068, -7.864594878999981, 0.0 ], [ 110.714919, -7.86303582499994, 0.0 ], [ 110.716738783000039, -7.861960959999976, 0.0 ], [ 110.71343177600005, -7.86058073199996, 0.0 ], [ 110.713038234000066, -7.85824202799995, 0.0 ], [ 110.715326487000084, -7.85794649099995, 0.0 ], [ 110.714685473000088, -7.857078605999959, 0.0 ], [ 110.717212046000043, -7.855159765999929, 0.0 ], [ 110.716168701000072, -7.85413032699995, 0.0 ], [ 110.717226808000078, -7.853602719999969, 0.0 ], [ 110.709061480000059, -7.850640319999968, 0.0 ], [ 110.706231180000088, -7.84785438199998, 0.0 ], [ 110.711867762000054, -7.828313240999933, 0.0 ], [ 110.712381247000053, -7.82282726699998, 0.0 ], [ 110.716284765000069, -7.82217316699996, 0.0 ] ] ] } },
{ "type": "Feature", "properties": { }, "geometry": { "type": "Polygon", "coordinates": [ [ [ 110.751497934000042, -7.851022175999958, 0.0 ], [ 110.752440493000051, -7.855507082999964, 0.0 ], [ 110.745727604000081, -7.85886629099997, 0.0 ], [ 110.744153292000078, -7.863331111999969, 0.0 ], [ 110.74270636500006, -7.861161743999958, 0.0 ], [ 110.740157064000073, -7.862770891999958, 0.0 ], [ 110.738921109000046, -7.861690409999937, 0.0 ], [ 110.733442222000065, -7.862207507999926, 0.0 ], [ 110.733660396000062, -7.864313003999939, 0.0 ], [ 110.731374182000081, -7.868341360999977, 0.0 ], [ 110.727682697000034, -7.871368511999947, 0.0 ], [ 110.725762584000051, -7.871203235999928, 0.0 ], [ 110.726250906000075, -7.873066011999981, 0.0 ], [ 110.724235193000084, -7.872368475999963, 0.0 ], [ 110.722255464000057, -7.87665384099995, 0.0 ], [ 110.723434697000073, -7.86929057499998, 0.0 ], [ 110.724181888000089, -7.869741841999939, 0.0 ], [ 110.725811719000035, -7.865790139999945, 0.0 ], [ 110.724827103000052, -7.863861626999949, 0.0 ], [ 110.726500798000075, -7.861452235999934, 0.0 ], [ 110.724961577000045, -7.860585641999933, 0.0 ], [ 110.725630439000042, -7.856975844999965, 0.0 ], [ 110.72703574600007, -7.85706782799997, 0.0 ], [ 110.725639314000034, -7.856056167999952, 0.0 ], [ 110.729020512000034, -7.848423545999935, 0.0 ], [ 110.731050179000079, -7.849932381999963, 0.0 ], [ 110.734759079000071, -7.849552145999951, 0.0 ], [ 110.734584268000049, -7.851357683999936, 0.0 ], [ 110.735711418000051, -7.851457379999943, 0.0 ], [ 110.736390288000052, -7.853729230999932, 0.0 ], [ 110.738242228000047, -7.852991340999949, 0.0 ], [ 110.740173602000084, -7.848466823999956, 0.0 ], [ 110.751497934000042, -7.851022175999958, 0.0 ] ] ] } },
{ "type": "Feature", "properties": { }, "geometry": { "type": "Polygon", "coordinates": [ [ [ 110.785583593000069, -7.816719380999928, 0.0 ], [ 110.785648327000047, -7.821429947999945, 0.0 ], [ 110.778520053000079, -7.822312708999959, 0.0 ], [ 110.774568027000043, -7.829135750999967, 0.0 ], [ 110.770175303000087, -7.832137821999936, 0.0 ], [ 110.772812851000083, -7.834384915999976, 0.0 ], [ 110.773146628000063, -7.837772756999925, 0.0 ], [ 110.769248101000073, -7.845713495999973, 0.0 ], [ 110.763671094000074, -7.849459560999946, 0.0 ], [ 110.759990932000051, -7.844700453999963, 0.0 ], [ 110.753143027000078, -7.842889812999942, 0.0 ], [ 110.753249616000062, -7.839585668999973, 0.0 ], [ 110.743526886000041, -7.833218668999962, 0.0 ], [ 110.743274284000051, -7.831143279999935, 0.0 ], [ 110.738344547000054, -7.826806013999942, 0.0 ], [ 110.737587225000084, -7.822208595999939, 0.0 ], [ 110.734772478000082, -7.821092750999981, 0.0 ], [ 110.735499423000078, -7.818226294999931, 0.0 ], [ 110.738597402000039, -7.81604417099993, 0.0 ], [ 110.739880376000087, -7.813981647999981, 0.0 ], [ 110.73914258700006, -7.812855818999935, 0.0 ], [ 110.741709609000054, -7.810444730999961, 0.0 ], [ 110.74348367500005, -7.81794900899996, 0.0 ], [ 110.74947170300004, -7.819985608999957, 0.0 ], [ 110.751161056000058, -7.824420882999959, 0.0 ], [ 110.755754870000032, -7.825786987999948, 0.0 ], [ 110.759725586000059, -7.825310570999932, 0.0 ], [ 110.76260086700006, -7.822889240999928, 0.0 ], [ 110.761444424000047, -7.817053295999926, 0.0 ], [ 110.764529461000052, -7.809509848999937, 0.0 ], [ 110.769303921000073, -7.807953986999962, 0.0 ], [ 110.772292193000055, -7.808260283999971, 0.0 ], [ 110.778571887000055, -7.813437858999976, 0.0 ], [ 110.785583593000069, -7.816719380999928, 0.0 ] ] ] } },
{ "type": "Feature", "properties": { }, "geometry": { "type": "Polygon", "coordinates": [ [ [ 110.719321539000077, -7.958703468999943, 0.0 ], [ 110.718178114000068, -7.964209627999935, 0.0 ], [ 110.721604175000039, -7.967067327999928, 0.0 ], [ 110.720074692000082, -7.975080222999964, 0.0 ], [ 110.70829378500008, -7.976209043999972, 0.0 ], [ 110.70245323100005, -7.975443129999974, 0.0 ], [ 110.70059062200005, -7.970276548999948, 0.0 ], [ 110.702436791000082, -7.966138951999937, 0.0 ], [ 110.702266850000058, -7.962984173999928, 0.0 ], [ 110.703247228000066, -7.96078031899998, 0.0 ], [ 110.704636233000087, -7.96085429599998, 0.0 ], [ 110.704048367000041, -7.958997366999938, 0.0 ], [ 110.705646869000077, -7.960079585999949, 0.0 ], [ 110.709262814000056, -7.958644930999981, 0.0 ], [ 110.708843992000084, -7.956518315999972, 0.0 ], [ 110.70636877000004, -7.95723940299996, 0.0 ], [ 110.70749739300004, -7.954997678999973, 0.0 ], [ 110.710150737000049, -7.955207659999928, 0.0 ], [ 110.709335645000067, -7.95265354299994, 0.0 ], [ 110.707526362000067, -7.953430191999928, 0.0 ], [ 110.707612629000039, -7.949583717999928, 0.0 ], [ 110.711080550000077, -7.946696876999965, 0.0 ], [ 110.712310978000062, -7.943484197999965, 0.0 ], [ 110.714246986000035, -7.943277484999953, 0.0 ], [ 110.71308659400006, -7.948859423999977, 0.0 ], [ 110.713886783000078, -7.953390169999977, 0.0 ], [ 110.712173709000069, -7.95567179699998, 0.0 ], [ 110.71042383300005, -7.955798114999936, 0.0 ], [ 110.710514440000054, -7.957572724999977, 0.0 ], [ 110.714877111000078, -7.954900289999955, 0.0 ], [ 110.719321539000077, -7.958703468999943, 0.0 ] ] ] } },
{ "type": "Feature", "properties": { }, "geometry": { "type": "Polygon", "coordinates": [ [ [ 110.709770148000075, -7.850642489999927, 0.0 ], [ 110.708286169000075, -7.853525157999968, 0.0 ], [ 110.709173025000041, -7.856604207999965, 0.0 ], [ 110.705383555000083, -7.860210337999945, 0.0 ], [ 110.704540967000071, -7.863363522999975, 0.0 ], [ 110.700348359000088, -7.865269941999941, 0.0 ], [ 110.70166223800004, -7.868586663999963, 0.0 ], [ 110.704431513000088, -7.869102703999943, 0.0 ], [ 110.704810011000063, -7.867187736999938, 0.0 ], [ 110.708296872000062, -7.868516597999928, 0.0 ], [ 110.707760736000068, -7.866925047999928, 0.0 ], [ 110.711969544000056, -7.869506343999944, 0.0 ], [ 110.71169608200006, -7.871892869999954, 0.0 ], [ 110.710688305000076, -7.871581387999981, 0.0 ], [ 110.711653546000036, -7.87477675599996, 0.0 ], [ 110.709805563000089, -7.876092400999937, 0.0 ], [ 110.711443045000067, -7.876785355999971, 0.0 ], [ 110.709300766000069, -7.881158375999973, 0.0 ], [ 110.710617696000043, -7.882887189999963, 0.0 ], [ 110.709612620000087, -7.884453450999956, 0.0 ], [ 110.717248873000074, -7.88593497599993, 0.0 ], [ 110.717429800000048, -7.887652270999979, 0.0 ], [ 110.715958946000057, -7.888776448999977, 0.0 ], [ 110.717248076000033, -7.889915658999939, 0.0 ], [ 110.713396332000059, -7.898631404999946, 0.0 ], [ 110.714043357000037, -7.90026187999996, 0.0 ], [ 110.717677495000089, -7.900861400999929, 0.0 ], [ 110.718479417000083, -7.90144614299993, 0.0 ], [ 110.717517506000036, -7.902393862999929, 0.0 ], [ 110.718812136000054, -7.902234008999926, 0.0 ], [ 110.717883495000081, -7.904504608999957, 0.0 ], [ 110.70996273600008, -7.905423283999937, 0.0 ], [ 110.708269147000067, -7.906679683999926, 0.0 ], [ 110.70679261500004, -7.902327978999949, 0.0 ], [ 110.707694658000037, -7.897494265999967, 0.0 ], [ 110.703220401000067, -7.890929551999932, 0.0 ], [ 110.697732392000034, -7.889268903999948, 0.0 ], [ 110.693015507000041, -7.891529896999941, 0.0 ], [ 110.691415297000049, -7.889375130999952, 0.0 ], [ 110.691353320000076, -7.886494587999948, 0.0 ], [ 110.693096648000051, -7.881660569999951, 0.0 ], [ 110.694034503000069, -7.872054005999928, 0.0 ], [ 110.698034784000072, -7.864666428999953, 0.0 ], [ 110.699797018000083, -7.856291768999938, 0.0 ], [ 110.706231180000088, -7.84785438199998, 0.0 ], [ 110.709770148000075, -7.850642489999927, 0.0 ] ], [ [ 110.70177718900004, -7.869380946999968, 0.0 ], [ 110.702278316000047, -7.869014944999947, 0.0 ], [ 110.701727578000089, -7.868639860999963, 0.0 ], [ 110.70177718900004, -7.869380946999968, 0.0 ] ] ] } },
{ "type": "Feature", "properties": { }, "geometry": { "type": "Polygon", "coordinates": [ [ [ 110.725867185000084, -7.990322556999956, 0.0 ], [ 110.732801019000078, -7.991548510999962, 0.0 ], [ 110.734613394000064, -7.990773298999954, 0.0 ], [ 110.736742992000075, -7.992326028999969, 0.0 ], [ 110.746120047000034, -7.990829252999958, 0.0 ], [ 110.753446204000056, -7.995501710999974, 0.0 ], [ 110.753845311000077, -7.998380077999968, 0.0 ], [ 110.761051143000088, -7.995052278999935, 0.0 ], [ 110.762756592000073, -7.995906023999964, 0.0 ], [ 110.758907736000083, -8.002261286999953, 0.0 ], [ 110.758288137000079, -8.013048787999935, 0.0 ], [ 110.754420545000073, -8.026094702999956, 0.0 ], [ 110.75054687100004, -8.025980167999933, 0.0 ], [ 110.747002480000049, -8.023639123999942, 0.0 ], [ 110.747798618000047, -8.022119338999971, 0.0 ], [ 110.746288, -8.019597616999931, 0.0 ], [ 110.746641884000042, -8.016505313999971, 0.0 ], [ 110.74197909600008, -8.010070496999958, 0.0 ], [ 110.742622936000089, -8.002482567999948, 0.0 ], [ 110.738659167000037, -8.000844418999975, 0.0 ], [ 110.733898131000046, -8.002683304999948, 0.0 ], [ 110.72594523500004, -8.000327818999949, 0.0 ], [ 110.724091509000061, -7.994661297999926, 0.0 ], [ 110.725867185000084, -7.990322556999956, 0.0 ] ] ] } },
{ "type": "Feature", "properties": { }, "geometry": { "type": "Polygon", "coordinates": [ [ [ 110.777036038000062, -7.881829710999966, 0.0 ], [ 110.772322206000069, -7.895696169999951, 0.0 ], [ 110.771584826000037, -7.89359868899993, 0.0 ], [ 110.768024223000054, -7.891116600999965, 0.0 ], [ 110.766968693000081, -7.887286093999933, 0.0 ], [ 110.760525418000043, -7.888795834999939, 0.0 ], [ 110.758215788000086, -7.884840799999949, 0.0 ], [ 110.752918255000054, -7.880477613999972, 0.0 ], [ 110.750890266000056, -7.880628803999969, 0.0 ], [ 110.748267095000074, -7.874848540999949, 0.0 ], [ 110.748476685000071, -7.871802632999959, 0.0 ], [ 110.745915143000047, -7.86750539999997, 0.0 ], [ 110.745935858000053, -7.866320499999972, 0.0 ], [ 110.748453048000044, -7.865908464999961, 0.0 ], [ 110.748545059000037, -7.864227195999945, 0.0 ], [ 110.745676322000065, -7.863261664999925, 0.0 ], [ 110.750086588000045, -7.862543470999981, 0.0 ], [ 110.753665120000051, -7.863779431999944, 0.0 ], [ 110.754977185000087, -7.862994468999943, 0.0 ], [ 110.757186491000084, -7.864799976999961, 0.0 ], [ 110.759637754000039, -7.864189673999931, 0.0 ], [ 110.76103063000005, -7.867442383999958, 0.0 ], [ 110.767713047000086, -7.864660402999959, 0.0 ], [ 110.771857864000083, -7.859237929999949, 0.0 ], [ 110.773646044000088, -7.859171138999955, 0.0 ], [ 110.776173236000034, -7.863527780999959, 0.0 ], [ 110.776452590000076, -7.860251739999967, 0.0 ], [ 110.778831221000075, -7.860693951999963, 0.0 ], [ 110.780404927000063, -7.858588109999971, 0.0 ], [ 110.784589615000073, -7.857541598999944, 0.0 ], [ 110.782723157000078, -7.871735096999942, 0.0 ], [ 110.777036038000062, -7.881829710999966, 0.0 ] ] ] } },
{ "type": "Feature", "properties": { }, "geometry": { "type": "MultiPolygon", "coordinates": [ [ [ [ 110.702278316000047, -7.869014944999947, 0.0 ], [ 110.70177718900004, -7.869380946999968, 0.0 ], [ 110.701727578000089, -7.868639860999963, 0.0 ], [ 110.702278316000047, -7.869014944999947, 0.0 ] ] ], [ [ [ 110.709770148000075, -7.850642489999927, 0.0 ], [ 110.717226808000078, -7.853602719999969, 0.0 ], [ 110.716168701000072, -7.85413032699995, 0.0 ], [ 110.717212046000043, -7.855159765999929, 0.0 ], [ 110.714685473000088, -7.857078605999959, 0.0 ], [ 110.715326487000084, -7.85794649099995, 0.0 ], [ 110.713038234000066, -7.85824202799995, 0.0 ], [ 110.71343177600005, -7.86058073199996, 0.0 ], [ 110.716738783000039, -7.861960959999976, 0.0 ], [ 110.714919, -7.86303582499994, 0.0 ], [ 110.716437019000068, -7.864594878999981, 0.0 ], [ 110.716304261000062, -7.863025944999947, 0.0 ], [ 110.717792519000056, -7.862576992999948, 0.0 ], [ 110.718027103000054, -7.86515396599998, 0.0 ], [ 110.716528695000079, -7.866247254999962, 0.0 ], [ 110.717090477000056, -7.868304870999964, 0.0 ], [ 110.719096375000049, -7.867857168999933, 0.0 ], [ 110.718664783000065, -7.866073855999957, 0.0 ], [ 110.720175887000039, -7.865024802999926, 0.0 ], [ 110.718835370000079, -7.864182163999942, 0.0 ], [ 110.720124703000067, -7.862587494999957, 0.0 ], [ 110.721593168000084, -7.862516011999958, 0.0 ], [ 110.721424867000053, -7.865533505999963, 0.0 ], [ 110.722598772000083, -7.866687183999943, 0.0 ], [ 110.724689977000082, -7.86688143899994, 0.0 ], [ 110.725142298000037, -7.864306137999961, 0.0 ], [ 110.72581567800006, -7.865468336999982, 0.0 ], [ 110.724181888000089, -7.869741841999939, 0.0 ], [ 110.723434697000073, -7.86929057499998, 0.0 ], [ 110.722255464000057, -7.87665384099995, 0.0 ], [ 110.720858402000033, -7.877141980999966, 0.0 ], [ 110.720185981000043, -7.879452737999941, 0.0 ], [ 110.717231451000089, -7.879006188999938, 0.0 ], [ 110.715873286000033, -7.880057574999967, 0.0 ], [ 110.716716130000066, -7.882911218999936, 0.0 ], [ 110.714818281000078, -7.885704952999959, 0.0 ], [ 110.709612620000087, -7.884453450999956, 0.0 ], [ 110.710617696000043, -7.882887189999963, 0.0 ], [ 110.709300766000069, -7.881158375999973, 0.0 ], [ 110.711443045000067, -7.876785355999971, 0.0 ], [ 110.709805563000089, -7.876092400999937, 0.0 ], [ 110.711653546000036, -7.87477675599996, 0.0 ], [ 110.710688305000076, -7.871581387999981, 0.0 ], [ 110.71169608200006, -7.871892869999954, 0.0 ], [ 110.711969544000056, -7.869506343999944, 0.0 ], [ 110.707760736000068, -7.866925047999928, 0.0 ], [ 110.708296872000062, -7.868516597999928, 0.0 ], [ 110.704810011000063, -7.867187736999938, 0.0 ], [ 110.704431513000088, -7.869102703999943, 0.0 ], [ 110.70166223800004, -7.868586663999963, 0.0 ], [ 110.700348359000088, -7.865269941999941, 0.0 ], [ 110.704540967000071, -7.863363522999975, 0.0 ], [ 110.705383555000083, -7.860210337999945, 0.0 ], [ 110.709230123000054, -7.856511194999939, 0.0 ], [ 110.708286169000075, -7.853525157999968, 0.0 ], [ 110.709770148000075, -7.850642489999927, 0.0 ] ] ] ] } },
{ "type": "Feature", "properties": { }, "geometry": { "type": "Polygon", "coordinates": [ [ [ 110.767627827000069, -7.966717883999934, 0.0 ], [ 110.767384027000048, -7.982902537999962, 0.0 ], [ 110.762833595000075, -7.99574761599996, 0.0 ], [ 110.761051143000088, -7.995052278999935, 0.0 ], [ 110.753845311000077, -7.998380077999968, 0.0 ], [ 110.753446204000056, -7.995501710999974, 0.0 ], [ 110.748199501000045, -7.992501643999958, 0.0 ], [ 110.750443174000054, -7.98484254899995, 0.0 ], [ 110.748492207000083, -7.97787018799994, 0.0 ], [ 110.749262288000068, -7.976168464999944, 0.0 ], [ 110.748070526000049, -7.974692944999958, 0.0 ], [ 110.750746266000078, -7.968649187999972, 0.0 ], [ 110.749333527000033, -7.966202248999934, 0.0 ], [ 110.745777806000035, -7.967210353999974, 0.0 ], [ 110.744025221000072, -7.966358179999929, 0.0 ], [ 110.747200918000033, -7.952706866999961, 0.0 ], [ 110.745019283000033, -7.950220464999973, 0.0 ], [ 110.746321217000059, -7.947265164999976, 0.0 ], [ 110.747743752000076, -7.946879463999949, 0.0 ], [ 110.746623241000066, -7.948910693999949, 0.0 ], [ 110.748447204000058, -7.947635034999962, 0.0 ], [ 110.75102441100006, -7.950522963999958, 0.0 ], [ 110.753217230000075, -7.95071593199998, 0.0 ], [ 110.752016565000076, -7.953307485999972, 0.0 ], [ 110.758633995000082, -7.956172337999931, 0.0 ], [ 110.758603081000047, -7.965262447999976, 0.0 ], [ 110.762275922000072, -7.964501180999946, 0.0 ], [ 110.767627827000069, -7.966717883999934, 0.0 ] ] ] } },
{ "type": "Feature", "properties": { }, "geometry": { "type": "Polygon", "coordinates": [ [ [ 110.712453499000048, -7.976119371999971, 0.0 ], [ 110.724116341000069, -7.974907972999972, 0.0 ], [ 110.727608387000089, -7.977849125999967, 0.0 ], [ 110.732106936000037, -7.978708874999938, 0.0 ], [ 110.733552169000063, -7.977799965999964, 0.0 ], [ 110.73551119800004, -7.978978991999952, 0.0 ], [ 110.734119323000073, -7.983962690999931, 0.0 ], [ 110.730169709000052, -7.986991076999971, 0.0 ], [ 110.728839998000069, -7.990641922999941, 0.0 ], [ 110.725867185000084, -7.990322556999956, 0.0 ], [ 110.724091509000061, -7.994661297999926, 0.0 ], [ 110.727482213000087, -8.002121977999934, 0.0 ], [ 110.722724570000082, -8.001716003999945, 0.0 ], [ 110.721243335000054, -8.004177358999925, 0.0 ], [ 110.718667971000059, -8.005150981999975, 0.0 ], [ 110.714643765000062, -7.997533085999976, 0.0 ], [ 110.715043066000078, -7.995623956999964, 0.0 ], [ 110.711124923000057, -7.992676834999941, 0.0 ], [ 110.711000142000046, -7.989087126999948, 0.0 ], [ 110.713190059000055, -7.986467422999965, 0.0 ], [ 110.708691681000062, -7.987418920999971, 0.0 ], [ 110.70846395500007, -7.983609825999963, 0.0 ], [ 110.703301115000045, -7.98213313499997, 0.0 ], [ 110.702820707000058, -7.978781212999934, 0.0 ], [ 110.701382599000056, -7.977804979999974, 0.0 ], [ 110.70245323100005, -7.975443129999974, 0.0 ], [ 110.712453499000048, -7.976119371999971, 0.0 ] ] ] } },
{ "type": "Feature", "properties": { }, "geometry": { "type": "Polygon", "coordinates": [ [ [ 110.744873217000077, -7.862368959999969, 0.0 ], [ 110.747116688000062, -7.862748566999926, 0.0 ], [ 110.746055719000083, -7.862952997999969, 0.0 ], [ 110.745196314000054, -7.863812893999977, 0.0 ], [ 110.746565557000054, -7.863106684999934, 0.0 ], [ 110.748545059000037, -7.864227195999945, 0.0 ], [ 110.748453048000044, -7.865908464999961, 0.0 ], [ 110.745935858000053, -7.866320499999972, 0.0 ], [ 110.745915143000047, -7.86750539999997, 0.0 ], [ 110.748476685000071, -7.871802632999959, 0.0 ], [ 110.748267095000074, -7.874848540999949, 0.0 ], [ 110.750890266000056, -7.880628803999969, 0.0 ], [ 110.752918255000054, -7.880477613999972, 0.0 ], [ 110.758215788000086, -7.884840799999949, 0.0 ], [ 110.760525418000043, -7.888795834999939, 0.0 ], [ 110.766968693000081, -7.887286093999933, 0.0 ], [ 110.768024223000054, -7.891116600999965, 0.0 ], [ 110.772093963000088, -7.89440387999997, 0.0 ], [ 110.770343948000061, -7.90890055899996, 0.0 ], [ 110.768955108000057, -7.908842948999961, 0.0 ], [ 110.766998629000057, -7.911266624999939, 0.0 ], [ 110.765106088000039, -7.911517371999935, 0.0 ], [ 110.764113836000035, -7.908205847999966, 0.0 ], [ 110.759326839000039, -7.905833102999964, 0.0 ], [ 110.753057426000055, -7.905597053999941, 0.0 ], [ 110.752894469000069, -7.900725110999929, 0.0 ], [ 110.753905601000042, -7.899496588999966, 0.0 ], [ 110.752474945000074, -7.898115889999929, 0.0 ], [ 110.752925320000088, -7.896679995999932, 0.0 ], [ 110.750800523000066, -7.896775890999947, 0.0 ], [ 110.746225839000033, -7.892349612999965, 0.0 ], [ 110.745063358000039, -7.887659776999953, 0.0 ], [ 110.746036538000055, -7.887307532999955, 0.0 ], [ 110.74327784500008, -7.884889109999961, 0.0 ], [ 110.743477554000037, -7.881861758999946, 0.0 ], [ 110.74170545000004, -7.88150417199995, 0.0 ], [ 110.741042591000053, -7.883037449999961, 0.0 ], [ 110.739511676000063, -7.88174596999994, 0.0 ], [ 110.740345645000048, -7.880959682999958, 0.0 ], [ 110.738783378000051, -7.87989240099995, 0.0 ], [ 110.739914071000044, -7.878258749999929, 0.0 ], [ 110.737989450000043, -7.878195367999979, 0.0 ], [ 110.73730198700008, -7.875381435999941, 0.0 ], [ 110.739352766000081, -7.875130482999964, 0.0 ], [ 110.737394719000065, -7.874387532999947, 0.0 ], [ 110.738024747000054, -7.862143652999976, 0.0 ], [ 110.740157064000073, -7.862770891999958, 0.0 ], [ 110.74270636500006, -7.861161743999958, 0.0 ], [ 110.743662348000043, -7.863581533999934, 0.0 ], [ 110.744873217000077, -7.862368959999969, 0.0 ] ] ] } },
{ "type": "Feature", "properties": { }, "geometry": { "type": "Polygon", "coordinates": [ [ [ 110.785648327000047, -7.821429947999945, 0.0 ], [ 110.78312038200005, -7.838001195999936, 0.0 ], [ 110.783180866000066, -7.843586287999926, 0.0 ], [ 110.785398603000033, -7.852579361999972, 0.0 ], [ 110.784589615000073, -7.857541598999944, 0.0 ], [ 110.780404927000063, -7.858588109999971, 0.0 ], [ 110.778831221000075, -7.860693951999963, 0.0 ], [ 110.776452590000076, -7.860251739999967, 0.0 ], [ 110.776173236000034, -7.863527780999959, 0.0 ], [ 110.773646044000088, -7.859171138999955, 0.0 ], [ 110.771857864000083, -7.859237929999949, 0.0 ], [ 110.767713047000086, -7.864660402999959, 0.0 ], [ 110.76103063000005, -7.867442383999958, 0.0 ], [ 110.759637754000039, -7.864189673999931, 0.0 ], [ 110.757186491000084, -7.864799976999961, 0.0 ], [ 110.754874035000057, -7.862971240999968, 0.0 ], [ 110.753665120000051, -7.863779431999944, 0.0 ], [ 110.744873217000077, -7.862368959999969, 0.0 ], [ 110.745727604000081, -7.85886629099997, 0.0 ], [ 110.752440493000051, -7.855507082999964, 0.0 ], [ 110.751497934000042, -7.851022175999958, 0.0 ], [ 110.755707825000059, -7.846601491999934, 0.0 ], [ 110.755717838000066, -7.84420013099998, 0.0 ], [ 110.759990932000051, -7.844700453999963, 0.0 ], [ 110.763671094000074, -7.849459560999946, 0.0 ], [ 110.769248101000073, -7.845713495999973, 0.0 ], [ 110.773174864000055, -7.837673133999942, 0.0 ], [ 110.772812851000083, -7.834384915999976, 0.0 ], [ 110.770175303000087, -7.832137821999936, 0.0 ], [ 110.774568027000043, -7.829135750999967, 0.0 ], [ 110.778520053000079, -7.822312708999959, 0.0 ], [ 110.785648327000047, -7.821429947999945, 0.0 ] ] ] } },
{ "type": "Feature", "properties": { }, "geometry": { "type": "Polygon", "coordinates": [ [ [ 110.71175, -7.791361, 0.0 ], [ 110.719153839000057, -7.791800373999934, 0.0 ], [ 110.726107869000089, -7.79511823799993, 0.0 ], [ 110.741055461000087, -7.805555326999979, 0.0 ], [ 110.741709609000054, -7.810444730999961, 0.0 ], [ 110.73914258700006, -7.812855818999935, 0.0 ], [ 110.739880376000087, -7.813981647999981, 0.0 ], [ 110.738597402000039, -7.81604417099993, 0.0 ], [ 110.735499423000078, -7.818226294999931, 0.0 ], [ 110.734772478000082, -7.821092750999981, 0.0 ], [ 110.737843878000035, -7.822939239999926, 0.0 ], [ 110.735989563000089, -7.828168646999927, 0.0 ], [ 110.737964748000081, -7.830119006999951, 0.0 ], [ 110.737751345000049, -7.831960168999956, 0.0 ], [ 110.731647649000081, -7.832297486999948, 0.0 ], [ 110.731698192000067, -7.830021361999968, 0.0 ], [ 110.729249011000036, -7.828500371999951, 0.0 ], [ 110.72938203800004, -7.823828073999948, 0.0 ], [ 110.727481716000057, -7.823896784999931, 0.0 ], [ 110.726827999000079, -7.822241051999981, 0.0 ], [ 110.72073060300005, -7.821424909999962, 0.0 ], [ 110.712381247000053, -7.82282726699998, 0.0 ], [ 110.712661380000043, -7.814370545999964, 0.0 ], [ 110.711521014000084, -7.811932680999973, 0.0 ], [ 110.712963723000087, -7.808029119999958, 0.0 ], [ 110.712102152000057, -7.806500767999978, 0.0 ], [ 110.711160540000037, -7.807077646999971, 0.0 ], [ 110.710749734000046, -7.805235834999962, 0.0 ], [ 110.709073279000052, -7.805515864999961, 0.0 ], [ 110.711388463000048, -7.804201356999954, 0.0 ], [ 110.71182493200007, -7.800937315999931, 0.0 ], [ 110.714347616000055, -7.799719886999981, 0.0 ], [ 110.71175, -7.791361, 0.0 ] ] ] } },
{ "type": "Feature", "properties": { }, "geometry": { "type": "Polygon", "coordinates": [ [ [ 110.753057426000055, -7.905597053999941, 0.0 ], [ 110.759826223000061, -7.906044989999941, 0.0 ], [ 110.764113836000035, -7.908205847999966, 0.0 ], [ 110.764996263000057, -7.911349688999962, 0.0 ], [ 110.754915253000036, -7.918456460999948, 0.0 ], [ 110.750324728000066, -7.92341738999994, 0.0 ], [ 110.751049794000039, -7.931366810999975, 0.0 ], [ 110.747670281000069, -7.945802554999943, 0.0 ], [ 110.742068905000053, -7.946081733999961, 0.0 ], [ 110.741031845000066, -7.947494167999935, 0.0 ], [ 110.736649456000066, -7.947205549999978, 0.0 ], [ 110.733156618000066, -7.941874232999965, 0.0 ], [ 110.734684494000078, -7.937265649999972, 0.0 ], [ 110.733604686000035, -7.929158436999955, 0.0 ], [ 110.735832246000086, -7.923115253999981, 0.0 ], [ 110.733094791000042, -7.921533978999946, 0.0 ], [ 110.732621533000042, -7.917020098999956, 0.0 ], [ 110.734360816000049, -7.915385632999971, 0.0 ], [ 110.733953874000065, -7.912812414999962, 0.0 ], [ 110.73591648200005, -7.908067102999951, 0.0 ], [ 110.735136310000087, -7.905575184999975, 0.0 ], [ 110.738246004000075, -7.903331627999933, 0.0 ], [ 110.744756838000058, -7.907582341999955, 0.0 ], [ 110.753057426000055, -7.905597053999941, 0.0 ] ] ] } },
{ "type": "Feature", "properties": { }, "geometry": { "type": "Polygon", "coordinates": [ [ [ 110.738048068000069, -7.862060649999933, 0.0 ], [ 110.737394719000065, -7.874387532999947, 0.0 ], [ 110.739352766000081, -7.875130482999964, 0.0 ], [ 110.73733358000004, -7.87525362599996, 0.0 ], [ 110.737802106000061, -7.877958218999936, 0.0 ], [ 110.739914071000044, -7.878258749999929, 0.0 ], [ 110.738783378000051, -7.87989240099995, 0.0 ], [ 110.741042591000053, -7.883037449999961, 0.0 ], [ 110.74170545000004, -7.88150417199995, 0.0 ], [ 110.743477554000037, -7.881861758999946, 0.0 ], [ 110.74327784500008, -7.884889109999961, 0.0 ], [ 110.746036538000055, -7.887307532999955, 0.0 ], [ 110.745063358000039, -7.887659776999953, 0.0 ], [ 110.746225839000033, -7.892349612999965, 0.0 ], [ 110.750800523000066, -7.896775890999947, 0.0 ], [ 110.752925320000088, -7.896679995999932, 0.0 ], [ 110.752474945000074, -7.898115889999929, 0.0 ], [ 110.753905601000042, -7.899496588999966, 0.0 ], [ 110.752673692000087, -7.902624699999933, 0.0 ], [ 110.753697247000048, -7.904768054999977, 0.0 ], [ 110.744756838000058, -7.907582341999955, 0.0 ], [ 110.738174813000057, -7.903339995999943, 0.0 ], [ 110.729718094000077, -7.907894595999949, 0.0 ], [ 110.725547848000076, -7.904602072999978, 0.0 ], [ 110.718154487000049, -7.904091823999977, 0.0 ], [ 110.718809903000079, -7.902159173999962, 0.0 ], [ 110.717504900000051, -7.902083373999972, 0.0 ], [ 110.718479417000083, -7.90144614299993, 0.0 ], [ 110.713696689000074, -7.899985576999939, 0.0 ], [ 110.717296088000069, -7.889706902999933, 0.0 ], [ 110.715997071000061, -7.888442815999952, 0.0 ], [ 110.717690545000039, -7.886936812999977, 0.0 ], [ 110.715961389000086, -7.885314794999942, 0.0 ], [ 110.716776698000047, -7.882559405999928, 0.0 ], [ 110.715873286000033, -7.880057574999967, 0.0 ], [ 110.717231451000089, -7.879006188999938, 0.0 ], [ 110.720380196000065, -7.879315045999931, 0.0 ], [ 110.721061023000061, -7.876885666999954, 0.0 ], [ 110.72325599800007, -7.876129894999963, 0.0 ], [ 110.724235193000084, -7.872368475999963, 0.0 ], [ 110.726250906000075, -7.873066011999981, 0.0 ], [ 110.725762584000051, -7.871203235999928, 0.0 ], [ 110.727682697000034, -7.871368511999947, 0.0 ], [ 110.731374182000081, -7.868341360999977, 0.0 ], [ 110.733660396000062, -7.864313003999939, 0.0 ], [ 110.733442222000065, -7.862207507999926, 0.0 ], [ 110.738048068000069, -7.862060649999933, 0.0 ] ] ] } },
{ "type": "Feature", "properties": { }, "geometry": { "type": "Polygon", "coordinates": [ [ [ 110.737721514000043, -7.823819454999978, 0.0 ], [ 110.738344547000054, -7.826806013999942, 0.0 ], [ 110.743274284000051, -7.831143279999935, 0.0 ], [ 110.743526886000041, -7.833218668999962, 0.0 ], [ 110.753160626000067, -7.839508427999931, 0.0 ], [ 110.752882239000087, -7.842584758999976, 0.0 ], [ 110.756139387000076, -7.844033520999972, 0.0 ], [ 110.755707825000059, -7.846601491999934, 0.0 ], [ 110.751251479000075, -7.851323243999957, 0.0 ], [ 110.748016489000065, -7.84991744499996, 0.0 ], [ 110.746412645000078, -7.850612094999974, 0.0 ], [ 110.742458519000081, -7.848212613999976, 0.0 ], [ 110.740173602000084, -7.848466823999956, 0.0 ], [ 110.738242228000047, -7.852991340999949, 0.0 ], [ 110.736390288000052, -7.853729230999932, 0.0 ], [ 110.734480336000047, -7.849386992999939, 0.0 ], [ 110.731050179000079, -7.849932381999963, 0.0 ], [ 110.725593772000082, -7.847599039999977, 0.0 ], [ 110.724408964000077, -7.845717874999934, 0.0 ], [ 110.722045674000071, -7.845145775999981, 0.0 ], [ 110.720378796000034, -7.846209644999931, 0.0 ], [ 110.715703681000036, -7.842873723999958, 0.0 ], [ 110.715926277000051, -7.84197676399998, 0.0 ], [ 110.718151717000069, -7.842371472999957, 0.0 ], [ 110.718605236000087, -7.840356118999978, 0.0 ], [ 110.71695731300008, -7.839469493999957, 0.0 ], [ 110.715809189000083, -7.836034497999947, 0.0 ], [ 110.716804839000076, -7.834646741999961, 0.0 ], [ 110.715684148000037, -7.831398430999968, 0.0 ], [ 110.716284765000069, -7.82217316699996, 0.0 ], [ 110.72073060300005, -7.821424909999962, 0.0 ], [ 110.726827999000079, -7.822241051999981, 0.0 ], [ 110.727481716000057, -7.823896784999931, 0.0 ], [ 110.72938203800004, -7.823828073999948, 0.0 ], [ 110.729249011000036, -7.828500371999951, 0.0 ], [ 110.731698192000067, -7.830021361999968, 0.0 ], [ 110.732056121000085, -7.832599152999933, 0.0 ], [ 110.732447902000047, -7.831698995999943, 0.0 ], [ 110.73575560200004, -7.832786993999946, 0.0 ], [ 110.736299899000073, -7.83157608099998, 0.0 ], [ 110.737751345000049, -7.831960168999956, 0.0 ], [ 110.737964748000081, -7.830119006999951, 0.0 ], [ 110.735989563000089, -7.828168646999927, 0.0 ], [ 110.737721514000043, -7.823819454999978, 0.0 ] ] ] } },
{ "type": "Feature", "properties": { }, "geometry": { "type": "Polygon", "coordinates": [ [ [ 110.746949998000048, -7.946087982999927, 0.0 ], [ 110.745065403000069, -7.94940837799993, 0.0 ], [ 110.747200918000033, -7.952706866999961, 0.0 ], [ 110.743999322000036, -7.966085293999981, 0.0 ], [ 110.745777806000035, -7.967210353999974, 0.0 ], [ 110.749333527000033, -7.966202248999934, 0.0 ], [ 110.750795040000071, -7.968821384999956, 0.0 ], [ 110.748070526000049, -7.974692944999958, 0.0 ], [ 110.749262288000068, -7.976168464999944, 0.0 ], [ 110.748492207000083, -7.97787018799994, 0.0 ], [ 110.750443174000054, -7.98484254899995, 0.0 ], [ 110.748862006000081, -7.991306011999939, 0.0 ], [ 110.748199501000045, -7.992501643999958, 0.0 ], [ 110.745168628000044, -7.990604523999934, 0.0 ], [ 110.741234300000087, -7.992197068999928, 0.0 ], [ 110.736742992000075, -7.992326028999969, 0.0 ], [ 110.734131159000071, -7.990678784999943, 0.0 ], [ 110.732801019000078, -7.991548510999962, 0.0 ], [ 110.729067373000078, -7.99018498199996, 0.0 ], [ 110.729096702000049, -7.988988460999963, 0.0 ], [ 110.734119323000073, -7.983962690999931, 0.0 ], [ 110.73551119800004, -7.978978991999952, 0.0 ], [ 110.733552169000063, -7.977799965999964, 0.0 ], [ 110.732106936000037, -7.978708874999938, 0.0 ], [ 110.727608387000089, -7.977849125999967, 0.0 ], [ 110.724116341000069, -7.974907972999972, 0.0 ], [ 110.720195072000081, -7.974836995999965, 0.0 ], [ 110.721604175000039, -7.967067327999928, 0.0 ], [ 110.718178114000068, -7.964209627999935, 0.0 ], [ 110.719244135000054, -7.957527478999964, 0.0 ], [ 110.720370512000045, -7.95792658199997, 0.0 ], [ 110.72174037800005, -7.955000107999979, 0.0 ], [ 110.723261527000034, -7.955205090999925, 0.0 ], [ 110.722658038000077, -7.954164377999973, 0.0 ], [ 110.724815002000071, -7.954376961999969, 0.0 ], [ 110.724911102000078, -7.951969924999958, 0.0 ], [ 110.726903108000045, -7.950317776999952, 0.0 ], [ 110.732634997000048, -7.949863470999958, 0.0 ], [ 110.735893782000062, -7.946769777999975, 0.0 ], [ 110.739448177000043, -7.947616619999962, 0.0 ], [ 110.742068905000053, -7.946081733999961, 0.0 ], [ 110.746949998000048, -7.946087982999927, 0.0 ] ] ] } },
{ "type": "Feature", "properties": { }, "geometry": { "type": "Polygon", "coordinates": [ [ [ 110.770343948000061, -7.90890055899996, 0.0 ], [ 110.769851153000047, -7.921038827999951, 0.0 ], [ 110.771482744000082, -7.942958419999968, 0.0 ], [ 110.768246497000064, -7.953251025999975, 0.0 ], [ 110.767627827000069, -7.966717883999934, 0.0 ], [ 110.762275922000072, -7.964501180999946, 0.0 ], [ 110.758603081000047, -7.965262447999976, 0.0 ], [ 110.758633995000082, -7.956172337999931, 0.0 ], [ 110.752016565000076, -7.953307485999972, 0.0 ], [ 110.753217230000075, -7.95071593199998, 0.0 ], [ 110.75102441100006, -7.950522963999958, 0.0 ], [ 110.748447204000058, -7.947635034999962, 0.0 ], [ 110.746623241000066, -7.948910693999949, 0.0 ], [ 110.747743752000076, -7.946879463999949, 0.0 ], [ 110.74642226800006, -7.947200256999963, 0.0 ], [ 110.750038906000043, -7.93811325799993, 0.0 ], [ 110.751079329000049, -7.931015994999939, 0.0 ], [ 110.750077031000046, -7.928936379999925, 0.0 ], [ 110.751189962000069, -7.92584126099996, 0.0 ], [ 110.75023987700007, -7.923644731999957, 0.0 ], [ 110.751401043000044, -7.921585900999958, 0.0 ], [ 110.753519190000077, -7.921073900999943, 0.0 ], [ 110.754465395000068, -7.918839516999981, 0.0 ], [ 110.757147502000066, -7.917798328999936, 0.0 ], [ 110.761926869000035, -7.91281468699998, 0.0 ], [ 110.770343948000061, -7.90890055899996, 0.0 ] ] ] } },
{ "type": "Feature", "properties": { }, "geometry": { "type": "Polygon", "coordinates": [ [ [ 110.735136310000087, -7.905575184999975, 0.0 ], [ 110.735834710000063, -7.908625473999962, 0.0 ], [ 110.732568804000039, -7.918674997999972, 0.0 ], [ 110.733251030000076, -7.921774464999942, 0.0 ], [ 110.735832246000086, -7.923115253999981, 0.0 ], [ 110.733604686000035, -7.929158436999955, 0.0 ], [ 110.734684494000078, -7.937265649999972, 0.0 ], [ 110.733156618000066, -7.941874232999965, 0.0 ], [ 110.735846428000059, -7.946937042999934, 0.0 ], [ 110.732634997000048, -7.949863470999958, 0.0 ], [ 110.726795543000037, -7.950372928999968, 0.0 ], [ 110.724911102000078, -7.951969924999958, 0.0 ], [ 110.724815002000071, -7.954376961999969, 0.0 ], [ 110.722791686000051, -7.954089753999938, 0.0 ], [ 110.723261527000034, -7.955205090999925, 0.0 ], [ 110.721673802000055, -7.955046890999938, 0.0 ], [ 110.720370512000045, -7.95792658199997, 0.0 ], [ 110.719276769000089, -7.95745603499995, 0.0 ], [ 110.71969626200007, -7.958710218999954, 0.0 ], [ 110.714877111000078, -7.954900289999955, 0.0 ], [ 110.710514440000054, -7.957572724999977, 0.0 ], [ 110.71042383300005, -7.955798114999936, 0.0 ], [ 110.712173709000069, -7.95567179699998, 0.0 ], [ 110.713886783000078, -7.953390169999977, 0.0 ], [ 110.713543775000062, -7.945249321999938, 0.0 ], [ 110.715494696000064, -7.941716628999927, 0.0 ], [ 110.714592767000056, -7.938198242999931, 0.0 ], [ 110.71186674900008, -7.938562462999926, 0.0 ], [ 110.71230177800004, -7.932598162999966, 0.0 ], [ 110.709470679000049, -7.929614065999942, 0.0 ], [ 110.708101384000088, -7.929840073999969, 0.0 ], [ 110.707113630000038, -7.922022313999946, 0.0 ], [ 110.708627904000082, -7.916237612999964, 0.0 ], [ 110.707181624000043, -7.912874170999942, 0.0 ], [ 110.709532842000044, -7.91085835399997, 0.0 ], [ 110.710110506000035, -7.906232140999975, 0.0 ], [ 110.709016635000069, -7.906299568999941, 0.0 ], [ 110.713395825000077, -7.904678726999975, 0.0 ], [ 110.723539153000047, -7.904028904999961, 0.0 ], [ 110.729718094000077, -7.907894595999949, 0.0 ], [ 110.735136310000087, -7.905575184999975, 0.0 ] ] ] } },
{ "type": "Feature", "properties": { }, "geometry": { "type": "Polygon", "coordinates": [ [ [ 110.701107018000073, -7.854673555999966, 0.0 ], [ 110.698817744000053, -7.861299387999964, 0.0 ], [ 110.69503829100006, -7.861786452999979, 0.0 ], [ 110.693399363000083, -7.859867480999981, 0.0 ], [ 110.693650388000037, -7.85794421199995, 0.0 ], [ 110.691983234000077, -7.857654238999942, 0.0 ], [ 110.692635727000038, -7.854341687999977, 0.0 ], [ 110.689888599000085, -7.854975884999931, 0.0 ], [ 110.688663859000087, -7.853419203999977, 0.0 ], [ 110.68679067000005, -7.853360082999927, 0.0 ], [ 110.684998562000033, -7.85586868799993, 0.0 ], [ 110.683635149000054, -7.855357023999943, 0.0 ], [ 110.679519403000086, -7.860302513999954, 0.0 ], [ 110.678927643000065, -7.859280131999981, 0.0 ], [ 110.675699857000041, -7.861636777999934, 0.0 ], [ 110.674698030000059, -7.860475550999979, 0.0 ], [ 110.676013196000042, -7.859193412999957, 0.0 ], [ 110.674158314000067, -7.858098297999959, 0.0 ], [ 110.66751847200004, -7.857514198999979, 0.0 ], [ 110.664751383000066, -7.853844997999943, 0.0 ], [ 110.666851967000071, -7.840949679999937, 0.0 ], [ 110.665089469000065, -7.839651929999945, 0.0 ], [ 110.662195687000064, -7.830775312999947, 0.0 ], [ 110.66579177400007, -7.831302205999975, 0.0 ], [ 110.670503608000047, -7.829766812999935, 0.0 ], [ 110.67366357700007, -7.83063246599994, 0.0 ], [ 110.678851206000047, -7.835246970999947, 0.0 ], [ 110.685081404000073, -7.83522228399994, 0.0 ], [ 110.684512527000038, -7.837983728999973, 0.0 ], [ 110.689538827000035, -7.840596525999956, 0.0 ], [ 110.690595920000078, -7.84644845899993, 0.0 ], [ 110.692149043000086, -7.847003063999978, 0.0 ], [ 110.69029671800007, -7.848765320999973, 0.0 ], [ 110.691192799000078, -7.853167590999931, 0.0 ], [ 110.692506802000082, -7.853882074999945, 0.0 ], [ 110.693110914000044, -7.852120260999925, 0.0 ], [ 110.695616496000071, -7.853417135999962, 0.0 ], [ 110.698035287000039, -7.851438309999935, 0.0 ], [ 110.699928057000079, -7.851991948999967, 0.0 ], [ 110.701107018000073, -7.854673555999966, 0.0 ] ] ] } },
{ "type": "Feature", "properties": { }, "geometry": { "type": "Polygon", "coordinates": [ [ [ 110.708126121000078, -7.917909433999966, 0.0 ], [ 110.707113630000038, -7.922022313999946, 0.0 ], [ 110.708477358000039, -7.931978013999981, 0.0 ], [ 110.705726763000087, -7.937255080999932, 0.0 ], [ 110.699210599000082, -7.936802535999959, 0.0 ], [ 110.694381572000054, -7.932068265999931, 0.0 ], [ 110.694924470000046, -7.934603825999943, 0.0 ], [ 110.692217697000046, -7.932841270999972, 0.0 ], [ 110.688482228000055, -7.934589347999975, 0.0 ], [ 110.685496035000085, -7.93151860699993, 0.0 ], [ 110.684652765000067, -7.937556995999955, 0.0 ], [ 110.685743281000043, -7.938302970999928, 0.0 ], [ 110.684335559000033, -7.940444684999932, 0.0 ], [ 110.685385594000081, -7.941683352999974, 0.0 ], [ 110.683262709000076, -7.943945522999968, 0.0 ], [ 110.685680480000087, -7.945909904999951, 0.0 ], [ 110.684388956000078, -7.94731018799996, 0.0 ], [ 110.685402214000078, -7.948798831999966, 0.0 ], [ 110.680819811000049, -7.951156707999928, 0.0 ], [ 110.67929072700008, -7.95550491299997, 0.0 ], [ 110.672018822000041, -7.954514592999942, 0.0 ], [ 110.67249621600007, -7.950037089999967, 0.0 ], [ 110.669619777000037, -7.946581305999928, 0.0 ], [ 110.669329588000039, -7.944210401999953, 0.0 ], [ 110.672195210000041, -7.942823006999959, 0.0 ], [ 110.674627688000044, -7.943263304999959, 0.0 ], [ 110.673484305000045, -7.93916748099997, 0.0 ], [ 110.674006247000079, -7.934161485999937, 0.0 ], [ 110.679021798000065, -7.933629157999974, 0.0 ], [ 110.678688350000073, -7.929880276999938, 0.0 ], [ 110.676396515000079, -7.929477815999974, 0.0 ], [ 110.672779165000065, -7.926351225999952, 0.0 ], [ 110.673662962000037, -7.924608565999961, 0.0 ], [ 110.676512098000046, -7.924676304999934, 0.0 ], [ 110.679140001000064, -7.922919302999958, 0.0 ], [ 110.680530246000046, -7.923966469999925, 0.0 ], [ 110.682623584000055, -7.922612801999946, 0.0 ], [ 110.683746360000043, -7.92343331099994, 0.0 ], [ 110.684772259000056, -7.921093220999978, 0.0 ], [ 110.686936632000084, -7.92134699199994, 0.0 ], [ 110.689517409000075, -7.919330120999973, 0.0 ], [ 110.690341056000079, -7.919958061999978, 0.0 ], [ 110.689038907000054, -7.919948665999925, 0.0 ], [ 110.689166785000054, -7.921793995999963, 0.0 ], [ 110.688144506000071, -7.921287413999949, 0.0 ], [ 110.68717728200005, -7.924454612999966, 0.0 ], [ 110.689330574000053, -7.924777061999976, 0.0 ], [ 110.689160775000062, -7.927542628999959, 0.0 ], [ 110.693539043000044, -7.929405909999957, 0.0 ], [ 110.69658484100006, -7.928427510999938, 0.0 ], [ 110.698938702000078, -7.924755225999945, 0.0 ], [ 110.69697900500006, -7.919764038999972, 0.0 ], [ 110.70479686200008, -7.917076683999937, 0.0 ], [ 110.708126121000078, -7.917909433999966, 0.0 ] ] ] } },
{ "type": "Feature", "properties": { }, "geometry": { "type": "Polygon", "coordinates": [ [ [ 110.712505186000044, -8.018342780999944, 0.0 ], [ 110.713886045000038, -8.02351385299994, 0.0 ], [ 110.715731376000065, -8.02521681199994, 0.0 ], [ 110.715185502000054, -8.027976200999944, 0.0 ], [ 110.712329440000076, -8.028311951999967, 0.0 ], [ 110.710120065000069, -8.032463628999949, 0.0 ], [ 110.708161756000038, -8.032880036999927, 0.0 ], [ 110.698939443000086, -8.032565021999972, 0.0 ], [ 110.699008396000067, -8.028531916999953, 0.0 ], [ 110.697099262000052, -8.025967514999934, 0.0 ], [ 110.685627532000069, -8.026145674999952, 0.0 ], [ 110.681852078000077, -8.023424580999972, 0.0 ], [ 110.680028533000041, -8.023995364999962, 0.0 ], [ 110.678992336000078, -8.022477979999962, 0.0 ], [ 110.679997649000086, -8.017623599999979, 0.0 ], [ 110.682104307000088, -8.017428990999974, 0.0 ], [ 110.684236873000089, -8.014204678999931, 0.0 ], [ 110.69016550300006, -8.014164944999948, 0.0 ], [ 110.690210729000057, -8.009974241999942, 0.0 ], [ 110.696067059000086, -8.010927017999961, 0.0 ], [ 110.697492533000059, -8.014541864999956, 0.0 ], [ 110.699439126000073, -8.013862268999958, 0.0 ], [ 110.700362510000048, -8.011860542999955, 0.0 ], [ 110.703875112000048, -8.011613414999943, 0.0 ], [ 110.706110850000073, -8.007904531999941, 0.0 ], [ 110.707893648000038, -8.01426808399998, 0.0 ], [ 110.709513992000041, -8.015261274999943, 0.0 ], [ 110.710320524000053, -8.018136187999971, 0.0 ], [ 110.712505186000044, -8.018342780999944, 0.0 ] ] ] } },
{ "type": "Feature", "properties": { }, "geometry": { "type": "Polygon", "coordinates": [ [ [ 110.691353320000076, -7.886494587999948, 0.0 ], [ 110.691415297000049, -7.889375130999952, 0.0 ], [ 110.693015507000041, -7.891529896999941, 0.0 ], [ 110.697732392000034, -7.889268903999948, 0.0 ], [ 110.703220401000067, -7.890929551999932, 0.0 ], [ 110.707694658000037, -7.897494265999967, 0.0 ], [ 110.706717154000046, -7.900322342999971, 0.0 ], [ 110.707802736000076, -7.905755986999964, 0.0 ], [ 110.708269147000067, -7.906679683999926, 0.0 ], [ 110.710110506000035, -7.906232140999975, 0.0 ], [ 110.709532842000044, -7.91085835399997, 0.0 ], [ 110.707181624000043, -7.912874170999942, 0.0 ], [ 110.708627904000082, -7.916237612999964, 0.0 ], [ 110.708126121000078, -7.917909433999966, 0.0 ], [ 110.70479686200008, -7.917076683999937, 0.0 ], [ 110.69697900500006, -7.919764038999972, 0.0 ], [ 110.698938702000078, -7.924755225999945, 0.0 ], [ 110.69658484100006, -7.928427510999938, 0.0 ], [ 110.693539043000044, -7.929405909999957, 0.0 ], [ 110.689160775000062, -7.927542628999959, 0.0 ], [ 110.689330574000053, -7.924777061999976, 0.0 ], [ 110.68717728200005, -7.924454612999966, 0.0 ], [ 110.688144506000071, -7.921287413999949, 0.0 ], [ 110.689166785000054, -7.921793995999963, 0.0 ], [ 110.689038907000054, -7.919948665999925, 0.0 ], [ 110.690341056000079, -7.919958061999978, 0.0 ], [ 110.689517409000075, -7.919330120999973, 0.0 ], [ 110.686936632000084, -7.92134699199994, 0.0 ], [ 110.684772259000056, -7.921093220999978, 0.0 ], [ 110.683746360000043, -7.92343331099994, 0.0 ], [ 110.682623584000055, -7.922612801999946, 0.0 ], [ 110.680530246000046, -7.923966469999925, 0.0 ], [ 110.679140001000064, -7.922919302999958, 0.0 ], [ 110.676512098000046, -7.924676304999934, 0.0 ], [ 110.673662962000037, -7.924608565999961, 0.0 ], [ 110.675287233000063, -7.918039386999965, 0.0 ], [ 110.674560117000055, -7.90674766099994, 0.0 ], [ 110.676306336000039, -7.904774504999978, 0.0 ], [ 110.675876759000062, -7.902583915999969, 0.0 ], [ 110.677572670000075, -7.901529302999961, 0.0 ], [ 110.677625117000048, -7.899028169999951, 0.0 ], [ 110.682985763000033, -7.898887095999953, 0.0 ], [ 110.683031975000063, -7.895588650999969, 0.0 ], [ 110.679824129000053, -7.895461920999935, 0.0 ], [ 110.679808370000046, -7.894258480999952, 0.0 ], [ 110.684011105000081, -7.892060698999956, 0.0 ], [ 110.684393571000044, -7.890368792999936, 0.0 ], [ 110.682624736000037, -7.889616549999971, 0.0 ], [ 110.678790333000052, -7.883793680999929, 0.0 ], [ 110.676923118000047, -7.883327735999956, 0.0 ], [ 110.677828899000076, -7.882075639999925, 0.0 ], [ 110.682470194000075, -7.882842531999927, 0.0 ], [ 110.691353320000076, -7.886494587999948, 0.0 ] ] ] } },
{ "type": "Feature", "properties": { }, "geometry": { "type": "Polygon", "coordinates": [ [ [ 110.71246534900007, -7.814494023999941, 0.0 ], [ 110.712442343000077, -7.818863754999938, 0.0 ], [ 110.70936934000008, -7.82147238999994, 0.0 ], [ 110.702271206000034, -7.834296220999931, 0.0 ], [ 110.700897056000088, -7.834023338999941, 0.0 ], [ 110.700407817000041, -7.835119325999926, 0.0 ], [ 110.697009091000041, -7.834484909999958, 0.0 ], [ 110.697818959000074, -7.830113498999935, 0.0 ], [ 110.694505007000089, -7.828577405999965, 0.0 ], [ 110.694220356000073, -7.826485527999978, 0.0 ], [ 110.685408625000036, -7.818171032999942, 0.0 ], [ 110.679233522000061, -7.819992315999968, 0.0 ], [ 110.675230172000056, -7.819465455999932, 0.0 ], [ 110.670700640000064, -7.823521120999942, 0.0 ], [ 110.66628354900007, -7.825086155999941, 0.0 ], [ 110.649014627000042, -7.823952189999943, 0.0 ], [ 110.655016937000084, -7.818808360999981, 0.0 ], [ 110.662967639000044, -7.815309303999925, 0.0 ], [ 110.669056828000066, -7.809225672999958, 0.0 ], [ 110.67757438700005, -7.810918366999942, 0.0 ], [ 110.679646297000033, -7.810218272999975, 0.0 ], [ 110.693355684000039, -7.814094023999928, 0.0 ], [ 110.699413757000059, -7.812825966999981, 0.0 ], [ 110.701932510000063, -7.817067823999935, 0.0 ], [ 110.704253493000067, -7.815551794999976, 0.0 ], [ 110.708250792000058, -7.816623934999939, 0.0 ], [ 110.710294200000078, -7.815564334999976, 0.0 ], [ 110.709749920000036, -7.814939247999973, 0.0 ], [ 110.71246534900007, -7.814494023999941, 0.0 ] ] ] } },
{ "type": "Feature", "properties": { }, "geometry": { "type": "Polygon", "coordinates": [ [ [ 110.712442343000077, -7.818863754999938, 0.0 ], [ 110.711867762000054, -7.828313240999933, 0.0 ], [ 110.706189549000044, -7.848377869999979, 0.0 ], [ 110.700618726000073, -7.854803556999968, 0.0 ], [ 110.699928057000079, -7.851991948999967, 0.0 ], [ 110.698035287000039, -7.851438309999935, 0.0 ], [ 110.695616496000071, -7.853417135999962, 0.0 ], [ 110.693110914000044, -7.852120260999925, 0.0 ], [ 110.692506802000082, -7.853882074999945, 0.0 ], [ 110.691192799000078, -7.853167590999931, 0.0 ], [ 110.69029671800007, -7.848765320999973, 0.0 ], [ 110.692149043000086, -7.847003063999978, 0.0 ], [ 110.690595920000078, -7.84644845899993, 0.0 ], [ 110.689538827000035, -7.840596525999956, 0.0 ], [ 110.684512527000038, -7.837983728999973, 0.0 ], [ 110.685457856000085, -7.83562560699994, 0.0 ], [ 110.684007862000044, -7.834579715999951, 0.0 ], [ 110.678851206000047, -7.835246970999947, 0.0 ], [ 110.67366357700007, -7.83063246599994, 0.0 ], [ 110.670298776000038, -7.829732951999972, 0.0 ], [ 110.66579177400007, -7.831302205999975, 0.0 ], [ 110.66132077900005, -7.829936903999965, 0.0 ], [ 110.658395121000069, -7.830961657999978, 0.0 ], [ 110.657818129000077, -7.827030183999966, 0.0 ], [ 110.649881967000056, -7.826356226999962, 0.0 ], [ 110.649327964000065, -7.825419071999931, 0.0 ], [ 110.651559131000056, -7.823776373999976, 0.0 ], [ 110.66628354900007, -7.825086155999941, 0.0 ], [ 110.670700640000064, -7.823521120999942, 0.0 ], [ 110.675230172000056, -7.819465455999932, 0.0 ], [ 110.679233522000061, -7.819992315999968, 0.0 ], [ 110.685077445000047, -7.818106156999931, 0.0 ], [ 110.689837714000078, -7.821485240999948, 0.0 ], [ 110.694338726000069, -7.826632710999945, 0.0 ], [ 110.694505007000089, -7.828577405999965, 0.0 ], [ 110.697818959000074, -7.830113498999935, 0.0 ], [ 110.697009091000041, -7.834484909999958, 0.0 ], [ 110.700407817000041, -7.835119325999926, 0.0 ], [ 110.700897056000088, -7.834023338999941, 0.0 ], [ 110.702271206000034, -7.834296220999931, 0.0 ], [ 110.70936934000008, -7.82147238999994, 0.0 ], [ 110.712442343000077, -7.818863754999938, 0.0 ] ] ] } },
{ "type": "Feature", "properties": { }, "geometry": { "type": "Polygon", "coordinates": [ [ [ 110.715498553000089, -7.942232807999972, 0.0 ], [ 110.712310978000062, -7.943484197999965, 0.0 ], [ 110.711080550000077, -7.946696876999965, 0.0 ], [ 110.707612629000039, -7.949583717999928, 0.0 ], [ 110.707526362000067, -7.953430191999928, 0.0 ], [ 110.709335645000067, -7.95265354299994, 0.0 ], [ 110.710150737000049, -7.955207659999928, 0.0 ], [ 110.70749739300004, -7.954997678999973, 0.0 ], [ 110.70636877000004, -7.95723940299996, 0.0 ], [ 110.708843992000084, -7.956518315999972, 0.0 ], [ 110.709262814000056, -7.958644930999981, 0.0 ], [ 110.705646869000077, -7.960079585999949, 0.0 ], [ 110.704048367000041, -7.958997366999938, 0.0 ], [ 110.704636233000087, -7.96085429599998, 0.0 ], [ 110.702987476000033, -7.96114255699996, 0.0 ], [ 110.702436791000082, -7.966138951999937, 0.0 ], [ 110.699374873000068, -7.971801677999963, 0.0 ], [ 110.69452804000008, -7.969919116999961, 0.0 ], [ 110.688422351000042, -7.971149724999975, 0.0 ], [ 110.685602982000034, -7.968014318999963, 0.0 ], [ 110.682512503000055, -7.967680747999964, 0.0 ], [ 110.683764843000063, -7.965328186999955, 0.0 ], [ 110.682537622000041, -7.964812962999929, 0.0 ], [ 110.681258632000038, -7.967036290999943, 0.0 ], [ 110.679258714000071, -7.965667932999963, 0.0 ], [ 110.680285921000063, -7.96348117399998, 0.0 ], [ 110.675796620000085, -7.961663256999941, 0.0 ], [ 110.676075451000088, -7.955729185999928, 0.0 ], [ 110.679615351000052, -7.955311169999959, 0.0 ], [ 110.680819811000049, -7.951156707999928, 0.0 ], [ 110.68547565700004, -7.948608892999971, 0.0 ], [ 110.684388956000078, -7.94731018799996, 0.0 ], [ 110.685680480000087, -7.945909904999951, 0.0 ], [ 110.683262709000076, -7.943945522999968, 0.0 ], [ 110.685385594000081, -7.941683352999974, 0.0 ], [ 110.684335559000033, -7.940444684999932, 0.0 ], [ 110.685743281000043, -7.938302970999928, 0.0 ], [ 110.684652765000067, -7.937556995999955, 0.0 ], [ 110.685496035000085, -7.93151860699993, 0.0 ], [ 110.688482228000055, -7.934589347999975, 0.0 ], [ 110.692217697000046, -7.932841270999972, 0.0 ], [ 110.694924470000046, -7.934603825999943, 0.0 ], [ 110.694381572000054, -7.932068265999931, 0.0 ], [ 110.698929669000051, -7.936673654999936, 0.0 ], [ 110.705612396000049, -7.937317159999964, 0.0 ], [ 110.709125990000075, -7.929462703999945, 0.0 ], [ 110.712801070000069, -7.93356608299996, 0.0 ], [ 110.71186674900008, -7.938562462999926, 0.0 ], [ 110.714008396000054, -7.937750593999965, 0.0 ], [ 110.715311571000086, -7.939912768999932, 0.0 ], [ 110.715498553000089, -7.942232807999972, 0.0 ] ] ] } },
{ "type": "Feature", "properties": { }, "geometry": { "type": "Polygon", "coordinates": [ [ [ 110.652704825000058, -7.866738330999965, 0.0 ], [ 110.65533322400006, -7.864201850999962, 0.0 ], [ 110.655609679000065, -7.862668063999934, 0.0 ], [ 110.658440730000052, -7.863788912999951, 0.0 ], [ 110.659502269000086, -7.863074919999974, 0.0 ], [ 110.660715859000049, -7.865132806999952, 0.0 ], [ 110.661386920000041, -7.863365905999956, 0.0 ], [ 110.662703481000051, -7.863392203999979, 0.0 ], [ 110.66209796000004, -7.861354394999978, 0.0 ], [ 110.662987022000038, -7.862568780999936, 0.0 ], [ 110.663402464000058, -7.860801589999937, 0.0 ], [ 110.664894873000037, -7.860273129999939, 0.0 ], [ 110.664207051000062, -7.863345661999972, 0.0 ], [ 110.66796559800008, -7.864232419999951, 0.0 ], [ 110.667361012000072, -7.86616259799996, 0.0 ], [ 110.670297155000071, -7.874158444999978, 0.0 ], [ 110.677828899000076, -7.882075639999925, 0.0 ], [ 110.676923118000047, -7.883327735999956, 0.0 ], [ 110.678790333000052, -7.883793680999929, 0.0 ], [ 110.682624736000037, -7.889616549999971, 0.0 ], [ 110.684387552000089, -7.890150267999957, 0.0 ], [ 110.684011105000081, -7.892060698999956, 0.0 ], [ 110.679808370000046, -7.894258480999952, 0.0 ], [ 110.679824129000053, -7.895461920999935, 0.0 ], [ 110.683031975000063, -7.895588650999969, 0.0 ], [ 110.683010173000071, -7.89733218799995, 0.0 ], [ 110.669010710000066, -7.894673625999928, 0.0 ], [ 110.666554329000064, -7.895870063999951, 0.0 ], [ 110.660756753000044, -7.893433547999962, 0.0 ], [ 110.658710285000041, -7.890790634999973, 0.0 ], [ 110.656760785000074, -7.890462070999945, 0.0 ], [ 110.657438053000078, -7.886284343999932, 0.0 ], [ 110.655025157000068, -7.885012249999932, 0.0 ], [ 110.652822266000044, -7.880655928999943, 0.0 ], [ 110.648837818000061, -7.881308781999962, 0.0 ], [ 110.646826455000053, -7.878810360999978, 0.0 ], [ 110.644922534000045, -7.879398884999944, 0.0 ], [ 110.641579035000063, -7.876231248999943, 0.0 ], [ 110.640713253000058, -7.872496043999945, 0.0 ], [ 110.63825055500007, -7.870051049999972, 0.0 ], [ 110.640614919000086, -7.868785662999926, 0.0 ], [ 110.638957842000082, -7.865991319999978, 0.0 ], [ 110.635367587000076, -7.866718170999945, 0.0 ], [ 110.631053164000036, -7.869945906999931, 0.0 ], [ 110.63004617200005, -7.862952013999973, 0.0 ], [ 110.628099642000052, -7.862311917999932, 0.0 ], [ 110.626986559000045, -7.85905216499998, 0.0 ], [ 110.622870205000083, -7.855536000999962, 0.0 ], [ 110.622703003000083, -7.851838482999938, 0.0 ], [ 110.624393460000078, -7.850295701999926, 0.0 ], [ 110.624539221000077, -7.847669986999961, 0.0 ], [ 110.627802, -7.849682160999976, 0.0 ], [ 110.629015828000036, -7.849247773999934, 0.0 ], [ 110.628420048000066, -7.850939796999967, 0.0 ], [ 110.630218110000044, -7.852496727999949, 0.0 ], [ 110.630923849000055, -7.856297895999944, 0.0 ], [ 110.632274534000089, -7.855525625999974, 0.0 ], [ 110.63371333200007, -7.856817023999952, 0.0 ], [ 110.633278865000079, -7.858031792999952, 0.0 ], [ 110.635778611000035, -7.858260209999969, 0.0 ], [ 110.635510872000054, -7.859723186999929, 0.0 ], [ 110.638757678000047, -7.860479371999929, 0.0 ], [ 110.637962860000073, -7.86209970799996, 0.0 ], [ 110.64177053700007, -7.862542018999932, 0.0 ], [ 110.641602871000089, -7.864672818999964, 0.0 ], [ 110.644007704000046, -7.865242864999971, 0.0 ], [ 110.644262731000083, -7.866806199999928, 0.0 ], [ 110.64528006900008, -7.866847118999942, 0.0 ], [ 110.645312220000051, -7.865273706999972, 0.0 ], [ 110.651059273000044, -7.866879071999961, 0.0 ], [ 110.652704825000058, -7.866738330999965, 0.0 ] ] ] } },
{ "type": "Feature", "properties": { }, "geometry": { "type": "Polygon", "coordinates": [ [ [ 110.625152978000074, -7.845868146999976, 0.0 ], [ 110.624393460000078, -7.850295701999926, 0.0 ], [ 110.622703003000083, -7.851838482999938, 0.0 ], [ 110.622870205000083, -7.855536000999962, 0.0 ], [ 110.626986559000045, -7.85905216499998, 0.0 ], [ 110.628099642000052, -7.862311917999932, 0.0 ], [ 110.63004617200005, -7.862952013999973, 0.0 ], [ 110.631053164000036, -7.869945906999931, 0.0 ], [ 110.635367587000076, -7.866718170999945, 0.0 ], [ 110.638957842000082, -7.865991319999978, 0.0 ], [ 110.640614919000086, -7.868785662999926, 0.0 ], [ 110.63825055500007, -7.870051049999972, 0.0 ], [ 110.640713253000058, -7.872496043999945, 0.0 ], [ 110.641579035000063, -7.876231248999943, 0.0 ], [ 110.644922534000045, -7.879398884999944, 0.0 ], [ 110.646826455000053, -7.878810360999978, 0.0 ], [ 110.648837818000061, -7.881308781999962, 0.0 ], [ 110.652822266000044, -7.880655928999943, 0.0 ], [ 110.655025157000068, -7.885012249999932, 0.0 ], [ 110.657438053000078, -7.886284343999932, 0.0 ], [ 110.656760785000074, -7.890462070999945, 0.0 ], [ 110.666218387000072, -7.895808723999949, 0.0 ], [ 110.671752056000059, -7.895030118999955, 0.0 ], [ 110.678202679000037, -7.897215398999947, 0.0 ], [ 110.683010173000071, -7.89733218799995, 0.0 ], [ 110.682874816000037, -7.899012938999931, 0.0 ], [ 110.677625117000048, -7.899028169999951, 0.0 ], [ 110.675452485000051, -7.905799755999965, 0.0 ], [ 110.674544970000056, -7.902862262999975, 0.0 ], [ 110.668538621000039, -7.904091886999936, 0.0 ], [ 110.664311510000061, -7.90295290399996, 0.0 ], [ 110.660267899000075, -7.906493274999946, 0.0 ], [ 110.656300055000088, -7.899874314999977, 0.0 ], [ 110.652120929000034, -7.896007151999981, 0.0 ], [ 110.648514460000058, -7.888204689999952, 0.0 ], [ 110.645983403000059, -7.88586554099993, 0.0 ], [ 110.636757892000048, -7.884876300999963, 0.0 ], [ 110.634587384000042, -7.88143032399995, 0.0 ], [ 110.630106965000039, -7.878629511999975, 0.0 ], [ 110.630987800000071, -7.877102560999958, 0.0 ], [ 110.629726144000074, -7.877916435999964, 0.0 ], [ 110.625303719000044, -7.876721688999964, 0.0 ], [ 110.623575676000087, -7.878931401999978, 0.0 ], [ 110.615894050000065, -7.881665560999977, 0.0 ], [ 110.614834883000071, -7.877310171999966, 0.0 ], [ 110.615706922000072, -7.876490737999973, 0.0 ], [ 110.610483904000034, -7.872757303999947, 0.0 ], [ 110.60576401600008, -7.86653391699997, 0.0 ], [ 110.607718865000038, -7.862429039999938, 0.0 ], [ 110.605837281000049, -7.856985208999959, 0.0 ], [ 110.607667995000043, -7.854271593999954, 0.0 ], [ 110.612028816000077, -7.852284324999971, 0.0 ], [ 110.612143383000046, -7.843091888999936, 0.0 ], [ 110.620219431000066, -7.840070140999956, 0.0 ], [ 110.625152978000074, -7.845868146999976, 0.0 ] ] ] } },
{ "type": "Feature", "properties": { }, "geometry": { "type": "Polygon", "coordinates": [ [ [ 110.67715922900004, -7.976666295999962, 0.0 ], [ 110.676260229000036, -7.978734009999926, 0.0 ], [ 110.68053842900008, -7.978653733999977, 0.0 ], [ 110.679430652000065, -7.982229571999937, 0.0 ], [ 110.680636040000081, -7.989675955999928, 0.0 ], [ 110.681153262000066, -7.992692445999978, 0.0 ], [ 110.683054837000043, -7.993452355999977, 0.0 ], [ 110.681995778000044, -8.002995564999935, 0.0 ], [ 110.686015540000085, -8.004659099999969, 0.0 ], [ 110.686624193000057, -8.006446770999958, 0.0 ], [ 110.690272126000082, -8.006942115999948, 0.0 ], [ 110.69016550300006, -8.014164944999948, 0.0 ], [ 110.684236873000089, -8.014204678999931, 0.0 ], [ 110.682104307000088, -8.017428990999974, 0.0 ], [ 110.679997649000086, -8.017623599999979, 0.0 ], [ 110.678992336000078, -8.022477979999962, 0.0 ], [ 110.680028533000041, -8.023995364999962, 0.0 ], [ 110.675541494000072, -8.024387117999936, 0.0 ], [ 110.674926343000038, -8.028027698999949, 0.0 ], [ 110.673337645000061, -8.029423153999971, 0.0 ], [ 110.67545554700007, -8.032140071999947, 0.0 ], [ 110.673412924000047, -8.033091696999975, 0.0 ], [ 110.67461931400004, -8.035877576999951, 0.0 ], [ 110.674101396000083, -8.03928839799994, 0.0 ], [ 110.673350377000077, -8.03973508699994, 0.0 ], [ 110.673775540000065, -8.037202284999978, 0.0 ], [ 110.670594987000072, -8.03444617699995, 0.0 ], [ 110.669460857000047, -8.036447374999966, 0.0 ], [ 110.666580178000061, -8.03721728599993, 0.0 ], [ 110.66141000500005, -8.034925665999936, 0.0 ], [ 110.66073484900005, -8.037268389999952, 0.0 ], [ 110.658474170000034, -8.038206971999955, 0.0 ], [ 110.656387835000089, -8.035845612999935, 0.0 ], [ 110.655358299000056, -8.024308428999973, 0.0 ], [ 110.653180637000048, -8.024951943999952, 0.0 ], [ 110.654297092000036, -8.020738970999957, 0.0 ], [ 110.656743774000063, -8.020285744999967, 0.0 ], [ 110.660913831000073, -8.013510205999978, 0.0 ], [ 110.664464046000035, -8.014150140999959, 0.0 ], [ 110.661672940000074, -7.99223797999997, 0.0 ], [ 110.663458783000067, -7.991078551999976, 0.0 ], [ 110.665016027000036, -7.986627007999971, 0.0 ], [ 110.666358201000037, -7.97647625299993, 0.0 ], [ 110.674162471000045, -7.974812856999961, 0.0 ], [ 110.67715922900004, -7.976666295999962, 0.0 ] ] ] } },
{ "type": "Feature", "properties": { }, "geometry": { "type": "Polygon", "coordinates": [ [ [ 110.672020286000077, -7.951567008999973, 0.0 ], [ 110.672018822000041, -7.954514592999942, 0.0 ], [ 110.67606009800005, -7.955091366999966, 0.0 ], [ 110.675796620000085, -7.961663256999941, 0.0 ], [ 110.680285921000063, -7.96348117399998, 0.0 ], [ 110.679597393000051, -7.966093132999958, 0.0 ], [ 110.681668601000069, -7.967075932999933, 0.0 ], [ 110.682803498000055, -7.964846170999976, 0.0 ], [ 110.683903589000067, -7.965584113999967, 0.0 ], [ 110.682512503000055, -7.967680747999964, 0.0 ], [ 110.685602982000034, -7.968014318999963, 0.0 ], [ 110.688422351000042, -7.971149724999975, 0.0 ], [ 110.69452804000008, -7.969919116999961, 0.0 ], [ 110.698019856000087, -7.971901242999934, 0.0 ], [ 110.700637905000065, -7.970725132999974, 0.0 ], [ 110.701640444000077, -7.973208045999968, 0.0 ], [ 110.698360130000083, -7.974635794999926, 0.0 ], [ 110.692727497000078, -7.97411503099994, 0.0 ], [ 110.693006642000057, -7.976551765999943, 0.0 ], [ 110.690800564000085, -7.977739274999976, 0.0 ], [ 110.68004901900008, -7.977558105999947, 0.0 ], [ 110.674162471000045, -7.974812856999961, 0.0 ], [ 110.66788523200006, -7.975971030999972, 0.0 ], [ 110.665126628000053, -7.975048262999962, 0.0 ], [ 110.663817284000061, -7.976150649999965, 0.0 ], [ 110.663526869000066, -7.973336467999957, 0.0 ], [ 110.665639573000078, -7.971612169999958, 0.0 ], [ 110.666619986000057, -7.968051555999978, 0.0 ], [ 110.665851433000057, -7.962687752999955, 0.0 ], [ 110.66429265000005, -7.962225857999954, 0.0 ], [ 110.662198833000048, -7.953322661999948, 0.0 ], [ 110.660003283000037, -7.951766090999968, 0.0 ], [ 110.661365870000054, -7.950757860999943, 0.0 ], [ 110.670797643000071, -7.952345338999976, 0.0 ], [ 110.672020286000077, -7.951567008999973, 0.0 ] ] ] } },
{ "type": "Feature", "properties": { }, "geometry": { "type": "Polygon", "coordinates": [ [ [ 110.70245323100005, -7.975443129999974, 0.0 ], [ 110.701382599000056, -7.977804979999974, 0.0 ], [ 110.702820707000058, -7.978781212999934, 0.0 ], [ 110.703301115000045, -7.98213313499997, 0.0 ], [ 110.70846395500007, -7.983609825999963, 0.0 ], [ 110.708691681000062, -7.987418920999971, 0.0 ], [ 110.713190059000055, -7.986467422999965, 0.0 ], [ 110.711000142000046, -7.989087126999948, 0.0 ], [ 110.711124923000057, -7.992676834999941, 0.0 ], [ 110.715043066000078, -7.995623956999964, 0.0 ], [ 110.714643765000062, -7.997533085999976, 0.0 ], [ 110.718667971000059, -8.005150981999975, 0.0 ], [ 110.720131923000054, -8.004316355999947, 0.0 ], [ 110.721100405000072, -8.013149425999927, 0.0 ], [ 110.717438620000053, -8.018218475999959, 0.0 ], [ 110.710320524000053, -8.018136187999971, 0.0 ], [ 110.706110850000073, -8.007904531999941, 0.0 ], [ 110.703875112000048, -8.011613414999943, 0.0 ], [ 110.700362510000048, -8.011860542999955, 0.0 ], [ 110.699439126000073, -8.013862268999958, 0.0 ], [ 110.697492533000059, -8.014541864999956, 0.0 ], [ 110.696250956000085, -8.011057378999965, 0.0 ], [ 110.690022360000057, -8.010094270999957, 0.0 ], [ 110.690272126000082, -8.006942115999948, 0.0 ], [ 110.686624193000057, -8.006446770999958, 0.0 ], [ 110.686015540000085, -8.004659099999969, 0.0 ], [ 110.681995778000044, -8.002995564999935, 0.0 ], [ 110.683054837000043, -7.993452355999977, 0.0 ], [ 110.681153262000066, -7.992692445999978, 0.0 ], [ 110.680636040000081, -7.989675955999928, 0.0 ], [ 110.679430652000065, -7.982229571999937, 0.0 ], [ 110.68053842900008, -7.978653733999977, 0.0 ], [ 110.676260229000036, -7.978734009999926, 0.0 ], [ 110.67715922900004, -7.976666295999962, 0.0 ], [ 110.690800564000085, -7.977739274999976, 0.0 ], [ 110.693006642000057, -7.976551765999943, 0.0 ], [ 110.692727497000078, -7.97411503099994, 0.0 ], [ 110.698360130000083, -7.974635794999926, 0.0 ], [ 110.701640444000077, -7.973208045999968, 0.0 ], [ 110.70245323100005, -7.975443129999974, 0.0 ] ] ] } },
{ "type": "Feature", "properties": { }, "geometry": { "type": "Polygon", "coordinates": [ [ [ 110.67297872000006, -7.786744006999982, 0.0 ], [ 110.676523888000077, -7.790883691999966, 0.0 ], [ 110.672046219000038, -7.796323763999965, 0.0 ], [ 110.672922888000073, -7.800008201999958, 0.0 ], [ 110.677239598000085, -7.801008932999935, 0.0 ], [ 110.678913065000074, -7.80442476199994, 0.0 ], [ 110.681817557000045, -7.806286808999971, 0.0 ], [ 110.698345244000052, -7.807660514999952, 0.0 ], [ 110.703283738000039, -7.805425197999966, 0.0 ], [ 110.708494353000049, -7.805285645999959, 0.0 ], [ 110.711324251000065, -7.802198969999949, 0.0 ], [ 110.711388463000048, -7.804201356999954, 0.0 ], [ 110.709073279000052, -7.805515864999961, 0.0 ], [ 110.710749734000046, -7.805235834999962, 0.0 ], [ 110.711160540000037, -7.807077646999971, 0.0 ], [ 110.712102152000057, -7.806500767999978, 0.0 ], [ 110.712963723000087, -7.808029119999958, 0.0 ], [ 110.711521014000084, -7.811932680999973, 0.0 ], [ 110.712666385000034, -7.81451336899994, 0.0 ], [ 110.709925923000071, -7.814854996999941, 0.0 ], [ 110.708250792000058, -7.816623934999939, 0.0 ], [ 110.704253493000067, -7.815551794999976, 0.0 ], [ 110.701932510000063, -7.817067823999935, 0.0 ], [ 110.699413757000059, -7.812825966999981, 0.0 ], [ 110.693355684000039, -7.814094023999928, 0.0 ], [ 110.679646297000033, -7.810218272999975, 0.0 ], [ 110.67757438700005, -7.810918366999942, 0.0 ], [ 110.669056828000066, -7.809225672999958, 0.0 ], [ 110.661334109000052, -7.815769347999947, 0.0 ], [ 110.658560783000041, -7.808904040999948, 0.0 ], [ 110.659237630000064, -7.806555064999941, 0.0 ], [ 110.662193150000064, -7.800794064999934, 0.0 ], [ 110.664495292000083, -7.800069693999944, 0.0 ], [ 110.664284156000065, -7.796787372999972, 0.0 ], [ 110.667785953000077, -7.794375311999943, 0.0 ], [ 110.666917, -7.793083, 0.0 ], [ 110.669645904000049, -7.789407963999963, 0.0 ], [ 110.669666111000083, -7.786288080999952, 0.0 ], [ 110.67297872000006, -7.786744006999982, 0.0 ] ] ] } },
{ "type": "Feature", "properties": { }, "geometry": { "type": "Polygon", "coordinates": [ [ [ 110.698817744000053, -7.861299387999964, 0.0 ], [ 110.69432561800005, -7.871067296999968, 0.0 ], [ 110.691353320000076, -7.886494587999948, 0.0 ], [ 110.677629499000034, -7.881961904999969, 0.0 ], [ 110.670297155000071, -7.874158444999978, 0.0 ], [ 110.667361012000072, -7.86616259799996, 0.0 ], [ 110.66796559800008, -7.864232419999951, 0.0 ], [ 110.664207051000062, -7.863345661999972, 0.0 ], [ 110.665370427000084, -7.85622985599997, 0.0 ], [ 110.66633719500004, -7.85763884499994, 0.0 ], [ 110.674158314000067, -7.858098297999959, 0.0 ], [ 110.676013196000042, -7.859193412999957, 0.0 ], [ 110.674698030000059, -7.860475550999979, 0.0 ], [ 110.675699857000041, -7.861636777999934, 0.0 ], [ 110.678927643000065, -7.859280131999981, 0.0 ], [ 110.679410369000038, -7.860387054999933, 0.0 ], [ 110.683635149000054, -7.855357023999943, 0.0 ], [ 110.685858448000033, -7.855487856999957, 0.0 ], [ 110.686837756000045, -7.853345587999968, 0.0 ], [ 110.689029679000043, -7.853519816999949, 0.0 ], [ 110.689888599000085, -7.854975884999931, 0.0 ], [ 110.692635727000038, -7.854341687999977, 0.0 ], [ 110.691983234000077, -7.857654238999942, 0.0 ], [ 110.693650388000037, -7.85794421199995, 0.0 ], [ 110.694317986000044, -7.861586216999967, 0.0 ], [ 110.698817744000053, -7.861299387999964, 0.0 ] ] ] } },
{ "type": "Feature", "properties": { }, "geometry": { "type": "MultiPolygon", "coordinates": [ [ [ [ 110.577114, -8.145469, 0.0 ], [ 110.576946, -8.145645, 0.0 ], [ 110.576933, -8.14546, 0.0 ], [ 110.577114, -8.145469, 0.0 ] ] ], [ [ [ 110.578369062000036, -8.138934414999937, 0.0 ], [ 110.577733274000082, -8.139612762999946, 0.0 ], [ 110.57750403700004, -8.138927206999938, 0.0 ], [ 110.578369062000036, -8.138934414999937, 0.0 ] ] ], [ [ [ 110.57596079800004, -8.138096219999966, 0.0 ], [ 110.57581803000005, -8.13813476699994, 0.0 ], [ 110.57596079800004, -8.138063382999974, 0.0 ], [ 110.57596079800004, -8.138096219999966, 0.0 ] ] ], [ [ [ 110.599997290000033, -8.053567353999938, 0.0 ], [ 110.607445833000043, -8.056618304999972, 0.0 ], [ 110.606541188000051, -8.060455923999939, 0.0 ], [ 110.608538772000088, -8.068714571999976, 0.0 ], [ 110.603225788000088, -8.079740123999954, 0.0 ], [ 110.60317767500004, -8.086348279999982, 0.0 ], [ 110.601657597000042, -8.08965102999997, 0.0 ], [ 110.606103906000044, -8.094554637999977, 0.0 ], [ 110.604866883000057, -8.100733329999969, 0.0 ], [ 110.600531212000078, -8.103673302999937, 0.0 ], [ 110.602850634000049, -8.107861146999937, 0.0 ], [ 110.599570700000072, -8.113919676999956, 0.0 ], [ 110.600671394000074, -8.118008716999952, 0.0 ], [ 110.597775656000067, -8.121020207999948, 0.0 ], [ 110.598081021000041, -8.128144496999937, 0.0 ], [ 110.594428120000089, -8.128577863999965, 0.0 ], [ 110.593129414000089, -8.130249379999952, 0.0 ], [ 110.593467856000075, -8.133968596999978, 0.0 ], [ 110.596134248000055, -8.136413957999935, 0.0 ], [ 110.595364085000085, -8.137254823999967, 0.0 ], [ 110.593071523000049, -8.136017789999926, 0.0 ], [ 110.592138138000053, -8.138249740999981, 0.0 ], [ 110.588139960000035, -8.137273763999929, 0.0 ], [ 110.588625310000054, -8.140564548999976, 0.0 ], [ 110.585018784000056, -8.14431204899995, 0.0 ], [ 110.583512832000054, -8.140022616999943, 0.0 ], [ 110.578963077000083, -8.138112914999965, 0.0 ], [ 110.575853070000051, -8.138052910999932, 0.0 ], [ 110.575575700000059, -8.13671332499996, 0.0 ], [ 110.578599375000067, -8.131985852999946, 0.0 ], [ 110.578378232000034, -8.127310060999946, 0.0 ], [ 110.582350400000053, -8.11509056999995, 0.0 ], [ 110.581802627000059, -8.112606806999963, 0.0 ], [ 110.582943748000048, -8.111942020999948, 0.0 ], [ 110.585663416000045, -8.102309770999966, 0.0 ], [ 110.583290737000084, -8.097881007999945, 0.0 ], [ 110.583010977000072, -8.089633668999966, 0.0 ], [ 110.584211481000068, -8.087203691999946, 0.0 ], [ 110.583275778000086, -8.085405091999974, 0.0 ], [ 110.583914107000055, -8.08303714699997, 0.0 ], [ 110.586561605000043, -8.080933516999949, 0.0 ], [ 110.588901587000066, -8.070501846999946, 0.0 ], [ 110.592104228000039, -8.069843876999926, 0.0 ], [ 110.59487456100004, -8.071708445999946, 0.0 ], [ 110.59799694700007, -8.070890327999962, 0.0 ], [ 110.599296391000053, -8.056098129999953, 0.0 ], [ 110.599997290000033, -8.053567353999938, 0.0 ] ] ] ] } },
{ "type": "Feature", "properties": { }, "geometry": { "type": "Polygon", "coordinates": [ [ [ 110.446691635000036, -8.063286408999943, 0.0 ], [ 110.445028388000082, -8.066816051999979, 0.0 ], [ 110.445986230000074, -8.070085162999931, 0.0 ], [ 110.448670779000054, -8.070895180999969, 0.0 ], [ 110.449801990000083, -8.069514540999933, 0.0 ], [ 110.450471881000055, -8.070639359999973, 0.0 ], [ 110.453308756000069, -8.070855722999966, 0.0 ], [ 110.452870885000038, -8.066628510999976, 0.0 ], [ 110.45476725900005, -8.066176441999971, 0.0 ], [ 110.456444356000077, -8.070765895999955, 0.0 ], [ 110.460660809000046, -8.072984156999951, 0.0 ], [ 110.466904061000037, -8.090461310999956, 0.0 ], [ 110.467972868000061, -8.097989823999967, 0.0 ], [ 110.467150151000055, -8.105070376999947, 0.0 ], [ 110.468971812000063, -8.110431165999955, 0.0 ], [ 110.468262652000078, -8.109147487999962, 0.0 ], [ 110.467196898000054, -8.110216332999926, 0.0 ], [ 110.463934954000081, -8.108565537999937, 0.0 ], [ 110.462356971000077, -8.106183668999961, 0.0 ], [ 110.456907228000034, -8.104258063999964, 0.0 ], [ 110.454923930000064, -8.10188137199998, 0.0 ], [ 110.449627385000042, -8.10039239799994, 0.0 ], [ 110.447345944000062, -8.101147475999937, 0.0 ], [ 110.445322832000045, -8.099840921999942, 0.0 ], [ 110.441901795000035, -8.10084905399998, 0.0 ], [ 110.440535032000071, -8.098660766999956, 0.0 ], [ 110.438455666000038, -8.100543740999967, 0.0 ], [ 110.43809807100007, -8.099346655999966, 0.0 ], [ 110.435543418000066, -8.099266548999935, 0.0 ], [ 110.435835277000081, -8.098256549999974, 0.0 ], [ 110.434089575000087, -8.098590374999958, 0.0 ], [ 110.435095429000057, -8.096683204999977, 0.0 ], [ 110.433986251000078, -8.093046603999937, 0.0 ], [ 110.435171909000076, -8.091212858999938, 0.0 ], [ 110.433866433000048, -8.084240440999963, 0.0 ], [ 110.43078999800008, -8.082965328999933, 0.0 ], [ 110.430641601000048, -8.081802920999962, 0.0 ], [ 110.431842570000072, -8.080846584999961, 0.0 ], [ 110.430793522000045, -8.076308254999958, 0.0 ], [ 110.432128239000065, -8.071500598999933, 0.0 ], [ 110.431351096000071, -8.071146838999937, 0.0 ], [ 110.432865331000073, -8.069733797999959, 0.0 ], [ 110.433594561000064, -8.063959515999954, 0.0 ], [ 110.435025395000082, -8.061827513999958, 0.0 ], [ 110.438801400000045, -8.060388456999931, 0.0 ], [ 110.441589177000083, -8.062844362999954, 0.0 ], [ 110.445237509000037, -8.062011788999939, 0.0 ], [ 110.446691635000036, -8.063286408999943, 0.0 ] ] ] } },
{ "type": "Feature", "properties": { }, "geometry": { "type": "Polygon", "coordinates": [ [ [ 110.443281911000042, -8.028138093999928, 0.0 ], [ 110.444694844000082, -8.032457277999981, 0.0 ], [ 110.451309308000077, -8.034848257999954, 0.0 ], [ 110.453617589000089, -8.038529273999927, 0.0 ], [ 110.451540321000039, -8.048583084999962, 0.0 ], [ 110.44863089200004, -8.052043153999932, 0.0 ], [ 110.451695518000065, -8.05668792299997, 0.0 ], [ 110.450064903000055, -8.063180157999966, 0.0 ], [ 110.446691635000036, -8.063286408999943, 0.0 ], [ 110.445237509000037, -8.062011788999939, 0.0 ], [ 110.441589177000083, -8.062844362999954, 0.0 ], [ 110.440814769000042, -8.061313036999934, 0.0 ], [ 110.436237132000088, -8.059242655999981, 0.0 ], [ 110.435220462000075, -8.060426715999938, 0.0 ], [ 110.432882008000036, -8.059020904999954, 0.0 ], [ 110.430736694000075, -8.059863031999953, 0.0 ], [ 110.428723780000041, -8.062849074999974, 0.0 ], [ 110.425104575000034, -8.076285662999965, 0.0 ], [ 110.422443527000041, -8.077009724999925, 0.0 ], [ 110.420533085000045, -8.075989465999953, 0.0 ], [ 110.417031958000052, -8.08059815699994, 0.0 ], [ 110.416984182000078, -8.078976516999944, 0.0 ], [ 110.414850877000049, -8.079106249999938, 0.0 ], [ 110.415029266000033, -8.077449868999963, 0.0 ], [ 110.412209819000054, -8.075797392999959, 0.0 ], [ 110.415011560000039, -8.073899446999974, 0.0 ], [ 110.415516138000044, -8.072058378999941, 0.0 ], [ 110.412514804000068, -8.068976613999951, 0.0 ], [ 110.414517555000089, -8.065989117999948, 0.0 ], [ 110.416704996000078, -8.056327367999927, 0.0 ], [ 110.42090726400005, -8.052386152999929, 0.0 ], [ 110.428480213000057, -8.035581193999974, 0.0 ], [ 110.427838866000059, -8.027201924999929, 0.0 ], [ 110.428682619000085, -8.026098524999952, 0.0 ], [ 110.42765180400005, -8.022824773999957, 0.0 ], [ 110.431132714000057, -8.013333743999965, 0.0 ], [ 110.434660007000048, -8.017619048999961, 0.0 ], [ 110.434492600000056, -8.021282928999938, 0.0 ], [ 110.437240863000056, -8.023625486999947, 0.0 ], [ 110.435612595000066, -8.029122580999967, 0.0 ], [ 110.443281911000042, -8.028138093999928, 0.0 ] ] ] } },
{ "type": "Feature", "properties": { }, "geometry": { "type": "Polygon", "coordinates": [ [ [ 110.564602136000076, -8.013238399999977, 0.0 ], [ 110.56602143300006, -8.016955914999926, 0.0 ], [ 110.570059826000033, -8.017918832999953, 0.0 ], [ 110.571781299000065, -8.020328349999943, 0.0 ], [ 110.570518066000034, -8.021785998999974, 0.0 ], [ 110.572472836000088, -8.021799034999958, 0.0 ], [ 110.572832250000033, -8.024041423999961, 0.0 ], [ 110.569939972000043, -8.023370892999935, 0.0 ], [ 110.570060324000053, -8.02636961099995, 0.0 ], [ 110.572067598000046, -8.026150385999927, 0.0 ], [ 110.570892520000086, -8.030013340999972, 0.0 ], [ 110.568237233000048, -8.030991662999952, 0.0 ], [ 110.563199053000062, -8.038567717999967, 0.0 ], [ 110.563107688000059, -8.04534732999997, 0.0 ], [ 110.559633871000074, -8.056494718999943, 0.0 ], [ 110.560352571000067, -8.065468553999949, 0.0 ], [ 110.558798640000077, -8.069819511999981, 0.0 ], [ 110.559570593000046, -8.074651299999971, 0.0 ], [ 110.557999108000047, -8.08128233399998, 0.0 ], [ 110.559336, -8.082295156999976, 0.0 ], [ 110.554460709000068, -8.086667558999977, 0.0 ], [ 110.551152586000057, -8.085090408999974, 0.0 ], [ 110.547861140000066, -8.077143043999968, 0.0 ], [ 110.547320655000078, -8.070995193999977, 0.0 ], [ 110.548164373000077, -8.065296152999963, 0.0 ], [ 110.550023790000068, -8.061903679999944, 0.0 ], [ 110.549558451000053, -8.056170320999968, 0.0 ], [ 110.552270189000069, -8.048870443999931, 0.0 ], [ 110.550722138000083, -8.047432819999926, 0.0 ], [ 110.546899801000052, -8.047057844999927, 0.0 ], [ 110.547078186000078, -8.044353383999976, 0.0 ], [ 110.548216138000043, -8.044222546999947, 0.0 ], [ 110.549617527000066, -8.04059598799995, 0.0 ], [ 110.547070166000083, -8.039173262999952, 0.0 ], [ 110.547553168000036, -8.035354681999934, 0.0 ], [ 110.545191279000051, -8.032258141999932, 0.0 ], [ 110.550490227000068, -8.026214011999969, 0.0 ], [ 110.551585232000036, -8.028072376999944, 0.0 ], [ 110.554626381000048, -8.025775909999936, 0.0 ], [ 110.555102100000056, -8.020664860999943, 0.0 ], [ 110.553633094000077, -8.018458964999979, 0.0 ], [ 110.554657563000035, -8.011894670999936, 0.0 ], [ 110.557374232000086, -8.01368168099998, 0.0 ], [ 110.564602136000076, -8.013238399999977, 0.0 ] ] ] } },
{ "type": "Feature", "properties": { }, "geometry": { "type": "MultiPolygon", "coordinates": [ [ [ [ 110.403907098000047, -8.080136455999934, 0.0 ], [ 110.403811920000066, -8.08008291799996, 0.0 ], [ 110.403883304000033, -8.080062097999928, 0.0 ], [ 110.403907098000047, -8.080136455999934, 0.0 ] ] ], [ [ [ 110.404370381000035, -8.002031922999947, 0.0 ], [ 110.408558775000074, -8.005324951999967, 0.0 ], [ 110.411133953000046, -8.015945510999927, 0.0 ], [ 110.417474845000072, -8.022911074999968, 0.0 ], [ 110.415000270000064, -8.031988835999925, 0.0 ], [ 110.416289301000063, -8.034138279999979, 0.0 ], [ 110.413239660000045, -8.03697099599998, 0.0 ], [ 110.411339896000072, -8.043257106999931, 0.0 ], [ 110.408953628000063, -8.04363275999998, 0.0 ], [ 110.409926339000037, -8.049754954999969, 0.0 ], [ 110.408181598000056, -8.060676606999948, 0.0 ], [ 110.410522266000044, -8.062999499999933, 0.0 ], [ 110.408209842000076, -8.065830564999942, 0.0 ], [ 110.409246265000036, -8.07189711999996, 0.0 ], [ 110.406074248000039, -8.073526565999941, 0.0 ], [ 110.404391749000069, -8.079808855999943, 0.0 ], [ 110.402220325000087, -8.077636515999927, 0.0 ], [ 110.398983799000064, -8.078656051999928, 0.0 ], [ 110.396189127000071, -8.076471658999935, 0.0 ], [ 110.392066236000062, -8.075998885999979, 0.0 ], [ 110.387142273000052, -8.072114610999961, 0.0 ], [ 110.375530835000063, -8.071462876999931, 0.0 ], [ 110.372753371000044, -8.067936693999968, 0.0 ], [ 110.375395397000034, -8.064731868999957, 0.0 ], [ 110.374857357000053, -8.063931902999968, 0.0 ], [ 110.377466527000081, -8.063424854999937, 0.0 ], [ 110.377752589000067, -8.060037294999972, 0.0 ], [ 110.379863559000057, -8.059095391999961, 0.0 ], [ 110.381966552000051, -8.052893060999963, 0.0 ], [ 110.385539273000063, -8.048579404999941, 0.0 ], [ 110.383846015000074, -8.04686726999995, 0.0 ], [ 110.383366203000037, -8.042711291999979, 0.0 ], [ 110.380524764000086, -8.037479632999975, 0.0 ], [ 110.377552463000086, -8.035966917999929, 0.0 ], [ 110.375154663000046, -8.029537261999963, 0.0 ], [ 110.370965572000046, -8.023314058999972, 0.0 ], [ 110.371159188000036, -8.021389415999977, 0.0 ], [ 110.369705350000061, -8.021131998999977, 0.0 ], [ 110.368515677000062, -8.018747296999948, 0.0 ], [ 110.369718929000044, -8.010782597999935, 0.0 ], [ 110.373065397000062, -8.009737221999956, 0.0 ], [ 110.37801862300006, -8.013093621999928, 0.0 ], [ 110.381248271000061, -8.019175015999963, 0.0 ], [ 110.383509736000065, -8.019194359999972, 0.0 ], [ 110.384067470000048, -8.020379240999944, 0.0 ], [ 110.387731732000077, -8.01908210299996, 0.0 ], [ 110.390189049000071, -8.020898071999966, 0.0 ], [ 110.391963234000059, -8.01766596899995, 0.0 ], [ 110.395191667000063, -8.01606514599996, 0.0 ], [ 110.394701239000085, -8.012827690999927, 0.0 ], [ 110.400118737000071, -8.009437163999962, 0.0 ], [ 110.399116745000072, -8.001979215999938, 0.0 ], [ 110.404370381000035, -8.002031922999947, 0.0 ] ] ] ] } },
{ "type": "Feature", "properties": { }, "geometry": { "type": "Polygon", "coordinates": [ [ [ 110.480709211000033, -8.008155108999972, 0.0 ], [ 110.485682141000041, -8.015305810999962, 0.0 ], [ 110.487159805000033, -8.018796049999935, 0.0 ], [ 110.48630933700008, -8.020982800999946, 0.0 ], [ 110.488078494000035, -8.023907632999965, 0.0 ], [ 110.487786229000051, -8.024831768999945, 0.0 ], [ 110.484008938000045, -8.024028183999974, 0.0 ], [ 110.48186263000008, -8.026664430999972, 0.0 ], [ 110.47966174700008, -8.025727759999938, 0.0 ], [ 110.478252392000059, -8.027150810999956, 0.0 ], [ 110.479939685000033, -8.031036442999948, 0.0 ], [ 110.478290300000083, -8.030953306999947, 0.0 ], [ 110.477245584000059, -8.033153250999931, 0.0 ], [ 110.478385050000043, -8.038748479999981, 0.0 ], [ 110.47572505800008, -8.041214771999933, 0.0 ], [ 110.474886512000069, -8.046777903999953, 0.0 ], [ 110.476209331000064, -8.050421375999974, 0.0 ], [ 110.474232117000042, -8.051703070999963, 0.0 ], [ 110.47582056300007, -8.053183935999925, 0.0 ], [ 110.475462333000053, -8.058217390999971, 0.0 ], [ 110.477614341000049, -8.065601909999941, 0.0 ], [ 110.470701662000067, -8.067733104999945, 0.0 ], [ 110.46443942500008, -8.066392470999972, 0.0 ], [ 110.461989641000059, -8.068713742999932, 0.0 ], [ 110.460660809000046, -8.072984156999951, 0.0 ], [ 110.456444356000077, -8.070765895999955, 0.0 ], [ 110.45545366500005, -8.066544083999929, 0.0 ], [ 110.45374690400007, -8.066009811999947, 0.0 ], [ 110.452854129000059, -8.066722913999968, 0.0 ], [ 110.453308756000069, -8.070855722999966, 0.0 ], [ 110.450471881000055, -8.070639359999973, 0.0 ], [ 110.449801990000083, -8.069514540999933, 0.0 ], [ 110.447066569000071, -8.07076714599998, 0.0 ], [ 110.445239516000072, -8.067700366999929, 0.0 ], [ 110.445484752000084, -8.064197754999952, 0.0 ], [ 110.447324372000082, -8.062809012999935, 0.0 ], [ 110.450064903000055, -8.063180157999966, 0.0 ], [ 110.451695518000065, -8.05668792299997, 0.0 ], [ 110.44863089200004, -8.052043153999932, 0.0 ], [ 110.451540321000039, -8.048583084999962, 0.0 ], [ 110.453617589000089, -8.038529273999927, 0.0 ], [ 110.451309308000077, -8.034848257999954, 0.0 ], [ 110.444694844000082, -8.032457277999981, 0.0 ], [ 110.443281911000042, -8.028138093999928, 0.0 ], [ 110.448866980000048, -8.025097224999968, 0.0 ], [ 110.451627816000041, -8.021418641999958, 0.0 ], [ 110.453647692000061, -8.021599555999956, 0.0 ], [ 110.454723606000073, -8.016986203999977, 0.0 ], [ 110.458443629000044, -8.017476186999943, 0.0 ], [ 110.460993850000079, -8.021529200999964, 0.0 ], [ 110.464022395000086, -8.02134577299995, 0.0 ], [ 110.46467961500008, -8.022968976999948, 0.0 ], [ 110.469681093000077, -8.021403564999957, 0.0 ], [ 110.469401965000088, -8.018349360999935, 0.0 ], [ 110.471801202000051, -8.014846606999981, 0.0 ], [ 110.478212279000047, -8.00991154299993, 0.0 ], [ 110.478907563000064, -8.008039519999954, 0.0 ], [ 110.480709211000033, -8.008155108999972, 0.0 ] ] ] } },
{ "type": "Feature", "properties": { }, "geometry": { "type": "Polygon", "coordinates": [ [ [ 110.438466667000057, -8.060447873999976, 0.0 ], [ 110.434309341000073, -8.062432651999927, 0.0 ], [ 110.430733554000085, -8.074936978999972, 0.0 ], [ 110.43185619500008, -8.079381782999974, 0.0 ], [ 110.43078999800008, -8.082965328999933, 0.0 ], [ 110.433763272000078, -8.083905486999981, 0.0 ], [ 110.434696680000059, -8.088361554999949, 0.0 ], [ 110.435171909000076, -8.091212858999938, 0.0 ], [ 110.433986251000078, -8.093046603999937, 0.0 ], [ 110.430693203000033, -8.089120374999936, 0.0 ], [ 110.424151279000057, -8.086832898999944, 0.0 ], [ 110.422954876000063, -8.08788038199998, 0.0 ], [ 110.419122057000038, -8.08671282399996, 0.0 ], [ 110.418119477000062, -8.083875959999943, 0.0 ], [ 110.416178777000084, -8.084169946999964, 0.0 ], [ 110.416208149000056, -8.082446900999969, 0.0 ], [ 110.410002993000035, -8.081218431999957, 0.0 ], [ 110.408826830000066, -8.078907797999932, 0.0 ], [ 110.405306985000038, -8.07906481699996, 0.0 ], [ 110.404519208000067, -8.076295940999955, 0.0 ], [ 110.406218666000086, -8.073350198999947, 0.0 ], [ 110.408969346000049, -8.072548812999969, 0.0 ], [ 110.409537628000066, -8.069515506999949, 0.0 ], [ 110.408209842000076, -8.065830564999942, 0.0 ], [ 110.410522266000044, -8.062999499999933, 0.0 ], [ 110.408181598000056, -8.060676606999948, 0.0 ], [ 110.409926339000037, -8.049754954999969, 0.0 ], [ 110.408953628000063, -8.04363275999998, 0.0 ], [ 110.411339896000072, -8.043257106999931, 0.0 ], [ 110.413239660000045, -8.03697099599998, 0.0 ], [ 110.416289301000063, -8.034138279999979, 0.0 ], [ 110.415000270000064, -8.031988835999925, 0.0 ], [ 110.418077287000074, -8.02130468699994, 0.0 ], [ 110.420822283000064, -8.021135779999952, 0.0 ], [ 110.420646346000069, -8.019171305999976, 0.0 ], [ 110.431132714000057, -8.013333743999965, 0.0 ], [ 110.42765180400005, -8.022824773999957, 0.0 ], [ 110.428682619000085, -8.026098524999952, 0.0 ], [ 110.427838866000059, -8.027201924999929, 0.0 ], [ 110.428480213000057, -8.035581193999974, 0.0 ], [ 110.42090726400005, -8.052386152999929, 0.0 ], [ 110.416614109000079, -8.056533916999967, 0.0 ], [ 110.414517555000089, -8.065989117999948, 0.0 ], [ 110.412486267000077, -8.069253250999964, 0.0 ], [ 110.415453773000081, -8.072363629999927, 0.0 ], [ 110.412209819000054, -8.075797392999959, 0.0 ], [ 110.417765888000076, -8.080673771999955, 0.0 ], [ 110.420533085000045, -8.075989465999953, 0.0 ], [ 110.422443527000041, -8.077009724999925, 0.0 ], [ 110.425104575000034, -8.076285662999965, 0.0 ], [ 110.430459238000083, -8.060120717999951, 0.0 ], [ 110.432882008000036, -8.059020904999954, 0.0 ], [ 110.434635659000037, -8.060483591999969, 0.0 ], [ 110.435697648000087, -8.059202851999942, 0.0 ], [ 110.438466667000057, -8.060447873999976, 0.0 ] ] ] } },
{ "type": "Feature", "properties": { }, "geometry": { "type": "Polygon", "coordinates": [ [ [ 110.641073007000045, -8.039991260999955, 0.0 ], [ 110.642740918000072, -8.044389658999933, 0.0 ], [ 110.642171824000059, -8.045906688999935, 0.0 ], [ 110.644972222000035, -8.050233840999965, 0.0 ], [ 110.643532925000045, -8.053064792999976, 0.0 ], [ 110.640517227000089, -8.054980919999934, 0.0 ], [ 110.636610553000082, -8.051795757999969, 0.0 ], [ 110.631578633000061, -8.050928367999973, 0.0 ], [ 110.629575130000035, -8.048617211999954, 0.0 ], [ 110.628603410000039, -8.048690829999941, 0.0 ], [ 110.628663083000049, -8.050277205999976, 0.0 ], [ 110.632713624000075, -8.058456704999969, 0.0 ], [ 110.632897620000051, -8.06163533199998, 0.0 ], [ 110.639100048000046, -8.063217656999939, 0.0 ], [ 110.640920742000048, -8.061071307999953, 0.0 ], [ 110.641705082000044, -8.061618292999981, 0.0 ], [ 110.643326870000067, -8.07319130999997, 0.0 ], [ 110.641220531000045, -8.074282066999956, 0.0 ], [ 110.632681446000049, -8.073405381999976, 0.0 ], [ 110.626139800000033, -8.068020289999936, 0.0 ], [ 110.623085407000076, -8.067257750999943, 0.0 ], [ 110.621858118000034, -8.065305556999931, 0.0 ], [ 110.61958562600006, -8.067388276999964, 0.0 ], [ 110.608326991000069, -8.066061969999964, 0.0 ], [ 110.606541188000051, -8.060455923999939, 0.0 ], [ 110.607070825000051, -8.05046342299994, 0.0 ], [ 110.609137356000076, -8.043969739999966, 0.0 ], [ 110.608544460000076, -8.041362997999954, 0.0 ], [ 110.612882361000061, -8.041950111999938, 0.0 ], [ 110.61568879400005, -8.044619859999955, 0.0 ], [ 110.625836888000038, -8.044957598999929, 0.0 ], [ 110.628605919000051, -8.04330529799995, 0.0 ], [ 110.63193880700004, -8.044266057999948, 0.0 ], [ 110.635850049000055, -8.040043456999967, 0.0 ], [ 110.641073007000045, -8.039991260999955, 0.0 ] ] ] } },
{ "type": "Feature", "properties": { }, "geometry": { "type": "Polygon", "coordinates": [ [ [ 110.581628586000079, -8.054418267999949, 0.0 ], [ 110.581060511000089, -8.060453188999929, 0.0 ], [ 110.585880717000066, -8.060079400999939, 0.0 ], [ 110.590048101000036, -8.064180274999956, 0.0 ], [ 110.590387410000062, -8.05968405699997, 0.0 ], [ 110.59360335000008, -8.058728626999937, 0.0 ], [ 110.595898678000083, -8.056379336999953, 0.0 ], [ 110.599441459000047, -8.058092368999951, 0.0 ], [ 110.59799694700007, -8.070890327999962, 0.0 ], [ 110.59487456100004, -8.071708445999946, 0.0 ], [ 110.592104228000039, -8.069843876999926, 0.0 ], [ 110.588901587000066, -8.070501846999946, 0.0 ], [ 110.588198297000076, -8.076549311999941, 0.0 ], [ 110.586561605000043, -8.080933516999949, 0.0 ], [ 110.583914107000055, -8.08303714699997, 0.0 ], [ 110.583985956000049, -8.086289380999972, 0.0 ], [ 110.581416808000085, -8.086401879999926, 0.0 ], [ 110.579734012000074, -8.084429475999968, 0.0 ], [ 110.578085479000038, -8.085388138999974, 0.0 ], [ 110.56943246600008, -8.08330499799996, 0.0 ], [ 110.56733954300006, -8.080570666999961, 0.0 ], [ 110.562579396000046, -8.07829695099997, 0.0 ], [ 110.558508686000039, -8.078484377999928, 0.0 ], [ 110.559570593000046, -8.074651299999971, 0.0 ], [ 110.558798640000077, -8.069819511999981, 0.0 ], [ 110.560352571000067, -8.065468553999949, 0.0 ], [ 110.559792612000081, -8.054987439999934, 0.0 ], [ 110.56156764900004, -8.050446272999977, 0.0 ], [ 110.564110153000058, -8.052793891999954, 0.0 ], [ 110.567945036000083, -8.052993605999973, 0.0 ], [ 110.570815118000041, -8.056546723999929, 0.0 ], [ 110.57387127700008, -8.05642187199993, 0.0 ], [ 110.578169541000079, -8.054180771999938, 0.0 ], [ 110.581628586000079, -8.054418267999949, 0.0 ] ] ] } },
{ "type": "Feature", "properties": { }, "geometry": { "type": "Polygon", "coordinates": [ [ [ 110.525151491000088, -8.05653098099998, 0.0 ], [ 110.524684511000089, -8.065305551999927, 0.0 ], [ 110.520777095000085, -8.071605681999927, 0.0 ], [ 110.523672120000072, -8.076294877999942, 0.0 ], [ 110.521149411000067, -8.077902890999951, 0.0 ], [ 110.516942623000034, -8.078075911999974, 0.0 ], [ 110.512819117000049, -8.083057924999935, 0.0 ], [ 110.508985489000054, -8.082925630999966, 0.0 ], [ 110.50836604300008, -8.084162470999956, 0.0 ], [ 110.505750047000049, -8.084548052999935, 0.0 ], [ 110.505978851000066, -8.07504933599995, 0.0 ], [ 110.502423171000089, -8.074263517999952, 0.0 ], [ 110.502326476000064, -8.072928568999941, 0.0 ], [ 110.503269197000066, -8.071707366999931, 0.0 ], [ 110.505583091000062, -8.071858146999944, 0.0 ], [ 110.505726720000041, -8.066185754999935, 0.0 ], [ 110.503922005000049, -8.066933946999939, 0.0 ], [ 110.500695657000051, -8.063054689999944, 0.0 ], [ 110.502520936000053, -8.056178218999946, 0.0 ], [ 110.501323693000074, -8.05528869699998, 0.0 ], [ 110.498450403000049, -8.055911427999945, 0.0 ], [ 110.500816763000046, -8.05246613199995, 0.0 ], [ 110.49848301600008, -8.050109416999931, 0.0 ], [ 110.493686855000078, -8.049061493999943, 0.0 ], [ 110.495399003000045, -8.045639989999927, 0.0 ], [ 110.494413509000083, -8.042729177999945, 0.0 ], [ 110.49836263900005, -8.043185173999973, 0.0 ], [ 110.498090292000086, -8.040890035999951, 0.0 ], [ 110.49994643000008, -8.039881137999942, 0.0 ], [ 110.502522831000078, -8.043373889999941, 0.0 ], [ 110.504710514000067, -8.041964634999943, 0.0 ], [ 110.503697630000033, -8.045076897999934, 0.0 ], [ 110.501929600000039, -8.044511543999931, 0.0 ], [ 110.500850083000046, -8.045920752999962, 0.0 ], [ 110.503080552000085, -8.047002759999941, 0.0 ], [ 110.504528788000073, -8.045300327999939, 0.0 ], [ 110.504501545000039, -8.047214273999941, 0.0 ], [ 110.507917545000055, -8.048279842999932, 0.0 ], [ 110.508341477000045, -8.047012146999975, 0.0 ], [ 110.505485804000045, -8.046044961999939, 0.0 ], [ 110.507886393000035, -8.040388995999933, 0.0 ], [ 110.506874335000077, -8.037721259999955, 0.0 ], [ 110.508714845000043, -8.039360575999979, 0.0 ], [ 110.508951682000088, -8.035806238999953, 0.0 ], [ 110.510824606000085, -8.035479191999968, 0.0 ], [ 110.511483288000079, -8.033418923999932, 0.0 ], [ 110.513617958000054, -8.032089732999964, 0.0 ], [ 110.513820984000063, -8.040995154999962, 0.0 ], [ 110.517697996000038, -8.043355664999979, 0.0 ], [ 110.518046754000068, -8.051474799999937, 0.0 ], [ 110.525151491000088, -8.05653098099998, 0.0 ] ] ] } },
{ "type": "Feature", "properties": { }, "geometry": { "type": "Polygon", "coordinates": [ [ [ 110.481757147000053, -8.064884818999928, 0.0 ], [ 110.485897926000064, -8.067236627999932, 0.0 ], [ 110.486198219000073, -8.071269987999926, 0.0 ], [ 110.487324233000038, -8.071583510999972, 0.0 ], [ 110.488198326000088, -8.074679081999932, 0.0 ], [ 110.485972917000083, -8.076335098999948, 0.0 ], [ 110.488713560000065, -8.076710154999944, 0.0 ], [ 110.491344750000053, -8.075186898999959, 0.0 ], [ 110.491687139000078, -8.077978854999969, 0.0 ], [ 110.494047399000067, -8.079314048999947, 0.0 ], [ 110.493679794000059, -8.080618182999956, 0.0 ], [ 110.489810221000084, -8.08176659399993, 0.0 ], [ 110.488698295000063, -8.083453553999959, 0.0 ], [ 110.488665104000063, -8.085834167999963, 0.0 ], [ 110.490270789000078, -8.086727855999925, 0.0 ], [ 110.489766185000065, -8.090921979999962, 0.0 ], [ 110.493608177000056, -8.098750593999966, 0.0 ], [ 110.490478413000062, -8.098912230999929, 0.0 ], [ 110.488904920000039, -8.097618300999954, 0.0 ], [ 110.487160181000036, -8.094450836999954, 0.0 ], [ 110.487165725000068, -8.09057411699996, 0.0 ], [ 110.484493093000083, -8.092306095999959, 0.0 ], [ 110.484147777000089, -8.096666427999935, 0.0 ], [ 110.489547148000042, -8.102067204999969, 0.0 ], [ 110.497044033000066, -8.103485660999979, 0.0 ], [ 110.499839673000054, -8.110666360999971, 0.0 ], [ 110.499747998000089, -8.113089277999961, 0.0 ], [ 110.496873554000047, -8.117903351999928, 0.0 ], [ 110.496382247000042, -8.116211568999972, 0.0 ], [ 110.493708039000069, -8.117615456999943, 0.0 ], [ 110.493822843000089, -8.116457288999925, 0.0 ], [ 110.491055494000079, -8.11705884099996, 0.0 ], [ 110.491248967000047, -8.115986927999927, 0.0 ], [ 110.489415395000037, -8.115025437999975, 0.0 ], [ 110.490166237000039, -8.113787656999932, 0.0 ], [ 110.488436572000069, -8.112709503999952, 0.0 ], [ 110.485811024000043, -8.113330192999967, 0.0 ], [ 110.485494732000063, -8.111547489999964, 0.0 ], [ 110.481578586000069, -8.112095834999934, 0.0 ], [ 110.476430879000077, -8.109713284999941, 0.0 ], [ 110.471607867000046, -8.110312060999945, 0.0 ], [ 110.471636384000078, -8.109071463999953, 0.0 ], [ 110.468603917000053, -8.107799188999934, 0.0 ], [ 110.467150151000055, -8.105070376999947, 0.0 ], [ 110.46773894100005, -8.094265359999952, 0.0 ], [ 110.460591880000038, -8.07128099199997, 0.0 ], [ 110.46443942500008, -8.066392470999972, 0.0 ], [ 110.470339322000086, -8.067753197999934, 0.0 ], [ 110.477037189000043, -8.066199306999977, 0.0 ], [ 110.478407355000058, -8.063674529999957, 0.0 ], [ 110.477857816000039, -8.061779852999962, 0.0 ], [ 110.479096723000055, -8.061009032999948, 0.0 ], [ 110.480453498000088, -8.061166875999959, 0.0 ], [ 110.47963597200004, -8.062908172999926, 0.0 ], [ 110.481159480000088, -8.062797720999981, 0.0 ], [ 110.481757147000053, -8.064884818999928, 0.0 ] ] ] } },
{ "type": "Feature", "properties": { }, "geometry": { "type": "MultiPolygon", "coordinates": [ [ [ [ 110.58570749900008, -8.145416289999957, 0.0 ], [ 110.585406249000073, -8.145687977999955, 0.0 ], [ 110.585384437000073, -8.145569039999941, 0.0 ], [ 110.58570749900008, -8.145416289999957, 0.0 ] ] ], [ [ [ 110.621679429000039, -8.065280455999925, 0.0 ], [ 110.628080390000036, -8.06933476699993, 0.0 ], [ 110.629205801000069, -8.073302921999925, 0.0 ], [ 110.62794501500008, -8.076082928999938, 0.0 ], [ 110.62405848800006, -8.077167818999953, 0.0 ], [ 110.617852136000067, -8.075665094999977, 0.0 ], [ 110.616495445000055, -8.078424156999972, 0.0 ], [ 110.616331790000061, -8.084759571999939, 0.0 ], [ 110.619429983000089, -8.084694433999971, 0.0 ], [ 110.621952491000059, -8.088237283999945, 0.0 ], [ 110.620277159000068, -8.100794518999976, 0.0 ], [ 110.617195564000042, -8.105230934999952, 0.0 ], [ 110.616644633000078, -8.109857972999976, 0.0 ], [ 110.604937393000057, -8.121465004999948, 0.0 ], [ 110.603700249000042, -8.127706736999926, 0.0 ], [ 110.605367071000046, -8.130781241999955, 0.0 ], [ 110.601013714000032, -8.135908583999935, 0.0 ], [ 110.599932068000044, -8.145014597999932, 0.0 ], [ 110.595658291000063, -8.149194273999967, 0.0 ], [ 110.594930523000073, -8.146832862999929, 0.0 ], [ 110.593736146000083, -8.148001480999937, 0.0 ], [ 110.585018784000056, -8.14431204899995, 0.0 ], [ 110.588625310000054, -8.140564548999976, 0.0 ], [ 110.588139960000035, -8.137273763999929, 0.0 ], [ 110.592138138000053, -8.138249740999981, 0.0 ], [ 110.593071523000049, -8.136017789999926, 0.0 ], [ 110.595364085000085, -8.137254823999967, 0.0 ], [ 110.596134248000055, -8.136413957999935, 0.0 ], [ 110.593467856000075, -8.133968596999978, 0.0 ], [ 110.593129414000089, -8.130249379999952, 0.0 ], [ 110.594428120000089, -8.128577863999965, 0.0 ], [ 110.598081021000041, -8.128144496999937, 0.0 ], [ 110.597775656000067, -8.121020207999948, 0.0 ], [ 110.600671394000074, -8.118008716999952, 0.0 ], [ 110.599570700000072, -8.113919676999956, 0.0 ], [ 110.602850634000049, -8.107861146999937, 0.0 ], [ 110.600531212000078, -8.103673302999937, 0.0 ], [ 110.604866883000057, -8.100733329999969, 0.0 ], [ 110.606103906000044, -8.094554637999977, 0.0 ], [ 110.601657597000042, -8.08965102999997, 0.0 ], [ 110.60317767500004, -8.086348279999982, 0.0 ], [ 110.603225788000088, -8.079740123999954, 0.0 ], [ 110.607782324000084, -8.071076672999936, 0.0 ], [ 110.608358395000039, -8.066004438999926, 0.0 ], [ 110.61958562600006, -8.067388276999964, 0.0 ], [ 110.621679429000039, -8.065280455999925, 0.0 ] ] ] ] } },
{ "type": "Feature", "properties": { }, "geometry": { "type": "Polygon", "coordinates": [ [ [ 110.494393617000071, -8.041542104999962, 0.0 ], [ 110.495399003000045, -8.045639989999927, 0.0 ], [ 110.493686855000078, -8.049061493999943, 0.0 ], [ 110.49848301600008, -8.050109416999931, 0.0 ], [ 110.500816763000046, -8.05246613199995, 0.0 ], [ 110.498450403000049, -8.055911427999945, 0.0 ], [ 110.501323693000074, -8.05528869699998, 0.0 ], [ 110.502520936000053, -8.056178218999946, 0.0 ], [ 110.500695657000051, -8.063054689999944, 0.0 ], [ 110.503922005000049, -8.066933946999939, 0.0 ], [ 110.505726720000041, -8.066185754999935, 0.0 ], [ 110.505583091000062, -8.071858146999944, 0.0 ], [ 110.503269197000066, -8.071707366999931, 0.0 ], [ 110.502326476000064, -8.072928568999941, 0.0 ], [ 110.502423171000089, -8.074263517999952, 0.0 ], [ 110.505978851000066, -8.07504933599995, 0.0 ], [ 110.505750047000049, -8.084548052999935, 0.0 ], [ 110.502055977000055, -8.084568715999978, 0.0 ], [ 110.495806080000079, -8.081032402999938, 0.0 ], [ 110.492956690000085, -8.080836025999929, 0.0 ], [ 110.494029558000079, -8.079198190999932, 0.0 ], [ 110.491687139000078, -8.077978854999969, 0.0 ], [ 110.491344750000053, -8.075186898999959, 0.0 ], [ 110.488713560000065, -8.076710154999944, 0.0 ], [ 110.485972917000083, -8.076335098999948, 0.0 ], [ 110.488198326000088, -8.074679081999932, 0.0 ], [ 110.487324233000038, -8.071583510999972, 0.0 ], [ 110.486198219000073, -8.071269987999926, 0.0 ], [ 110.485897926000064, -8.067236627999932, 0.0 ], [ 110.482786062000059, -8.063924561999954, 0.0 ], [ 110.482419090000064, -8.059928450999962, 0.0 ], [ 110.480938342000059, -8.058158771999956, 0.0 ], [ 110.483050594000076, -8.05247458599996, 0.0 ], [ 110.488154046000034, -8.047040867999954, 0.0 ], [ 110.486714291000055, -8.046744954999951, 0.0 ], [ 110.486732192000034, -8.044863100999976, 0.0 ], [ 110.488806608000061, -8.044221549999975, 0.0 ], [ 110.491162269000085, -8.045227107999949, 0.0 ], [ 110.49168155600006, -8.042458587999931, 0.0 ], [ 110.492703769000059, -8.043311545999927, 0.0 ], [ 110.494393617000071, -8.041542104999962, 0.0 ] ] ] } },
{ "type": "Feature", "properties": { }, "geometry": { "type": "Polygon", "coordinates": [ [ [ 110.549853375000055, -8.060883871999977, 0.0 ], [ 110.547320655000078, -8.070995193999977, 0.0 ], [ 110.547861140000066, -8.077143043999968, 0.0 ], [ 110.551360711000086, -8.085329788999957, 0.0 ], [ 110.554460709000068, -8.086667558999977, 0.0 ], [ 110.556763111000066, -8.085615515999962, 0.0 ], [ 110.556967895000071, -8.091078133999929, 0.0 ], [ 110.554465900000082, -8.10525856199996, 0.0 ], [ 110.549927686000046, -8.112508223999953, 0.0 ], [ 110.54768264900008, -8.118866039999943, 0.0 ], [ 110.550480808000088, -8.121450256999935, 0.0 ], [ 110.550008459000082, -8.123502755999937, 0.0 ], [ 110.546599895000043, -8.127638666999928, 0.0 ], [ 110.544501393000075, -8.124105958999962, 0.0 ], [ 110.545220248000078, -8.121076554999945, 0.0 ], [ 110.541126039000062, -8.11323065199997, 0.0 ], [ 110.541542743000036, -8.110984082999948, 0.0 ], [ 110.539752600000043, -8.109756683999933, 0.0 ], [ 110.537565088000065, -8.103859193999938, 0.0 ], [ 110.538535234000051, -8.101439045999939, 0.0 ], [ 110.536722068000074, -8.095905414999947, 0.0 ], [ 110.538896646000069, -8.092429003999939, 0.0 ], [ 110.533165861000043, -8.091831214999957, 0.0 ], [ 110.533781181000052, -8.088928089999968, 0.0 ], [ 110.531504415000086, -8.08502058199997, 0.0 ], [ 110.532691625000041, -8.08340590499995, 0.0 ], [ 110.531475216000047, -8.077184574999933, 0.0 ], [ 110.53233500500005, -8.076054191999958, 0.0 ], [ 110.531511843000033, -8.075325445999965, 0.0 ], [ 110.524939243000063, -8.078042596999978, 0.0 ], [ 110.520777095000085, -8.071605681999927, 0.0 ], [ 110.523773997000035, -8.067480579999938, 0.0 ], [ 110.525465049000047, -8.061338545999945, 0.0 ], [ 110.530330835000086, -8.061179133999929, 0.0 ], [ 110.536710748000075, -8.069963144999974, 0.0 ], [ 110.537607456000046, -8.068603569999937, 0.0 ], [ 110.536399977000087, -8.065206057999944, 0.0 ], [ 110.538324063000061, -8.062154890999977, 0.0 ], [ 110.537722350000081, -8.059614021999948, 0.0 ], [ 110.54227559900005, -8.059046362999936, 0.0 ], [ 110.545131815000047, -8.061059551999961, 0.0 ], [ 110.549853375000055, -8.060883871999977, 0.0 ] ] ] } },
{ "type": "Feature", "properties": { }, "geometry": { "type": "Polygon", "coordinates": [ [ [ 110.643532925000045, -8.053064792999976, 0.0 ], [ 110.642447334000053, -8.058226106999939, 0.0 ], [ 110.646050884000033, -8.061525651999943, 0.0 ], [ 110.649968201000036, -8.06218705799995, 0.0 ], [ 110.650645473000054, -8.064124515999936, 0.0 ], [ 110.653981655000052, -8.063045440999929, 0.0 ], [ 110.657773957000074, -8.065050608999968, 0.0 ], [ 110.662796825000044, -8.065369106999981, 0.0 ], [ 110.663318186000083, -8.067616814999951, 0.0 ], [ 110.660132267000051, -8.07117754899997, 0.0 ], [ 110.660877271000061, -8.074133150999955, 0.0 ], [ 110.659397139000077, -8.08162539999995, 0.0 ], [ 110.661058858000047, -8.083352589999947, 0.0 ], [ 110.667989448000071, -8.084374828999955, 0.0 ], [ 110.668549615000074, -8.088745680999978, 0.0 ], [ 110.674260942000046, -8.097540734999939, 0.0 ], [ 110.672696948000066, -8.105789847999972, 0.0 ], [ 110.670982142000071, -8.107892961999937, 0.0 ], [ 110.672476648000043, -8.10859566299996, 0.0 ], [ 110.671732696000049, -8.111854236999932, 0.0 ], [ 110.673424860000068, -8.116233895999926, 0.0 ], [ 110.672238191000076, -8.119988747999969, 0.0 ], [ 110.67419619900005, -8.125366399999962, 0.0 ], [ 110.673022560000049, -8.128388724999979, 0.0 ], [ 110.668873052000038, -8.12895649799998, 0.0 ], [ 110.663955383000086, -8.124302718999957, 0.0 ], [ 110.656817820000072, -8.124478197999963, 0.0 ], [ 110.656720607000068, -8.121579010999938, 0.0 ], [ 110.659204215000045, -8.116602333999936, 0.0 ], [ 110.658998291000046, -8.111125355999945, 0.0 ], [ 110.65545502100008, -8.109567285999958, 0.0 ], [ 110.652111515000058, -8.112648285999967, 0.0 ], [ 110.646816364000074, -8.109130040999958, 0.0 ], [ 110.650424060000034, -8.100957301999927, 0.0 ], [ 110.644873179000058, -8.083611294999969, 0.0 ], [ 110.635402407000072, -8.081647475999944, 0.0 ], [ 110.63248563500008, -8.084214850999956, 0.0 ], [ 110.630216520000033, -8.083379675999936, 0.0 ], [ 110.630547144000047, -8.081656023999926, 0.0 ], [ 110.627624947000072, -8.076190017999977, 0.0 ], [ 110.629205801000069, -8.073302921999925, 0.0 ], [ 110.628635791000079, -8.06996253799997, 0.0 ], [ 110.634051484000054, -8.073766669999941, 0.0 ], [ 110.641220531000045, -8.074282066999956, 0.0 ], [ 110.643325191000088, -8.07276946199994, 0.0 ], [ 110.641705082000044, -8.061618292999981, 0.0 ], [ 110.640920742000048, -8.061071307999953, 0.0 ], [ 110.639100048000046, -8.063217656999939, 0.0 ], [ 110.632897620000051, -8.06163533199998, 0.0 ], [ 110.632713624000075, -8.058456704999969, 0.0 ], [ 110.629976732000046, -8.05434459099996, 0.0 ], [ 110.628603410000039, -8.048690829999941, 0.0 ], [ 110.633384216000081, -8.051712184999928, 0.0 ], [ 110.636610553000082, -8.051795757999969, 0.0 ], [ 110.640517227000089, -8.054980919999934, 0.0 ], [ 110.643532925000045, -8.053064792999976, 0.0 ] ] ] } },
{ "type": "Feature", "properties": { }, "geometry": { "type": "Polygon", "coordinates": [ [ [ 110.755630174000089, -8.024105229999975, 0.0 ], [ 110.757941315000039, -8.033963997999933, 0.0 ], [ 110.762048705000041, -8.038969707999968, 0.0 ], [ 110.761722438000049, -8.043486047999977, 0.0 ], [ 110.767075930000033, -8.045291377999945, 0.0 ], [ 110.769942662000062, -8.05546888799995, 0.0 ], [ 110.773381378000067, -8.059154023999952, 0.0 ], [ 110.775329719000069, -8.064606846999936, 0.0 ], [ 110.776413318000039, -8.074032278999937, 0.0 ], [ 110.780149434000066, -8.087743838999927, 0.0 ], [ 110.776798312000039, -8.090814118999958, 0.0 ], [ 110.775486496000042, -8.090627694999966, 0.0 ], [ 110.77519463200008, -8.088070559999949, 0.0 ], [ 110.771631858000035, -8.085164246999966, 0.0 ], [ 110.771391260000087, -8.083270941999956, 0.0 ], [ 110.766150003000064, -8.082137508999949, 0.0 ], [ 110.76661133600004, -8.079729463999968, 0.0 ], [ 110.757036332000041, -8.078676133999977, 0.0 ], [ 110.757331333000081, -8.077305868999929, 0.0 ], [ 110.755201984000053, -8.076270786999942, 0.0 ], [ 110.754946213000039, -8.073733757999946, 0.0 ], [ 110.757654580000064, -8.071085240999935, 0.0 ], [ 110.768003110000052, -8.074758815999928, 0.0 ], [ 110.769056085000045, -8.072985696999979, 0.0 ], [ 110.763655042000039, -8.066847344999928, 0.0 ], [ 110.764120297000034, -8.064582920999953, 0.0 ], [ 110.762792789000059, -8.063529550999931, 0.0 ], [ 110.763570307000066, -8.057026331999964, 0.0 ], [ 110.761502156000063, -8.05647322599998, 0.0 ], [ 110.763325518000045, -8.053915873999927, 0.0 ], [ 110.760250753000037, -8.049903860999962, 0.0 ], [ 110.757741668000051, -8.050716442999942, 0.0 ], [ 110.758344225000087, -8.049013590999948, 0.0 ], [ 110.75520590800005, -8.046254210999962, 0.0 ], [ 110.753675194000039, -8.046719157999974, 0.0 ], [ 110.753461789000085, -8.04936356199994, 0.0 ], [ 110.751082945000064, -8.04936356199994, 0.0 ], [ 110.747976011000048, -8.052689240999939, 0.0 ], [ 110.745101313000077, -8.051787324999964, 0.0 ], [ 110.744071945000087, -8.052669818999959, 0.0 ], [ 110.743149280000068, -8.049689838999939, 0.0 ], [ 110.74105445400005, -8.050087584999972, 0.0 ], [ 110.737462037000057, -8.047525818999929, 0.0 ], [ 110.743325026000036, -8.03659040399998, 0.0 ], [ 110.745038547000036, -8.035829066999952, 0.0 ], [ 110.74877000400005, -8.037606552999932, 0.0 ], [ 110.754384454000046, -8.037252300999967, 0.0 ], [ 110.753576337000084, -8.031582643999968, 0.0 ], [ 110.754900707000047, -8.029649753999934, 0.0 ], [ 110.754611982000085, -8.024575872999947, 0.0 ], [ 110.755630174000089, -8.024105229999975, 0.0 ] ] ] } },
{ "type": "Feature", "properties": { }, "geometry": { "type": "Polygon", "coordinates": [ [ [ 110.741737626000088, -8.072348910999949, 0.0 ], [ 110.739023178000082, -8.075272211999959, 0.0 ], [ 110.735345659000075, -8.083863329999929, 0.0 ], [ 110.73879756000008, -8.087450176999937, 0.0 ], [ 110.74093984700005, -8.087137882999968, 0.0 ], [ 110.744455575000075, -8.08921259899995, 0.0 ], [ 110.743455320000066, -8.098843577999958, 0.0 ], [ 110.74195495400005, -8.100709848999941, 0.0 ], [ 110.743305641000063, -8.10357320199995, 0.0 ], [ 110.740707670000063, -8.108694334999939, 0.0 ], [ 110.741125149000084, -8.110871048999968, 0.0 ], [ 110.739520720000087, -8.111949381999978, 0.0 ], [ 110.735155485000064, -8.110081904999959, 0.0 ], [ 110.732729521000067, -8.111199404999979, 0.0 ], [ 110.733226631000036, -8.104393865999953, 0.0 ], [ 110.731730561000063, -8.101756783999974, 0.0 ], [ 110.732854551000059, -8.095229800999959, 0.0 ], [ 110.731559479000055, -8.091835963999927, 0.0 ], [ 110.724925683000038, -8.091490464999936, 0.0 ], [ 110.723597663000078, -8.093513339999959, 0.0 ], [ 110.721576681000045, -8.09357693499993, 0.0 ], [ 110.717061826000077, -8.089567985999963, 0.0 ], [ 110.713986275000082, -8.083850902999927, 0.0 ], [ 110.713088717000062, -8.076704434999954, 0.0 ], [ 110.715524050000056, -8.072801787999936, 0.0 ], [ 110.714601385000037, -8.066916674999959, 0.0 ], [ 110.718329706000077, -8.063915047999956, 0.0 ], [ 110.718643537000048, -8.060528092999959, 0.0 ], [ 110.72118557400006, -8.058869561999927, 0.0 ], [ 110.726228251000066, -8.062716032999958, 0.0 ], [ 110.726164643000061, -8.06491781099993, 0.0 ], [ 110.728974876000052, -8.065842337999925, 0.0 ], [ 110.730016797000076, -8.064524852999966, 0.0 ], [ 110.73058169400008, -8.067352468999957, 0.0 ], [ 110.729411102000086, -8.069996738999976, 0.0 ], [ 110.731460423000044, -8.070568468999966, 0.0 ], [ 110.734071503000052, -8.069017955999925, 0.0 ], [ 110.741737626000088, -8.072348910999949, 0.0 ] ] ] } },
{ "type": "Feature", "properties": { }, "geometry": { "type": "Polygon", "coordinates": [ [ [ 110.742242306000037, -8.037500898999951, 0.0 ], [ 110.737462037000057, -8.047525818999929, 0.0 ], [ 110.74105445400005, -8.050087584999972, 0.0 ], [ 110.743149280000068, -8.049689838999939, 0.0 ], [ 110.743717315000083, -8.052620100999945, 0.0 ], [ 110.745769773000063, -8.051805968999929, 0.0 ], [ 110.747125527000037, -8.05282441099996, 0.0 ], [ 110.743175956000073, -8.059562688999961, 0.0 ], [ 110.742029685000034, -8.07000469999997, 0.0 ], [ 110.744857309000054, -8.071657748999939, 0.0 ], [ 110.743417925000074, -8.072778391999975, 0.0 ], [ 110.734071503000052, -8.069017955999925, 0.0 ], [ 110.731460423000044, -8.070568468999966, 0.0 ], [ 110.729411102000086, -8.069996738999976, 0.0 ], [ 110.73058169400008, -8.067352468999957, 0.0 ], [ 110.730016797000076, -8.064524852999966, 0.0 ], [ 110.728974876000052, -8.065842337999925, 0.0 ], [ 110.726164643000061, -8.06491781099993, 0.0 ], [ 110.726228251000066, -8.062716032999958, 0.0 ], [ 110.723617769000043, -8.061653714999977, 0.0 ], [ 110.72094412000007, -8.058444828999939, 0.0 ], [ 110.724832494000054, -8.054253022999944, 0.0 ], [ 110.723498710000058, -8.049778398999933, 0.0 ], [ 110.719867677000082, -8.046260813999936, 0.0 ], [ 110.713321148000034, -8.045614469999975, 0.0 ], [ 110.710312092000038, -8.041950166999925, 0.0 ], [ 110.707747365000046, -8.041805322999949, 0.0 ], [ 110.705412589000048, -8.037651730999926, 0.0 ], [ 110.704044284000076, -8.037907979999943, 0.0 ], [ 110.703178109000078, -8.034278421999943, 0.0 ], [ 110.704126618000089, -8.032602827999938, 0.0 ], [ 110.710120065000069, -8.032463628999949, 0.0 ], [ 110.712329440000076, -8.028311951999967, 0.0 ], [ 110.715185502000054, -8.027976200999944, 0.0 ], [ 110.715731376000065, -8.02521681199994, 0.0 ], [ 110.713886045000038, -8.02351385299994, 0.0 ], [ 110.712505186000044, -8.018342780999944, 0.0 ], [ 110.717438620000053, -8.018218475999959, 0.0 ], [ 110.718242029000066, -8.016117708999957, 0.0 ], [ 110.721932690000074, -8.017342122999935, 0.0 ], [ 110.723828233000063, -8.016652223999927, 0.0 ], [ 110.725786542000037, -8.02174873499996, 0.0 ], [ 110.729000179000082, -8.021798457999978, 0.0 ], [ 110.72789004200007, -8.023517583999933, 0.0 ], [ 110.729201031000059, -8.027317531999927, 0.0 ], [ 110.727606766000065, -8.029169636999939, 0.0 ], [ 110.728021024000043, -8.033284014999936, 0.0 ], [ 110.730774477000068, -8.034597678999944, 0.0 ], [ 110.735101989000043, -8.033973752999941, 0.0 ], [ 110.742242306000037, -8.037500898999951, 0.0 ] ] ] } },
{ "type": "Feature", "properties": { }, "geometry": { "type": "Polygon", "coordinates": [ [ [ 110.771631858000035, -8.085164246999966, 0.0 ], [ 110.769971689000045, -8.085976756999969, 0.0 ], [ 110.769202801000063, -8.088406515999964, 0.0 ], [ 110.767282151000074, -8.088021233999939, 0.0 ], [ 110.76718069900005, -8.092215797999927, 0.0 ], [ 110.765585890000068, -8.095366351999928, 0.0 ], [ 110.76665291900008, -8.098989148999976, 0.0 ], [ 110.767807818000051, -8.098690875999978, 0.0 ], [ 110.770437729000037, -8.10154310799993, 0.0 ], [ 110.767337072000089, -8.104047338999976, 0.0 ], [ 110.76538503900008, -8.10307796099994, 0.0 ], [ 110.762866540000061, -8.110561061999931, 0.0 ], [ 110.763153930000044, -8.113832808999973, 0.0 ], [ 110.761403631000064, -8.114123271999972, 0.0 ], [ 110.761706931000049, -8.109482956999955, 0.0 ], [ 110.759196277000058, -8.105504120999967, 0.0 ], [ 110.761007681000081, -8.097326251999959, 0.0 ], [ 110.760108932000037, -8.093878321999966, 0.0 ], [ 110.752740761000041, -8.089464091999957, 0.0 ], [ 110.753222203000064, -8.087975443999937, 0.0 ], [ 110.750569830000074, -8.087799464999932, 0.0 ], [ 110.750394762000042, -8.08469876099997, 0.0 ], [ 110.747753217000081, -8.082987799999955, 0.0 ], [ 110.746227298000065, -8.08374536599996, 0.0 ], [ 110.745174279000082, -8.079538372999934, 0.0 ], [ 110.738866262000045, -8.075561181999944, 0.0 ], [ 110.741910429000086, -8.07216111799994, 0.0 ], [ 110.743417925000074, -8.072778391999975, 0.0 ], [ 110.744857309000054, -8.071657748999939, 0.0 ], [ 110.742029685000034, -8.07000469999997, 0.0 ], [ 110.74197005700006, -8.068488364999951, 0.0 ], [ 110.744643119000045, -8.056068492999941, 0.0 ], [ 110.751082945000064, -8.04936356199994, 0.0 ], [ 110.753461789000085, -8.04936356199994, 0.0 ], [ 110.753686963000064, -8.046707893999951, 0.0 ], [ 110.75520590800005, -8.046254210999962, 0.0 ], [ 110.758344225000087, -8.049013590999948, 0.0 ], [ 110.757741668000051, -8.050716442999942, 0.0 ], [ 110.760250753000037, -8.049903860999962, 0.0 ], [ 110.763325518000045, -8.053915873999927, 0.0 ], [ 110.761502156000063, -8.05647322599998, 0.0 ], [ 110.763570307000066, -8.057026331999964, 0.0 ], [ 110.762792789000059, -8.063529550999931, 0.0 ], [ 110.764120297000034, -8.064582920999953, 0.0 ], [ 110.763655042000039, -8.066847344999928, 0.0 ], [ 110.766887508000082, -8.071164086999943, 0.0 ], [ 110.769103160000043, -8.071950991999927, 0.0 ], [ 110.768003110000052, -8.074758815999928, 0.0 ], [ 110.757565959000033, -8.071107750999943, 0.0 ], [ 110.754946213000039, -8.073733757999946, 0.0 ], [ 110.755201984000053, -8.076270786999942, 0.0 ], [ 110.757331333000081, -8.077305868999929, 0.0 ], [ 110.757036332000041, -8.078676133999977, 0.0 ], [ 110.76661133600004, -8.079729463999968, 0.0 ], [ 110.766150003000064, -8.082137508999949, 0.0 ], [ 110.770984561000034, -8.083024038999952, 0.0 ], [ 110.771631858000035, -8.085164246999966, 0.0 ] ] ] } },
{ "type": "Feature", "properties": { }, "geometry": { "type": "Polygon", "coordinates": [ [ [ 110.673897138000086, -8.037424451999925, 0.0 ], [ 110.673005553000053, -8.048804322999956, 0.0 ], [ 110.67413689600005, -8.049666558999945, 0.0 ], [ 110.674169974000051, -8.052833687999964, 0.0 ], [ 110.67602697600006, -8.053542223999955, 0.0 ], [ 110.676264632000084, -8.055241319999936, 0.0 ], [ 110.678833626000085, -8.055720328999939, 0.0 ], [ 110.678299216000084, -8.057237505999979, 0.0 ], [ 110.680502189000038, -8.060504826999932, 0.0 ], [ 110.684762763000037, -8.060633342999949, 0.0 ], [ 110.687137678000056, -8.062350309999943, 0.0 ], [ 110.68688379200006, -8.064212677999933, 0.0 ], [ 110.688797879000049, -8.066355348999934, 0.0 ], [ 110.690262933000042, -8.066193498999951, 0.0 ], [ 110.692357765000054, -8.069311290999963, 0.0 ], [ 110.691812062000054, -8.071377912999935, 0.0 ], [ 110.694075070000054, -8.070958764999943, 0.0 ], [ 110.699096481000083, -8.072804598999937, 0.0 ], [ 110.700850210000056, -8.076280231999931, 0.0 ], [ 110.703358295000044, -8.07611213399997, 0.0 ], [ 110.704317266000089, -8.07761458799996, 0.0 ], [ 110.70674813100004, -8.077852704999941, 0.0 ], [ 110.706245549000073, -8.086806310999975, 0.0 ], [ 110.708047607000083, -8.089575151999952, 0.0 ], [ 110.706876270000066, -8.094442798999978, 0.0 ], [ 110.708568908000075, -8.094484131999934, 0.0 ], [ 110.707607093000036, -8.096929144999933, 0.0 ], [ 110.702729014000056, -8.093070044999934, 0.0 ], [ 110.701418126000078, -8.086775737999972, 0.0 ], [ 110.699314205000064, -8.08439855599994, 0.0 ], [ 110.697254876000045, -8.083780866999973, 0.0 ], [ 110.696292978000088, -8.086882867999975, 0.0 ], [ 110.691132074000052, -8.088506975999962, 0.0 ], [ 110.689180480000061, -8.084813376999932, 0.0 ], [ 110.689569073000087, -8.078595167999936, 0.0 ], [ 110.684377400000074, -8.078407009999978, 0.0 ], [ 110.683153, -8.079666885999927, 0.0 ], [ 110.678176615000041, -8.077861907999932, 0.0 ], [ 110.677825382000037, -8.079297721999978, 0.0 ], [ 110.675022507000051, -8.07855449799996, 0.0 ], [ 110.673608022000053, -8.080663667999943, 0.0 ], [ 110.670496194000066, -8.079844504999926, 0.0 ], [ 110.667441649000068, -8.083933619999925, 0.0 ], [ 110.660243174000072, -8.082960811999953, 0.0 ], [ 110.659366332000047, -8.081221856999946, 0.0 ], [ 110.660877271000061, -8.074133150999955, 0.0 ], [ 110.660132267000051, -8.07117754899997, 0.0 ], [ 110.663318186000083, -8.067616814999951, 0.0 ], [ 110.662796825000044, -8.065369106999981, 0.0 ], [ 110.657773957000074, -8.065050608999968, 0.0 ], [ 110.653981655000052, -8.063045440999929, 0.0 ], [ 110.650645473000054, -8.064124515999936, 0.0 ], [ 110.650167413000077, -8.062311386999966, 0.0 ], [ 110.646050884000033, -8.061525651999943, 0.0 ], [ 110.642944749000037, -8.059232226999939, 0.0 ], [ 110.643104464000089, -8.05466952699993, 0.0 ], [ 110.644972222000035, -8.050233840999965, 0.0 ], [ 110.640950290000035, -8.041317572999958, 0.0 ], [ 110.639160329000049, -8.024585780999928, 0.0 ], [ 110.640851443000088, -8.024548047999929, 0.0 ], [ 110.641176439000049, -8.026264828999956, 0.0 ], [ 110.643372928000076, -8.024955591999969, 0.0 ], [ 110.645180240000059, -8.026537937999933, 0.0 ], [ 110.646584942000061, -8.025431756999978, 0.0 ], [ 110.650714785000048, -8.02645333199996, 0.0 ], [ 110.655153075000044, -8.024127792999934, 0.0 ], [ 110.656387835000089, -8.035845612999935, 0.0 ], [ 110.658401922000053, -8.038165164999953, 0.0 ], [ 110.66073484900005, -8.037268389999952, 0.0 ], [ 110.66141000500005, -8.034925665999936, 0.0 ], [ 110.666580178000061, -8.03721728599993, 0.0 ], [ 110.669460857000047, -8.036447374999966, 0.0 ], [ 110.670594987000072, -8.03444617699995, 0.0 ], [ 110.673897138000086, -8.037424451999925, 0.0 ] ] ] } },
{ "type": "Feature", "properties": { }, "geometry": { "type": "Polygon", "coordinates": [ [ [ 110.704068783000082, -8.032925649999981, 0.0 ], [ 110.703178109000078, -8.034278421999943, 0.0 ], [ 110.703815492000047, -8.037422736999929, 0.0 ], [ 110.705412589000048, -8.037651730999926, 0.0 ], [ 110.707747365000046, -8.041805322999949, 0.0 ], [ 110.710312092000038, -8.041950166999925, 0.0 ], [ 110.713321148000034, -8.045614469999975, 0.0 ], [ 110.721530985000072, -8.047143321999954, 0.0 ], [ 110.724863877000075, -8.054138050999939, 0.0 ], [ 110.718643537000048, -8.060528092999959, 0.0 ], [ 110.718329706000077, -8.063915047999956, 0.0 ], [ 110.714601385000037, -8.066916674999959, 0.0 ], [ 110.715524050000056, -8.072801787999936, 0.0 ], [ 110.713088717000062, -8.076704434999954, 0.0 ], [ 110.714042765000045, -8.078108879999945, 0.0 ], [ 110.713684997000087, -8.082477546999939, 0.0 ], [ 110.717761919000054, -8.090410347999978, 0.0 ], [ 110.714748216000089, -8.093081710999968, 0.0 ], [ 110.716131348000033, -8.096204411999963, 0.0 ], [ 110.715720863000058, -8.100217890999943, 0.0 ], [ 110.706802745000061, -8.097290938999947, 0.0 ], [ 110.708568908000075, -8.094484131999934, 0.0 ], [ 110.706876270000066, -8.094442798999978, 0.0 ], [ 110.708047607000083, -8.089575151999952, 0.0 ], [ 110.706245549000073, -8.086806310999975, 0.0 ], [ 110.70674813100004, -8.077852704999941, 0.0 ], [ 110.704317266000089, -8.07761458799996, 0.0 ], [ 110.703358295000044, -8.07611213399997, 0.0 ], [ 110.700850210000056, -8.076280231999931, 0.0 ], [ 110.699096481000083, -8.072804598999937, 0.0 ], [ 110.694075070000054, -8.070958764999943, 0.0 ], [ 110.691812062000054, -8.071377912999935, 0.0 ], [ 110.692357765000054, -8.069311290999963, 0.0 ], [ 110.690262933000042, -8.066193498999951, 0.0 ], [ 110.688797879000049, -8.066355348999934, 0.0 ], [ 110.68688379200006, -8.064212677999933, 0.0 ], [ 110.687137678000056, -8.062350309999943, 0.0 ], [ 110.684762763000037, -8.060633342999949, 0.0 ], [ 110.680502189000038, -8.060504826999932, 0.0 ], [ 110.678299216000084, -8.057237505999979, 0.0 ], [ 110.678833626000085, -8.055720328999939, 0.0 ], [ 110.676264632000084, -8.055241319999936, 0.0 ], [ 110.67602697600006, -8.053542223999955, 0.0 ], [ 110.674169974000051, -8.052833687999964, 0.0 ], [ 110.67413689600005, -8.049666558999945, 0.0 ], [ 110.673005553000053, -8.048804322999956, 0.0 ], [ 110.672966922000057, -8.041951947999962, 0.0 ], [ 110.674651784000048, -8.038400352999929, 0.0 ], [ 110.673302796000087, -8.033713257999977, 0.0 ], [ 110.673651654000082, -8.032424367999965, 0.0 ], [ 110.67545554700007, -8.032140071999947, 0.0 ], [ 110.673337645000061, -8.029423153999971, 0.0 ], [ 110.674926343000038, -8.028027698999949, 0.0 ], [ 110.675541494000072, -8.024387117999936, 0.0 ], [ 110.681633993000048, -8.023370375999946, 0.0 ], [ 110.685627532000069, -8.026145674999952, 0.0 ], [ 110.697099262000052, -8.025967514999934, 0.0 ], [ 110.699008396000067, -8.028531916999953, 0.0 ], [ 110.698621341000035, -8.032290709999927, 0.0 ], [ 110.704068783000082, -8.032925649999981, 0.0 ] ] ] } }
]
}
