{"type": "FeatureCollection", "features": [{"type": "Feature", "properties": {"device": "d2197cc4-100a-4d49-b1c4-e596c18395b5", "idx": 0, "time": "05:35:54", "tsec": 20154, "speed_kmh": 0.0}, "geometry": {"type": "Point", "coordinates": [110.738869, -7.897694]}}, {"type": "Feature", "properties": {"device": "d2197cc4-100a-4d49-b1c4-e596c18395b5", "idx": 1, "time": "05:35:54", "tsec": 20154, "speed_kmh": 0.0}, "geometry": {"type": "Point", "coordinates": [110.738869, -7.897694]}}, {"type": "Feature", "properties": {"device": "d2197cc4-100a-4d49-b1c4-e596c18395b5", "idx": 2, "time": "05:35:54", "tsec": 20154, "speed_kmh": 0.0}, "geometry": {"type": "Point", "coordinates": [110.738869, -7.897694]}}, {"type": "Feature", "properties": {"device": "d2197cc4-100a-4d49-b1c4-e596c18395b5", "idx": 3, "time": "05:36:18", "tsec": 20178, "speed_kmh": 0.0}, "geometry": {"type": "Point", "coordinates": [110.738869, -7.897694]}}, {"type": "Feature", "properties": {"device": "d2197cc4-100a-4d49-b1c4-e596c18395b5", "idx": 4, "time": "05:37:42", "tsec": 20262, "speed_kmh": 420.9}, "geometry": {"type": "Point", "coordinates": [110.712227, -7.98199]}}, {"type": "Feature", "properties": {"device": "d2197cc4-100a-4d49-b1c4-e596c18395b5", "idx": 5, "time": "06:14:40", "tsec": 22480, "speed_kmh": 67.1}, "geometry": {"type": "Point", "coordinates": [110.385704, -7.798587]}}, {"type": "Feature", "properties": {"device": "d2197cc4-100a-4d49-b1c4-e596c18395b5", "idx": 6, "time": "06:14:40", "tsec": 22480, "speed_kmh": 0.0}, "geometry": {"type": "Point", "coordinates": [110.385704, -7.798587]}}, {"type": "Feature", "properties": {"device": "d2197cc4-100a-4d49-b1c4-e596c18395b5", "idx": 7, "time": "06:14:40", "tsec": 22480, "speed_kmh": 0.0}, "geometry": {"type": "Point", "coordinates": [110.385704, -7.798587]}}, {"type": "Feature", "properties": {"device": "d2197cc4-100a-4d49-b1c4-e596c18395b5", "idx": 8, "time": "06:17:56", "tsec": 22676, "speed_kmh": 0.0}, "geometry": {"type": "Point", "coordinates": [110.385704, -7.798587]}}, {"type": "Feature", "properties": {"device": "d2197cc4-100a-4d49-b1c4-e596c18395b5", "idx": 9, "time": "06:20:42", "tsec": 22842, "speed_kmh": 0.0}, "geometry": {"type": "Point", "coordinates": [110.385704, -7.798587]}}, {"type": "Feature", "properties": {"device": "d2197cc4-100a-4d49-b1c4-e596c18395b5", "idx": 10, "time": "06:21:05", "tsec": 22865, "speed_kmh": 0.0}, "geometry": {"type": "Point", "coordinates": [110.385704, -7.798587]}}, {"type": "Feature", "properties": {"device": "d2197cc4-100a-4d49-b1c4-e596c18395b5", "idx": 11, "time": "06:22:30", "tsec": 22950, "speed_kmh": 0.0}, "geometry": {"type": "Point", "coordinates": [110.385704, -7.798587]}}, {"type": "Feature", "properties": {"device": "d2197cc4-100a-4d49-b1c4-e596c18395b5", "idx": 12, "time": "06:23:49", "tsec": 23029, "speed_kmh": 0.0}, "geometry": {"type": "Point", "coordinates": [110.385704, -7.798587]}}, {"type": "Feature", "properties": {"device": "d2197cc4-100a-4d49-b1c4-e596c18395b5", "idx": 13, "time": "06:24:43", "tsec": 23083, "speed_kmh": 0.0}, "geometry": {"type": "Point", "coordinates": [110.385704, -7.798587]}}, {"type": "Feature", "properties": {"device": "d2197cc4-100a-4d49-b1c4-e596c18395b5", "idx": 14, "time": "06:24:43", "tsec": 23083, "speed_kmh": 0.0}, "geometry": {"type": "Point", "coordinates": [110.385704, -7.798587]}}, {"type": "Feature", "properties": {"device": "d2197cc4-100a-4d49-b1c4-e596c18395b5", "idx": 15, "time": "06:25:58", "tsec": 23158, "speed_kmh": 0.0}, "geometry": {"type": "Point", "coordinates": [110.385704, -7.798587]}}, {"type": "Feature", "properties": {"device": "d2197cc4-100a-4d49-b1c4-e596c18395b5", "idx": 16, "time": "06:25:58", "tsec": 23158, "speed_kmh": 0.0}, "geometry": {"type": "Point", "coordinates": [110.385704, -7.798587]}}, {"type": "Feature", "properties": {"device": "d2197cc4-100a-4d49-b1c4-e596c18395b5", "idx": 17, "time": "06:26:48", "tsec": 23208, "speed_kmh": 0.0}, "geometry": {"type": "Point", "coordinates": [110.385704, -7.798587]}}, {"type": "Feature", "properties": {"device": "d2197cc4-100a-4d49-b1c4-e596c18395b5", "idx": 18, "time": "06:26:48", "tsec": 23208, "speed_kmh": 0.0}, "geometry": {"type": "Point", "coordinates": [110.385704, -7.798587]}}, {"type": "Feature", "properties": {"device": "d2197cc4-100a-4d49-b1c4-e596c18395b5", "idx": 19, "time": "06:26:48", "tsec": 23208, "speed_kmh": 0.0}, "geometry": {"type": "Point", "coordinates": [110.385704, -7.798587]}}, {"type": "Feature", "properties": {"device": "d2197cc4-100a-4d49-b1c4-e596c18395b5", "idx": 20, "time": "06:26:48", "tsec": 23208, "speed_kmh": 0.0}, "geometry": {"type": "Point", "coordinates": [110.385704, -7.798587]}}, {"type": "Feature", "properties": {"device": "d2197cc4-100a-4d49-b1c4-e596c18395b5", "idx": 21, "time": "06:26:48", "tsec": 23208, "speed_kmh": 0.0}, "geometry": {"type": "Point", "coordinates": [110.385704, -7.798587]}}, {"type": "Feature", "properties": {"device": "d2197cc4-100a-4d49-b1c4-e596c18395b5", "idx": 22, "time": "06:26:48", "tsec": 23208, "speed_kmh": 0.0}, "geometry": {"type": "Point", "coordinates": [110.385704, -7.798587]}}, {"type": "Feature", "properties": {"device": "d2197cc4-100a-4d49-b1c4-e596c18395b5", "idx": 23, "time": "06:26:48", "tsec": 23208, "speed_kmh": 0.0}, "geometry": {"type": "Point", "coordinates": [110.385704, -7.798587]}}, {"type": "Feature", "properties": {"device": "d2197cc4-100a-4d49-b1c4-e596c18395b5", "idx": 24, "time": "10:06:51", "tsec": 36411, "speed_kmh": 8.3}, "geometry": {"type": "Point", "coordinates": [110.129997, -7.9]}}, {"type": "Feature", "properties": {"device": "d2197cc4-100a-4d49-b1c4-e596c18395b5", "idx": 25, "time": "10:06:51", "tsec": 36411, "speed_kmh": 0.0}, "geometry": {"type": "Point", "coordinates": [110.129997, -7.9]}}, {"type": "Feature", "properties": {"device": "d2197cc4-100a-4d49-b1c4-e596c18395b5", "idx": 26, "time": "10:07:36", "tsec": 36456, "speed_kmh": 0.0}, "geometry": {"type": "Point", "coordinates": [110.129997, -7.9]}}, {"type": "Feature", "properties": {"device": "d2197cc4-100a-4d49-b1c4-e596c18395b5", "idx": 27, "time": "10:08:43", "tsec": 36523, "speed_kmh": 0.0}, "geometry": {"type": "Point", "coordinates": [110.129997, -7.9]}}, {"type": "Feature", "properties": {"device": "d2197cc4-100a-4d49-b1c4-e596c18395b5", "idx": 28, "time": "10:10:30", "tsec": 36630, "speed_kmh": 0.0}, "geometry": {"type": "Point", "coordinates": [110.129997, -7.9]}}, {"type": "Feature", "properties": {"device": "d2197cc4-100a-4d49-b1c4-e596c18395b5", "idx": 29, "time": "10:12:06", "tsec": 36726, "speed_kmh": 0.0}, "geometry": {"type": "Point", "coordinates": [110.129997, -7.9]}}, {"type": "Feature", "properties": {"device": "d2197cc4-100a-4d49-b1c4-e596c18395b5", "idx": 30, "time": "10:13:22", "tsec": 36802, "speed_kmh": 0.0}, "geometry": {"type": "Point", "coordinates": [110.129997, -7.9]}}, {"type": "Feature", "properties": {"device": "d2197cc4-100a-4d49-b1c4-e596c18395b5", "idx": 31, "time": "10:14:48", "tsec": 36888, "speed_kmh": 0.0}, "geometry": {"type": "Point", "coordinates": [110.129997, -7.9]}}, {"type": "Feature", "properties": {"device": "d2197cc4-100a-4d49-b1c4-e596c18395b5", "idx": 32, "time": "10:16:01", "tsec": 36961, "speed_kmh": 0.0}, "geometry": {"type": "Point", "coordinates": [110.129997, -7.9]}}, {"type": "Feature", "properties": {"device": "d2197cc4-100a-4d49-b1c4-e596c18395b5", "idx": 33, "time": "10:53:20", "tsec": 39200, "speed_kmh": 0.0}, "geometry": {"type": "Point", "coordinates": [110.129997, -7.9]}}, {"type": "Feature", "properties": {"device": "d2197cc4-100a-4d49-b1c4-e596c18395b5", "idx": 34, "time": "10:56:13", "tsec": 39373, "speed_kmh": 0.0}, "geometry": {"type": "Point", "coordinates": [110.129997, -7.9]}}, {"type": "Feature", "properties": {"device": "d2197cc4-100a-4d49-b1c4-e596c18395b5", "idx": 35, "time": "10:59:15", "tsec": 39555, "speed_kmh": 0.0}, "geometry": {"type": "Point", "coordinates": [110.129997, -7.9]}}, {"type": "Feature", "properties": {"device": "d2197cc4-100a-4d49-b1c4-e596c18395b5", "idx": 36, "time": "11:01:37", "tsec": 39697, "speed_kmh": 0.0}, "geometry": {"type": "Point", "coordinates": [110.129997, -7.9]}}, {"type": "Feature", "properties": {"device": "d2197cc4-100a-4d49-b1c4-e596c18395b5", "idx": 37, "time": "11:01:37", "tsec": 39697, "speed_kmh": 0.0}, "geometry": {"type": "Point", "coordinates": [110.129997, -7.9]}}, {"type": "Feature", "properties": {"device": "d2197cc4-100a-4d49-b1c4-e596c18395b5", "idx": 38, "time": "11:02:32", "tsec": 39752, "speed_kmh": 0.0}, "geometry": {"type": "Point", "coordinates": [110.129997, -7.9]}}, {"type": "Feature", "properties": {"device": "d2197cc4-100a-4d49-b1c4-e596c18395b5", "idx": 39, "time": "11:03:37", "tsec": 39817, "speed_kmh": 0.0}, "geometry": {"type": "Point", "coordinates": [110.129997, -7.9]}}, {"type": "Feature", "properties": {"device": "d2197cc4-100a-4d49-b1c4-e596c18395b5", "idx": 40, "time": "11:18:08", "tsec": 40688, "speed_kmh": 0.0}, "geometry": {"type": "Point", "coordinates": [110.129997, -7.9]}}, {"type": "Feature", "properties": {"device": "d2197cc4-100a-4d49-b1c4-e596c18395b5", "idx": 41, "time": "11:19:18", "tsec": 40758, "speed_kmh": 0.0}, "geometry": {"type": "Point", "coordinates": [110.129997, -7.9]}}, {"type": "Feature", "properties": {"device": "d2197cc4-100a-4d49-b1c4-e596c18395b5", "idx": 42, "time": "11:22:55", "tsec": 40975, "speed_kmh": 0.0}, "geometry": {"type": "Point", "coordinates": [110.129997, -7.9]}}, {"type": "Feature", "properties": {"device": "d2197cc4-100a-4d49-b1c4-e596c18395b5", "idx": 43, "time": "11:24:15", "tsec": 41055, "speed_kmh": 0.0}, "geometry": {"type": "Point", "coordinates": [110.129997, -7.9]}}, {"type": "Feature", "properties": {"device": "d2197cc4-100a-4d49-b1c4-e596c18395b5", "idx": 44, "time": "11:28:29", "tsec": 41309, "speed_kmh": 0.0}, "geometry": {"type": "Point", "coordinates": [110.129997, -7.9]}}, {"type": "Feature", "properties": {"device": "d2197cc4-100a-4d49-b1c4-e596c18395b5", "idx": 45, "time": "11:30:07", "tsec": 41407, "speed_kmh": 0.0}, "geometry": {"type": "Point", "coordinates": [110.129997, -7.9]}}, {"type": "Feature", "properties": {"device": "d2197cc4-100a-4d49-b1c4-e596c18395b5", "idx": 46, "time": "11:31:37", "tsec": 41497, "speed_kmh": 0.0}, "geometry": {"type": "Point", "coordinates": [110.129997, -7.9]}}, {"type": "Feature", "properties": {"device": "d2197cc4-100a-4d49-b1c4-e596c18395b5", "idx": 47, "time": "11:33:21", "tsec": 41601, "speed_kmh": 0.0}, "geometry": {"type": "Point", "coordinates": [110.129997, -7.9]}}, {"type": "Feature", "properties": {"device": "d2197cc4-100a-4d49-b1c4-e596c18395b5", "idx": 48, "time": "11:34:48", "tsec": 41688, "speed_kmh": 0.0}, "geometry": {"type": "Point", "coordinates": [110.129997, -7.9]}}, {"type": "Feature", "properties": {"device": "d2197cc4-100a-4d49-b1c4-e596c18395b5", "idx": 49, "time": "11:35:54", "tsec": 41754, "speed_kmh": 0.0}, "geometry": {"type": "Point", "coordinates": [110.129997, -7.9]}}, {"type": "Feature", "properties": {"device": "d2197cc4-100a-4d49-b1c4-e596c18395b5", "idx": 50, "time": "11:39:11", "tsec": 41951, "speed_kmh": 0.0}, "geometry": {"type": "Point", "coordinates": [110.129997, -7.9]}}, {"type": "Feature", "properties": {"device": "d2197cc4-100a-4d49-b1c4-e596c18395b5", "idx": 51, "time": "11:40:27", "tsec": 42027, "speed_kmh": 0.0}, "geometry": {"type": "Point", "coordinates": [110.129997, -7.9]}}, {"type": "Feature", "properties": {"device": "d2197cc4-100a-4d49-b1c4-e596c18395b5", "idx": 52, "time": "11:44:07", "tsec": 42247, "speed_kmh": 0.0}, "geometry": {"type": "Point", "coordinates": [110.129997, -7.9]}}, {"type": "Feature", "properties": {"device": "d2197cc4-100a-4d49-b1c4-e596c18395b5", "idx": 53, "time": "11:45:56", "tsec": 42356, "speed_kmh": 0.0}, "geometry": {"type": "Point", "coordinates": [110.129997, -7.9]}}, {"type": "Feature", "properties": {"device": "d2197cc4-100a-4d49-b1c4-e596c18395b5", "idx": 54, "time": "11:48:03", "tsec": 42483, "speed_kmh": 0.0}, "geometry": {"type": "Point", "coordinates": [110.129997, -7.9]}}, {"type": "Feature", "properties": {"device": "d2197cc4-100a-4d49-b1c4-e596c18395b5", "idx": 55, "time": "11:49:00", "tsec": 42540, "speed_kmh": 0.0}, "geometry": {"type": "Point", "coordinates": [110.129997, -7.9]}}, {"type": "Feature", "properties": {"device": "d2197cc4-100a-4d49-b1c4-e596c18395b5", "idx": 56, "time": "11:50:23", "tsec": 42623, "speed_kmh": 0.0}, "geometry": {"type": "Point", "coordinates": [110.129997, -7.9]}}, {"type": "Feature", "properties": {"device": "d2197cc4-100a-4d49-b1c4-e596c18395b5", "idx": 57, "time": "12:08:50", "tsec": 43730, "speed_kmh": 0.0}, "geometry": {"type": "Point", "coordinates": [110.129997, -7.9]}}, {"type": "Feature", "properties": {"device": "d2197cc4-100a-4d49-b1c4-e596c18395b5", "idx": 58, "time": "12:08:50", "tsec": 43730, "speed_kmh": 0.0}, "geometry": {"type": "Point", "coordinates": [110.129997, -7.9]}}, {"type": "Feature", "properties": {"device": "d2197cc4-100a-4d49-b1c4-e596c18395b5", "idx": 59, "time": "12:09:01", "tsec": 43741, "speed_kmh": 22006.1}, "geometry": {"type": "Point", "coordinates": [110.740379, -7.888215]}}, {"type": "Feature", "properties": {"device": "d2197cc4-100a-4d49-b1c4-e596c18395b5", "idx": 60, "time": "12:09:01", "tsec": 43741, "speed_kmh": 0.0}, "geometry": {"type": "Point", "coordinates": [110.740379, -7.888215]}}, {"type": "Feature", "properties": {"device": "d2197cc4-100a-4d49-b1c4-e596c18395b5", "idx": 61, "time": "12:12:33", "tsec": 43953, "speed_kmh": 1141.8}, "geometry": {"type": "Point", "coordinates": [110.129997, -7.9]}}, {"type": "Feature", "properties": {"device": "d2197cc4-100a-4d49-b1c4-e596c18395b5", "idx": 62, "time": "12:13:02", "tsec": 43982, "speed_kmh": 0.0}, "geometry": {"type": "Point", "coordinates": [110.129997, -7.9]}}, {"type": "Feature", "properties": {"device": "6269bab5-eec8-4c04-bc76-2b4e34d983ce", "idx": 0, "time": "04:49:45", "tsec": 17385, "speed_kmh": 0.0}, "geometry": {"type": "Point", "coordinates": [110.392113, -7.703757]}}, {"type": "Feature", "properties": {"device": "6269bab5-eec8-4c04-bc76-2b4e34d983ce", "idx": 1, "time": "20:20:39", "tsec": 73239, "speed_kmh": 0.0}, "geometry": {"type": "Point", "coordinates": [110.392113, -7.703757]}}, {"type": "Feature", "properties": {"device": "6269bab5-eec8-4c04-bc76-2b4e34d983ce", "idx": 2, "time": "20:46:52", "tsec": 74812, "speed_kmh": 45.1}, "geometry": {"type": "Point", "coordinates": [110.330002, -7.87]}}, {"type": "Feature", "properties": {"device": "6269bab5-eec8-4c04-bc76-2b4e34d983ce", "idx": 3, "time": "20:46:52", "tsec": 74812, "speed_kmh": 0.0}, "geometry": {"type": "Point", "coordinates": [110.330002, -7.87]}}, {"type": "Feature", "properties": {"device": "6269bab5-eec8-4c04-bc76-2b4e34d983ce", "idx": 4, "time": "20:46:52", "tsec": 74812, "speed_kmh": 0.0}, "geometry": {"type": "Point", "coordinates": [110.330002, -7.87]}}, {"type": "Feature", "properties": {"device": "6269bab5-eec8-4c04-bc76-2b4e34d983ce", "idx": 5, "time": "20:46:52", "tsec": 74812, "speed_kmh": 0.0}, "geometry": {"type": "Point", "coordinates": [110.330002, -7.87]}}, {"type": "Feature", "properties": {"device": "6269bab5-eec8-4c04-bc76-2b4e34d983ce", "idx": 6, "time": "20:49:11", "tsec": 74951, "speed_kmh": 0.0}, "geometry": {"type": "Point", "coordinates": [110.330002, -7.87]}}, {"type": "Feature", "properties": {"device": "6269bab5-eec8-4c04-bc76-2b4e34d983ce", "idx": 7, "time": "20:49:11", "tsec": 74951, "speed_kmh": 0.0}, "geometry": {"type": "Point", "coordinates": [110.330002, -7.87]}}, {"type": "Feature", "properties": {"device": "6269bab5-eec8-4c04-bc76-2b4e34d983ce", "idx": 8, "time": "21:03:41", "tsec": 75821, "speed_kmh": 0.0}, "geometry": {"type": "Point", "coordinates": [110.330002, -7.87]}}, {"type": "Feature", "properties": {"device": "6269bab5-eec8-4c04-bc76-2b4e34d983ce", "idx": 9, "time": "21:03:41", "tsec": 75821, "speed_kmh": 0.0}, "geometry": {"type": "Point", "coordinates": [110.330002, -7.87]}}, {"type": "Feature", "properties": {"device": "6269bab5-eec8-4c04-bc76-2b4e34d983ce", "idx": 10, "time": "21:03:41", "tsec": 75821, "speed_kmh": 0.0}, "geometry": {"type": "Point", "coordinates": [110.330002, -7.87]}}, {"type": "Feature", "properties": {"device": "6269bab5-eec8-4c04-bc76-2b4e34d983ce", "idx": 11, "time": "21:03:41", "tsec": 75821, "speed_kmh": 0.0}, "geometry": {"type": "Point", "coordinates": [110.330002, -7.87]}}, {"type": "Feature", "properties": {"device": "6269bab5-eec8-4c04-bc76-2b4e34d983ce", "idx": 12, "time": "21:03:41", "tsec": 75821, "speed_kmh": 0.0}, "geometry": {"type": "Point", "coordinates": [110.330002, -7.87]}}, {"type": "Feature", "properties": {"device": "6269bab5-eec8-4c04-bc76-2b4e34d983ce", "idx": 13, "time": "21:03:41", "tsec": 75821, "speed_kmh": 0.0}, "geometry": {"type": "Point", "coordinates": [110.330002, -7.87]}}, {"type": "Feature", "properties": {"device": "6269bab5-eec8-4c04-bc76-2b4e34d983ce", "idx": 14, "time": "21:03:41", "tsec": 75821, "speed_kmh": 0.0}, "geometry": {"type": "Point", "coordinates": [110.330002, -7.87]}}, {"type": "Feature", "properties": {"device": "6269bab5-eec8-4c04-bc76-2b4e34d983ce", "idx": 15, "time": "21:03:41", "tsec": 75821, "speed_kmh": 0.0}, "geometry": {"type": "Point", "coordinates": [110.330002, -7.87]}}, {"type": "Feature", "properties": {"device": "6269bab5-eec8-4c04-bc76-2b4e34d983ce", "idx": 16, "time": "21:03:41", "tsec": 75821, "speed_kmh": 0.0}, "geometry": {"type": "Point", "coordinates": [110.330002, -7.87]}}, {"type": "Feature", "properties": {"device": "6269bab5-eec8-4c04-bc76-2b4e34d983ce", "idx": 17, "time": "21:03:41", "tsec": 75821, "speed_kmh": 0.0}, "geometry": {"type": "Point", "coordinates": [110.330002, -7.87]}}, {"type": "Feature", "properties": {"device": "6269bab5-eec8-4c04-bc76-2b4e34d983ce", "idx": 18, "time": "21:03:41", "tsec": 75821, "speed_kmh": 0.0}, "geometry": {"type": "Point", "coordinates": [110.330002, -7.87]}}, {"type": "Feature", "properties": {"device": "6269bab5-eec8-4c04-bc76-2b4e34d983ce", "idx": 19, "time": "21:04:55", "tsec": 75895, "speed_kmh": 0.0}, "geometry": {"type": "Point", "coordinates": [110.330002, -7.87]}}, {"type": "Feature", "properties": {"device": "6269bab5-eec8-4c04-bc76-2b4e34d983ce", "idx": 20, "time": "21:15:03", "tsec": 76503, "speed_kmh": 116.7}, "geometry": {"type": "Point", "coordinates": [110.39212, -7.70377]}}, {"type": "Feature", "properties": {"device": "6269bab5-eec8-4c04-bc76-2b4e34d983ce", "idx": 21, "time": "21:15:03", "tsec": 76503, "speed_kmh": 0.0}, "geometry": {"type": "Point", "coordinates": [110.39212, -7.70377]}}, {"type": "Feature", "properties": {"device": "6269bab5-eec8-4c04-bc76-2b4e34d983ce", "idx": 22, "time": "21:15:54", "tsec": 76554, "speed_kmh": 0.1}, "geometry": {"type": "Point", "coordinates": [110.392113, -7.703757]}}, {"type": "Feature", "properties": {"device": "6269bab5-eec8-4c04-bc76-2b4e34d983ce", "idx": 23, "time": "21:15:54", "tsec": 76554, "speed_kmh": 0.0}, "geometry": {"type": "Point", "coordinates": [110.392113, -7.703757]}}, {"type": "Feature", "properties": {"device": "6269bab5-eec8-4c04-bc76-2b4e34d983ce", "idx": 24, "time": "21:15:54", "tsec": 76554, "speed_kmh": 0.0}, "geometry": {"type": "Point", "coordinates": [110.39212, -7.70377]}}, {"type": "Feature", "properties": {"device": "6269bab5-eec8-4c04-bc76-2b4e34d983ce", "idx": 25, "time": "21:15:54", "tsec": 76554, "speed_kmh": 0.0}, "geometry": {"type": "Point", "coordinates": [110.392113, -7.70378]}}, {"type": "Feature", "properties": {"device": "6269bab5-eec8-4c04-bc76-2b4e34d983ce", "idx": 26, "time": "21:15:54", "tsec": 76554, "speed_kmh": 0.0}, "geometry": {"type": "Point", "coordinates": [110.392113, -7.70378]}}, {"type": "Feature", "properties": {"device": "6269bab5-eec8-4c04-bc76-2b4e34d983ce", "idx": 27, "time": "21:15:54", "tsec": 76554, "speed_kmh": 0.0}, "geometry": {"type": "Point", "coordinates": [110.392113, -7.70378]}}, {"type": "Feature", "properties": {"device": "6269bab5-eec8-4c04-bc76-2b4e34d983ce", "idx": 28, "time": "21:15:54", "tsec": 76554, "speed_kmh": 0.0}, "geometry": {"type": "Point", "coordinates": [110.392113, -7.703757]}}, {"type": "Feature", "properties": {"device": "6269bab5-eec8-4c04-bc76-2b4e34d983ce", "idx": 29, "time": "21:15:54", "tsec": 76554, "speed_kmh": 0.0}, "geometry": {"type": "Point", "coordinates": [110.392113, -7.703757]}}, {"type": "Feature", "properties": {"device": "6269bab5-eec8-4c04-bc76-2b4e34d983ce", "idx": 30, "time": "21:43:41", "tsec": 78221, "speed_kmh": 52.0}, "geometry": {"type": "Point", "coordinates": [110.379997, -7.92]}}, {"type": "Feature", "properties": {"device": "6269bab5-eec8-4c04-bc76-2b4e34d983ce", "idx": 31, "time": "21:43:41", "tsec": 78221, "speed_kmh": 0.0}, "geometry": {"type": "Point", "coordinates": [110.379997, -7.92]}}, {"type": "Feature", "properties": {"device": "6269bab5-eec8-4c04-bc76-2b4e34d983ce", "idx": 32, "time": "21:43:41", "tsec": 78221, "speed_kmh": 0.0}, "geometry": {"type": "Point", "coordinates": [110.379997, -7.92]}}, {"type": "Feature", "properties": {"device": "6ebaf74a-b511-4334-af6f-43d5ea42e73b", "idx": 0, "time": "22:23:16", "tsec": 80596, "speed_kmh": 0.0}, "geometry": {"type": "Point", "coordinates": [110.412651, -7.76473]}}, {"type": "Feature", "properties": {"device": "6ebaf74a-b511-4334-af6f-43d5ea42e73b", "idx": 1, "time": "22:23:17", "tsec": 80597, "speed_kmh": 12.4}, "geometry": {"type": "Point", "coordinates": [110.412659, -7.76476]}}, {"type": "Feature", "properties": {"device": "6ebaf74a-b511-4334-af6f-43d5ea42e73b", "idx": 2, "time": "22:23:17", "tsec": 80597, "speed_kmh": 0.0}, "geometry": {"type": "Point", "coordinates": [110.412659, -7.76476]}}, {"type": "Feature", "properties": {"device": "6ebaf74a-b511-4334-af6f-43d5ea42e73b", "idx": 3, "time": "22:23:17", "tsec": 80597, "speed_kmh": 0.0}, "geometry": {"type": "Point", "coordinates": [110.412659, -7.76476]}}, {"type": "Feature", "properties": {"device": "6ebaf74a-b511-4334-af6f-43d5ea42e73b", "idx": 4, "time": "22:23:17", "tsec": 80597, "speed_kmh": 0.0}, "geometry": {"type": "Point", "coordinates": [110.412659, -7.76476]}}, {"type": "Feature", "properties": {"device": "6ebaf74a-b511-4334-af6f-43d5ea42e73b", "idx": 5, "time": "22:23:17", "tsec": 80597, "speed_kmh": 0.0}, "geometry": {"type": "Point", "coordinates": [110.412659, -7.76476]}}, {"type": "Feature", "properties": {"device": "6ebaf74a-b511-4334-af6f-43d5ea42e73b", "idx": 6, "time": "22:23:17", "tsec": 80597, "speed_kmh": 0.0}, "geometry": {"type": "Point", "coordinates": [110.412659, -7.76476]}}, {"type": "Feature", "properties": {"device": "6ebaf74a-b511-4334-af6f-43d5ea42e73b", "idx": 7, "time": "22:23:26", "tsec": 80606, "speed_kmh": 1.4}, "geometry": {"type": "Point", "coordinates": [110.412651, -7.76473]}}, {"type": "Feature", "properties": {"device": "6ebaf74a-b511-4334-af6f-43d5ea42e73b", "idx": 8, "time": "22:23:26", "tsec": 80606, "speed_kmh": 0.0}, "geometry": {"type": "Point", "coordinates": [110.412659, -7.76474]}}, {"type": "Feature", "properties": {"device": "6ebaf74a-b511-4334-af6f-43d5ea42e73b", "idx": 9, "time": "22:23:26", "tsec": 80606, "speed_kmh": 0.0}, "geometry": {"type": "Point", "coordinates": [110.412659, -7.76474]}}, {"type": "Feature", "properties": {"device": "6ebaf74a-b511-4334-af6f-43d5ea42e73b", "idx": 10, "time": "22:23:26", "tsec": 80606, "speed_kmh": 0.0}, "geometry": {"type": "Point", "coordinates": [110.412659, -7.76474]}}, {"type": "Feature", "properties": {"device": "6ebaf74a-b511-4334-af6f-43d5ea42e73b", "idx": 11, "time": "22:23:26", "tsec": 80606, "speed_kmh": 0.0}, "geometry": {"type": "Point", "coordinates": [110.412659, -7.76474]}}, {"type": "Feature", "properties": {"device": "6ebaf74a-b511-4334-af6f-43d5ea42e73b", "idx": 12, "time": "22:23:26", "tsec": 80606, "speed_kmh": 0.0}, "geometry": {"type": "Point", "coordinates": [110.412659, -7.76474]}}, {"type": "Feature", "properties": {"device": "6ebaf74a-b511-4334-af6f-43d5ea42e73b", "idx": 13, "time": "22:23:26", "tsec": 80606, "speed_kmh": 0.0}, "geometry": {"type": "Point", "coordinates": [110.412659, -7.76474]}}, {"type": "Feature", "properties": {"device": "6ebaf74a-b511-4334-af6f-43d5ea42e73b", "idx": 14, "time": "22:23:26", "tsec": 80606, "speed_kmh": 0.0}, "geometry": {"type": "Point", "coordinates": [110.412659, -7.76474]}}, {"type": "Feature", "properties": {"device": "6ebaf74a-b511-4334-af6f-43d5ea42e73b", "idx": 15, "time": "22:23:26", "tsec": 80606, "speed_kmh": 0.0}, "geometry": {"type": "Point", "coordinates": [110.412659, -7.764737]}}, {"type": "Feature", "properties": {"device": "6ebaf74a-b511-4334-af6f-43d5ea42e73b", "idx": 16, "time": "22:23:26", "tsec": 80606, "speed_kmh": 0.0}, "geometry": {"type": "Point", "coordinates": [110.412659, -7.76474]}}, {"type": "Feature", "properties": {"device": "6ebaf74a-b511-4334-af6f-43d5ea42e73b", "idx": 17, "time": "22:23:27", "tsec": 80607, "speed_kmh": 8.0}, "geometry": {"type": "Point", "coordinates": [110.412659, -7.76476]}}, {"type": "Feature", "properties": {"device": "6ebaf74a-b511-4334-af6f-43d5ea42e73b", "idx": 18, "time": "22:23:27", "tsec": 80607, "speed_kmh": 0.0}, "geometry": {"type": "Point", "coordinates": [110.412659, -7.76476]}}, {"type": "Feature", "properties": {"device": "6ebaf74a-b511-4334-af6f-43d5ea42e73b", "idx": 19, "time": "22:23:27", "tsec": 80607, "speed_kmh": 0.0}, "geometry": {"type": "Point", "coordinates": [110.412659, -7.76476]}}, {"type": "Feature", "properties": {"device": "6ebaf74a-b511-4334-af6f-43d5ea42e73b", "idx": 20, "time": "22:23:27", "tsec": 80607, "speed_kmh": 0.0}, "geometry": {"type": "Point", "coordinates": [110.412659, -7.764737]}}, {"type": "Feature", "properties": {"device": "6ebaf74a-b511-4334-af6f-43d5ea42e73b", "idx": 21, "time": "22:23:27", "tsec": 80607, "speed_kmh": 0.0}, "geometry": {"type": "Point", "coordinates": [110.412659, -7.76476]}}, {"type": "Feature", "properties": {"device": "6ebaf74a-b511-4334-af6f-43d5ea42e73b", "idx": 22, "time": "22:23:27", "tsec": 80607, "speed_kmh": 0.0}, "geometry": {"type": "Point", "coordinates": [110.412659, -7.76476]}}, {"type": "Feature", "properties": {"device": "6ebaf74a-b511-4334-af6f-43d5ea42e73b", "idx": 23, "time": "22:23:27", "tsec": 80607, "speed_kmh": 0.0}, "geometry": {"type": "Point", "coordinates": [110.412659, -7.76476]}}, {"type": "Feature", "properties": {"device": "6ebaf74a-b511-4334-af6f-43d5ea42e73b", "idx": 24, "time": "22:23:27", "tsec": 80607, "speed_kmh": 0.0}, "geometry": {"type": "Point", "coordinates": [110.412659, -7.76476]}}, {"type": "Feature", "properties": {"device": "6ebaf74a-b511-4334-af6f-43d5ea42e73b", "idx": 25, "time": "22:23:27", "tsec": 80607, "speed_kmh": 0.0}, "geometry": {"type": "Point", "coordinates": [110.412659, -7.76476]}}, {"type": "Feature", "properties": {"device": "6ebaf74a-b511-4334-af6f-43d5ea42e73b", "idx": 26, "time": "22:23:31", "tsec": 80611, "speed_kmh": 2.3}, "geometry": {"type": "Point", "coordinates": [110.412659, -7.764737]}}, {"type": "Feature", "properties": {"device": "6ebaf74a-b511-4334-af6f-43d5ea42e73b", "idx": 27, "time": "22:23:31", "tsec": 80611, "speed_kmh": 0.0}, "geometry": {"type": "Point", "coordinates": [110.412659, -7.76476]}}, {"type": "Feature", "properties": {"device": "6ebaf74a-b511-4334-af6f-43d5ea42e73b", "idx": 28, "time": "22:23:31", "tsec": 80611, "speed_kmh": 0.0}, "geometry": {"type": "Point", "coordinates": [110.412659, -7.76476]}}, {"type": "Feature", "properties": {"device": "6ebaf74a-b511-4334-af6f-43d5ea42e73b", "idx": 29, "time": "22:23:32", "tsec": 80612, "speed_kmh": 5.0}, "geometry": {"type": "Point", "coordinates": [110.412651, -7.76475]}}, {"type": "Feature", "properties": {"device": "6ebaf74a-b511-4334-af6f-43d5ea42e73b", "idx": 30, "time": "22:23:34", "tsec": 80614, "speed_kmh": 3.0}, "geometry": {"type": "Point", "coordinates": [110.412659, -7.764737]}}, {"type": "Feature", "properties": {"device": "6ebaf74a-b511-4334-af6f-43d5ea42e73b", "idx": 31, "time": "22:23:34", "tsec": 80614, "speed_kmh": 0.0}, "geometry": {"type": "Point", "coordinates": [110.412659, -7.76474]}}, {"type": "Feature", "properties": {"device": "6ebaf74a-b511-4334-af6f-43d5ea42e73b", "idx": 32, "time": "22:23:34", "tsec": 80614, "speed_kmh": 0.0}, "geometry": {"type": "Point", "coordinates": [110.412659, -7.764737]}}, {"type": "Feature", "properties": {"device": "6ebaf74a-b511-4334-af6f-43d5ea42e73b", "idx": 33, "time": "22:23:34", "tsec": 80614, "speed_kmh": 0.0}, "geometry": {"type": "Point", "coordinates": [110.412659, -7.76474]}}, {"type": "Feature", "properties": {"device": "6ebaf74a-b511-4334-af6f-43d5ea42e73b", "idx": 34, "time": "22:23:34", "tsec": 80614, "speed_kmh": 0.0}, "geometry": {"type": "Point", "coordinates": [110.412659, -7.764737]}}, {"type": "Feature", "properties": {"device": "6ebaf74a-b511-4334-af6f-43d5ea42e73b", "idx": 35, "time": "22:23:34", "tsec": 80614, "speed_kmh": 0.0}, "geometry": {"type": "Point", "coordinates": [110.412659, -7.764737]}}, {"type": "Feature", "properties": {"device": "6ebaf74a-b511-4334-af6f-43d5ea42e73b", "idx": 36, "time": "22:23:34", "tsec": 80614, "speed_kmh": 0.0}, "geometry": {"type": "Point", "coordinates": [110.412659, -7.764737]}}, {"type": "Feature", "properties": {"device": "6ebaf74a-b511-4334-af6f-43d5ea42e73b", "idx": 37, "time": "22:23:34", "tsec": 80614, "speed_kmh": 0.0}, "geometry": {"type": "Point", "coordinates": [110.412659, -7.764737]}}, {"type": "Feature", "properties": {"device": "6ebaf74a-b511-4334-af6f-43d5ea42e73b", "idx": 38, "time": "22:23:34", "tsec": 80614, "speed_kmh": 0.0}, "geometry": {"type": "Point", "coordinates": [110.412659, -7.76474]}}, {"type": "Feature", "properties": {"device": "6ebaf74a-b511-4334-af6f-43d5ea42e73b", "idx": 39, "time": "22:23:34", "tsec": 80614, "speed_kmh": 0.0}, "geometry": {"type": "Point", "coordinates": [110.412659, -7.764737]}}, {"type": "Feature", "properties": {"device": "6ebaf74a-b511-4334-af6f-43d5ea42e73b", "idx": 40, "time": "22:23:34", "tsec": 80614, "speed_kmh": 0.0}, "geometry": {"type": "Point", "coordinates": [110.412659, -7.764737]}}, {"type": "Feature", "properties": {"device": "6ebaf74a-b511-4334-af6f-43d5ea42e73b", "idx": 41, "time": "22:23:34", "tsec": 80614, "speed_kmh": 0.0}, "geometry": {"type": "Point", "coordinates": [110.412659, -7.764737]}}, {"type": "Feature", "properties": {"device": "6ebaf74a-b511-4334-af6f-43d5ea42e73b", "idx": 42, "time": "22:23:34", "tsec": 80614, "speed_kmh": 0.0}, "geometry": {"type": "Point", "coordinates": [110.412651, -7.76475]}}, {"type": "Feature", "properties": {"device": "6ebaf74a-b511-4334-af6f-43d5ea42e73b", "idx": 43, "time": "22:23:34", "tsec": 80614, "speed_kmh": 0.0}, "geometry": {"type": "Point", "coordinates": [110.412659, -7.76474]}}, {"type": "Feature", "properties": {"device": "6ebaf74a-b511-4334-af6f-43d5ea42e73b", "idx": 44, "time": "22:23:34", "tsec": 80614, "speed_kmh": 0.0}, "geometry": {"type": "Point", "coordinates": [110.412659, -7.764737]}}, {"type": "Feature", "properties": {"device": "6ebaf74a-b511-4334-af6f-43d5ea42e73b", "idx": 45, "time": "22:23:34", "tsec": 80614, "speed_kmh": 0.0}, "geometry": {"type": "Point", "coordinates": [110.412659, -7.764737]}}, {"type": "Feature", "properties": {"device": "6ebaf74a-b511-4334-af6f-43d5ea42e73b", "idx": 46, "time": "22:23:34", "tsec": 80614, "speed_kmh": 0.0}, "geometry": {"type": "Point", "coordinates": [110.412659, -7.76474]}}, {"type": "Feature", "properties": {"device": "6ebaf74a-b511-4334-af6f-43d5ea42e73b", "idx": 47, "time": "22:23:34", "tsec": 80614, "speed_kmh": 0.0}, "geometry": {"type": "Point", "coordinates": [110.412659, -7.764737]}}, {"type": "Feature", "properties": {"device": "6ebaf74a-b511-4334-af6f-43d5ea42e73b", "idx": 48, "time": "22:23:34", "tsec": 80614, "speed_kmh": 0.0}, "geometry": {"type": "Point", "coordinates": [110.412659, -7.764737]}}, {"type": "Feature", "properties": {"device": "6ebaf74a-b511-4334-af6f-43d5ea42e73b", "idx": 49, "time": "22:23:34", "tsec": 80614, "speed_kmh": 0.0}, "geometry": {"type": "Point", "coordinates": [110.412659, -7.764737]}}, {"type": "Feature", "properties": {"device": "6ebaf74a-b511-4334-af6f-43d5ea42e73b", "idx": 50, "time": "22:23:41", "tsec": 80621, "speed_kmh": 0.2}, "geometry": {"type": "Point", "coordinates": [110.412659, -7.76474]}}, {"type": "Feature", "properties": {"device": "6ebaf74a-b511-4334-af6f-43d5ea42e73b", "idx": 51, "time": "22:23:41", "tsec": 80621, "speed_kmh": 0.0}, "geometry": {"type": "Point", "coordinates": [110.412659, -7.76474]}}, {"type": "Feature", "properties": {"device": "6ebaf74a-b511-4334-af6f-43d5ea42e73b", "idx": 52, "time": "22:23:41", "tsec": 80621, "speed_kmh": 0.0}, "geometry": {"type": "Point", "coordinates": [110.412659, -7.76474]}}, {"type": "Feature", "properties": {"device": "6ebaf74a-b511-4334-af6f-43d5ea42e73b", "idx": 53, "time": "22:23:41", "tsec": 80621, "speed_kmh": 0.0}, "geometry": {"type": "Point", "coordinates": [110.412659, -7.764737]}}, {"type": "Feature", "properties": {"device": "6ebaf74a-b511-4334-af6f-43d5ea42e73b", "idx": 54, "time": "22:23:41", "tsec": 80621, "speed_kmh": 0.0}, "geometry": {"type": "Point", "coordinates": [110.412659, -7.76474]}}, {"type": "Feature", "properties": {"device": "6ebaf74a-b511-4334-af6f-43d5ea42e73b", "idx": 55, "time": "22:23:42", "tsec": 80622, "speed_kmh": 5.0}, "geometry": {"type": "Point", "coordinates": [110.412651, -7.76475]}}, {"type": "Feature", "properties": {"device": "6ebaf74a-b511-4334-af6f-43d5ea42e73b", "idx": 56, "time": "22:23:42", "tsec": 80622, "speed_kmh": 0.0}, "geometry": {"type": "Point", "coordinates": [110.412651, -7.76475]}}, {"type": "Feature", "properties": {"device": "6ebaf74a-b511-4334-af6f-43d5ea42e73b", "idx": 57, "time": "22:23:42", "tsec": 80622, "speed_kmh": 0.0}, "geometry": {"type": "Point", "coordinates": [110.412651, -7.76475]}}, {"type": "Feature", "properties": {"device": "6ebaf74a-b511-4334-af6f-43d5ea42e73b", "idx": 58, "time": "22:23:42", "tsec": 80622, "speed_kmh": 0.0}, "geometry": {"type": "Point", "coordinates": [110.412651, -7.76475]}}, {"type": "Feature", "properties": {"device": "6ebaf74a-b511-4334-af6f-43d5ea42e73b", "idx": 59, "time": "22:23:42", "tsec": 80622, "speed_kmh": 0.0}, "geometry": {"type": "Point", "coordinates": [110.412651, -7.76475]}}, {"type": "Feature", "properties": {"device": "6ebaf74a-b511-4334-af6f-43d5ea42e73b", "idx": 60, "time": "22:23:42", "tsec": 80622, "speed_kmh": 0.0}, "geometry": {"type": "Point", "coordinates": [110.412651, -7.76475]}}, {"type": "Feature", "properties": {"device": "6ebaf74a-b511-4334-af6f-43d5ea42e73b", "idx": 61, "time": "22:23:42", "tsec": 80622, "speed_kmh": 0.0}, "geometry": {"type": "Point", "coordinates": [110.412651, -7.76475]}}, {"type": "Feature", "properties": {"device": "6ebaf74a-b511-4334-af6f-43d5ea42e73b", "idx": 62, "time": "22:23:42", "tsec": 80622, "speed_kmh": 0.0}, "geometry": {"type": "Point", "coordinates": [110.412651, -7.76475]}}, {"type": "Feature", "properties": {"device": "6ebaf74a-b511-4334-af6f-43d5ea42e73b", "idx": 63, "time": "22:23:50", "tsec": 80630, "speed_kmh": 0.0}, "geometry": {"type": "Point", "coordinates": [110.412651, -7.76475]}}, {"type": "Feature", "properties": {"device": "6ebaf74a-b511-4334-af6f-43d5ea42e73b", "idx": 64, "time": "22:23:50", "tsec": 80630, "speed_kmh": 0.0}, "geometry": {"type": "Point", "coordinates": [110.412659, -7.76476]}}, {"type": "Feature", "properties": {"device": "6ebaf74a-b511-4334-af6f-43d5ea42e73b", "idx": 65, "time": "22:23:50", "tsec": 80630, "speed_kmh": 0.0}, "geometry": {"type": "Point", "coordinates": [110.412659, -7.764737]}}, {"type": "Feature", "properties": {"device": "6ebaf74a-b511-4334-af6f-43d5ea42e73b", "idx": 66, "time": "22:24:01", "tsec": 80641, "speed_kmh": 0.1}, "geometry": {"type": "Point", "coordinates": [110.412659, -7.76474]}}, {"type": "Feature", "properties": {"device": "6ebaf74a-b511-4334-af6f-43d5ea42e73b", "idx": 67, "time": "22:24:01", "tsec": 80641, "speed_kmh": 0.0}, "geometry": {"type": "Point", "coordinates": [110.412659, -7.76474]}}, {"type": "Feature", "properties": {"device": "6ebaf74a-b511-4334-af6f-43d5ea42e73b", "idx": 68, "time": "22:24:01", "tsec": 80641, "speed_kmh": 0.0}, "geometry": {"type": "Point", "coordinates": [110.412659, -7.76474]}}, {"type": "Feature", "properties": {"device": "6ebaf74a-b511-4334-af6f-43d5ea42e73b", "idx": 69, "time": "22:24:01", "tsec": 80641, "speed_kmh": 0.0}, "geometry": {"type": "Point", "coordinates": [110.412659, -7.76474]}}, {"type": "Feature", "properties": {"device": "6ebaf74a-b511-4334-af6f-43d5ea42e73b", "idx": 70, "time": "22:24:01", "tsec": 80641, "speed_kmh": 0.0}, "geometry": {"type": "Point", "coordinates": [110.412659, -7.76474]}}, {"type": "Feature", "properties": {"device": "6ebaf74a-b511-4334-af6f-43d5ea42e73b", "idx": 71, "time": "22:24:01", "tsec": 80641, "speed_kmh": 0.0}, "geometry": {"type": "Point", "coordinates": [110.412659, -7.764737]}}, {"type": "Feature", "properties": {"device": "6ebaf74a-b511-4334-af6f-43d5ea42e73b", "idx": 72, "time": "22:24:01", "tsec": 80641, "speed_kmh": 0.0}, "geometry": {"type": "Point", "coordinates": [110.412659, -7.76474]}}, {"type": "Feature", "properties": {"device": "6ebaf74a-b511-4334-af6f-43d5ea42e73b", "idx": 73, "time": "22:24:01", "tsec": 80641, "speed_kmh": 0.0}, "geometry": {"type": "Point", "coordinates": [110.412659, -7.76474]}}, {"type": "Feature", "properties": {"device": "6ebaf74a-b511-4334-af6f-43d5ea42e73b", "idx": 74, "time": "22:24:01", "tsec": 80641, "speed_kmh": 0.0}, "geometry": {"type": "Point", "coordinates": [110.412659, -7.76474]}}, {"type": "Feature", "properties": {"device": "6ebaf74a-b511-4334-af6f-43d5ea42e73b", "idx": 75, "time": "22:24:02", "tsec": 80642, "speed_kmh": 5.0}, "geometry": {"type": "Point", "coordinates": [110.412651, -7.76475]}}, {"type": "Feature", "properties": {"device": "6ebaf74a-b511-4334-af6f-43d5ea42e73b", "idx": 76, "time": "22:24:02", "tsec": 80642, "speed_kmh": 0.0}, "geometry": {"type": "Point", "coordinates": [110.412651, -7.76475]}}, {"type": "Feature", "properties": {"device": "6ebaf74a-b511-4334-af6f-43d5ea42e73b", "idx": 77, "time": "22:24:02", "tsec": 80642, "speed_kmh": 0.0}, "geometry": {"type": "Point", "coordinates": [110.412659, -7.764737]}}, {"type": "Feature", "properties": {"device": "6ebaf74a-b511-4334-af6f-43d5ea42e73b", "idx": 78, "time": "22:24:02", "tsec": 80642, "speed_kmh": 0.0}, "geometry": {"type": "Point", "coordinates": [110.412651, -7.76475]}}, {"type": "Feature", "properties": {"device": "6ebaf74a-b511-4334-af6f-43d5ea42e73b", "idx": 79, "time": "22:24:02", "tsec": 80642, "speed_kmh": 0.0}, "geometry": {"type": "Point", "coordinates": [110.412651, -7.76475]}}, {"type": "Feature", "properties": {"device": "6ebaf74a-b511-4334-af6f-43d5ea42e73b", "idx": 80, "time": "22:24:06", "tsec": 80646, "speed_kmh": 1.3}, "geometry": {"type": "Point", "coordinates": [110.412659, -7.76476]}}, {"type": "Feature", "properties": {"device": "6ebaf74a-b511-4334-af6f-43d5ea42e73b", "idx": 81, "time": "22:24:12", "tsec": 80652, "speed_kmh": 0.8}, "geometry": {"type": "Point", "coordinates": [110.412651, -7.76475]}}, {"type": "Feature", "properties": {"device": "6ebaf74a-b511-4334-af6f-43d5ea42e73b", "idx": 82, "time": "22:24:17", "tsec": 80657, "speed_kmh": 1.0}, "geometry": {"type": "Point", "coordinates": [110.412659, -7.76476]}}, {"type": "Feature", "properties": {"device": "6ebaf74a-b511-4334-af6f-43d5ea42e73b", "idx": 83, "time": "22:24:17", "tsec": 80657, "speed_kmh": 0.0}, "geometry": {"type": "Point", "coordinates": [110.412659, -7.76476]}}, {"type": "Feature", "properties": {"device": "6ebaf74a-b511-4334-af6f-43d5ea42e73b", "idx": 84, "time": "22:24:17", "tsec": 80657, "speed_kmh": 0.0}, "geometry": {"type": "Point", "coordinates": [110.412659, -7.76476]}}, {"type": "Feature", "properties": {"device": "6ebaf74a-b511-4334-af6f-43d5ea42e73b", "idx": 85, "time": "22:24:17", "tsec": 80657, "speed_kmh": 0.0}, "geometry": {"type": "Point", "coordinates": [110.412651, -7.76473]}}, {"type": "Feature", "properties": {"device": "6ebaf74a-b511-4334-af6f-43d5ea42e73b", "idx": 86, "time": "22:24:21", "tsec": 80661, "speed_kmh": 1.0}, "geometry": {"type": "Point", "coordinates": [110.412659, -7.764737]}}, {"type": "Feature", "properties": {"device": "6ebaf74a-b511-4334-af6f-43d5ea42e73b", "idx": 87, "time": "22:24:21", "tsec": 80661, "speed_kmh": 0.0}, "geometry": {"type": "Point", "coordinates": [110.412659, -7.764737]}}, {"type": "Feature", "properties": {"device": "6ebaf74a-b511-4334-af6f-43d5ea42e73b", "idx": 88, "time": "22:24:21", "tsec": 80661, "speed_kmh": 0.0}, "geometry": {"type": "Point", "coordinates": [110.412659, -7.764737]}}, {"type": "Feature", "properties": {"device": "6ebaf74a-b511-4334-af6f-43d5ea42e73b", "idx": 89, "time": "22:24:21", "tsec": 80661, "speed_kmh": 0.0}, "geometry": {"type": "Point", "coordinates": [110.412659, -7.764737]}}, {"type": "Feature", "properties": {"device": "6ebaf74a-b511-4334-af6f-43d5ea42e73b", "idx": 90, "time": "22:24:21", "tsec": 80661, "speed_kmh": 0.0}, "geometry": {"type": "Point", "coordinates": [110.412659, -7.764737]}}, {"type": "Feature", "properties": {"device": "6ebaf74a-b511-4334-af6f-43d5ea42e73b", "idx": 91, "time": "22:24:27", "tsec": 80667, "speed_kmh": 0.2}, "geometry": {"type": "Point", "coordinates": [110.412659, -7.76474]}}, {"type": "Feature", "properties": {"device": "6ebaf74a-b511-4334-af6f-43d5ea42e73b", "idx": 92, "time": "22:24:27", "tsec": 80667, "speed_kmh": 0.0}, "geometry": {"type": "Point", "coordinates": [110.412659, -7.76474]}}, {"type": "Feature", "properties": {"device": "6ebaf74a-b511-4334-af6f-43d5ea42e73b", "idx": 93, "time": "22:24:27", "tsec": 80667, "speed_kmh": 0.0}, "geometry": {"type": "Point", "coordinates": [110.412659, -7.76474]}}, {"type": "Feature", "properties": {"device": "6ebaf74a-b511-4334-af6f-43d5ea42e73b", "idx": 94, "time": "22:24:27", "tsec": 80667, "speed_kmh": 0.0}, "geometry": {"type": "Point", "coordinates": [110.412659, -7.76474]}}, {"type": "Feature", "properties": {"device": "6ebaf74a-b511-4334-af6f-43d5ea42e73b", "idx": 95, "time": "22:24:27", "tsec": 80667, "speed_kmh": 0.0}, "geometry": {"type": "Point", "coordinates": [110.412659, -7.76474]}}, {"type": "Feature", "properties": {"device": "6ebaf74a-b511-4334-af6f-43d5ea42e73b", "idx": 96, "time": "22:24:27", "tsec": 80667, "speed_kmh": 0.0}, "geometry": {"type": "Point", "coordinates": [110.412659, -7.76474]}}, {"type": "Feature", "properties": {"device": "6ebaf74a-b511-4334-af6f-43d5ea42e73b", "idx": 97, "time": "22:24:27", "tsec": 80667, "speed_kmh": 0.0}, "geometry": {"type": "Point", "coordinates": [110.412659, -7.76474]}}, {"type": "Feature", "properties": {"device": "6ebaf74a-b511-4334-af6f-43d5ea42e73b", "idx": 98, "time": "22:24:27", "tsec": 80667, "speed_kmh": 0.0}, "geometry": {"type": "Point", "coordinates": [110.412659, -7.76474]}}, {"type": "Feature", "properties": {"device": "6ebaf74a-b511-4334-af6f-43d5ea42e73b", "idx": 99, "time": "22:24:27", "tsec": 80667, "speed_kmh": 0.0}, "geometry": {"type": "Point", "coordinates": [110.412659, -7.76474]}}, {"type": "Feature", "properties": {"device": "6ebaf74a-b511-4334-af6f-43d5ea42e73b", "idx": 100, "time": "22:24:27", "tsec": 80667, "speed_kmh": 0.0}, "geometry": {"type": "Point", "coordinates": [110.412659, -7.76474]}}, {"type": "Feature", "properties": {"device": "6ebaf74a-b511-4334-af6f-43d5ea42e73b", "idx": 101, "time": "22:24:27", "tsec": 80667, "speed_kmh": 0.0}, "geometry": {"type": "Point", "coordinates": [110.412659, -7.76474]}}, {"type": "Feature", "properties": {"device": "6ebaf74a-b511-4334-af6f-43d5ea42e73b", "idx": 102, "time": "22:24:27", "tsec": 80667, "speed_kmh": 0.0}, "geometry": {"type": "Point", "coordinates": [110.412659, -7.764737]}}, {"type": "Feature", "properties": {"device": "6ebaf74a-b511-4334-af6f-43d5ea42e73b", "idx": 103, "time": "22:24:27", "tsec": 80667, "speed_kmh": 0.0}, "geometry": {"type": "Point", "coordinates": [110.412659, -7.764737]}}, {"type": "Feature", "properties": {"device": "6ebaf74a-b511-4334-af6f-43d5ea42e73b", "idx": 104, "time": "22:24:27", "tsec": 80667, "speed_kmh": 0.0}, "geometry": {"type": "Point", "coordinates": [110.412659, -7.764737]}}, {"type": "Feature", "properties": {"device": "6ebaf74a-b511-4334-af6f-43d5ea42e73b", "idx": 105, "time": "22:24:27", "tsec": 80667, "speed_kmh": 0.0}, "geometry": {"type": "Point", "coordinates": [110.412659, -7.76474]}}, {"type": "Feature", "properties": {"device": "6ebaf74a-b511-4334-af6f-43d5ea42e73b", "idx": 106, "time": "22:24:27", "tsec": 80667, "speed_kmh": 0.0}, "geometry": {"type": "Point", "coordinates": [110.412659, -7.76474]}}, {"type": "Feature", "properties": {"device": "6ebaf74a-b511-4334-af6f-43d5ea42e73b", "idx": 107, "time": "22:24:27", "tsec": 80667, "speed_kmh": 0.0}, "geometry": {"type": "Point", "coordinates": [110.412659, -7.76474]}}, {"type": "Feature", "properties": {"device": "6ebaf74a-b511-4334-af6f-43d5ea42e73b", "idx": 108, "time": "22:24:27", "tsec": 80667, "speed_kmh": 0.0}, "geometry": {"type": "Point", "coordinates": [110.412659, -7.764737]}}, {"type": "Feature", "properties": {"device": "6ebaf74a-b511-4334-af6f-43d5ea42e73b", "idx": 109, "time": "22:24:27", "tsec": 80667, "speed_kmh": 0.0}, "geometry": {"type": "Point", "coordinates": [110.412659, -7.76474]}}, {"type": "Feature", "properties": {"device": "6ebaf74a-b511-4334-af6f-43d5ea42e73b", "idx": 110, "time": "22:24:31", "tsec": 80671, "speed_kmh": 2.0}, "geometry": {"type": "Point", "coordinates": [110.412659, -7.76476]}}, {"type": "Feature", "properties": {"device": "6ebaf74a-b511-4334-af6f-43d5ea42e73b", "idx": 111, "time": "22:24:31", "tsec": 80671, "speed_kmh": 0.0}, "geometry": {"type": "Point", "coordinates": [110.412659, -7.764737]}}, {"type": "Feature", "properties": {"device": "6ebaf74a-b511-4334-af6f-43d5ea42e73b", "idx": 112, "time": "22:24:31", "tsec": 80671, "speed_kmh": 0.0}, "geometry": {"type": "Point", "coordinates": [110.412659, -7.764737]}}, {"type": "Feature", "properties": {"device": "6ebaf74a-b511-4334-af6f-43d5ea42e73b", "idx": 113, "time": "22:24:31", "tsec": 80671, "speed_kmh": 0.0}, "geometry": {"type": "Point", "coordinates": [110.412659, -7.764737]}}, {"type": "Feature", "properties": {"device": "6ebaf74a-b511-4334-af6f-43d5ea42e73b", "idx": 114, "time": "22:24:31", "tsec": 80671, "speed_kmh": 0.0}, "geometry": {"type": "Point", "coordinates": [110.412659, -7.764737]}}, {"type": "Feature", "properties": {"device": "6ebaf74a-b511-4334-af6f-43d5ea42e73b", "idx": 115, "time": "22:24:31", "tsec": 80671, "speed_kmh": 0.0}, "geometry": {"type": "Point", "coordinates": [110.412659, -7.764737]}}, {"type": "Feature", "properties": {"device": "6ebaf74a-b511-4334-af6f-43d5ea42e73b", "idx": 116, "time": "22:24:31", "tsec": 80671, "speed_kmh": 0.0}, "geometry": {"type": "Point", "coordinates": [110.412659, -7.764737]}}, {"type": "Feature", "properties": {"device": "6ebaf74a-b511-4334-af6f-43d5ea42e73b", "idx": 117, "time": "22:24:33", "tsec": 80673, "speed_kmh": 2.1}, "geometry": {"type": "Point", "coordinates": [110.412651, -7.76473]}}, {"type": "Feature", "properties": {"device": "6ebaf74a-b511-4334-af6f-43d5ea42e73b", "idx": 118, "time": "22:24:33", "tsec": 80673, "speed_kmh": 0.0}, "geometry": {"type": "Point", "coordinates": [110.412659, -7.764737]}}, {"type": "Feature", "properties": {"device": "6ebaf74a-b511-4334-af6f-43d5ea42e73b", "idx": 119, "time": "22:24:41", "tsec": 80681, "speed_kmh": 0.0}, "geometry": {"type": "Point", "coordinates": [110.412659, -7.764737]}}, {"type": "Feature", "properties": {"device": "6ebaf74a-b511-4334-af6f-43d5ea42e73b", "idx": 120, "time": "22:24:42", "tsec": 80682, "speed_kmh": 0.0}, "geometry": {"type": "Point", "coordinates": [110.412659, -7.764737]}}, {"type": "Feature", "properties": {"device": "6ebaf74a-b511-4334-af6f-43d5ea42e73b", "idx": 121, "time": "22:24:44", "tsec": 80684, "speed_kmh": 2.7}, "geometry": {"type": "Point", "coordinates": [110.412651, -7.764748]}}, {"type": "Feature", "properties": {"device": "6ebaf74a-b511-4334-af6f-43d5ea42e73b", "idx": 122, "time": "22:24:44", "tsec": 80684, "speed_kmh": 0.0}, "geometry": {"type": "Point", "coordinates": [110.412651, -7.764748]}}, {"type": "Feature", "properties": {"device": "6ebaf74a-b511-4334-af6f-43d5ea42e73b", "idx": 123, "time": "22:24:44", "tsec": 80684, "speed_kmh": 0.0}, "geometry": {"type": "Point", "coordinates": [110.412651, -7.76475]}}, {"type": "Feature", "properties": {"device": "6ebaf74a-b511-4334-af6f-43d5ea42e73b", "idx": 124, "time": "22:24:51", "tsec": 80691, "speed_kmh": 0.9}, "geometry": {"type": "Point", "coordinates": [110.412659, -7.764737]}}, {"type": "Feature", "properties": {"device": "6ebaf74a-b511-4334-af6f-43d5ea42e73b", "idx": 125, "time": "22:24:51", "tsec": 80691, "speed_kmh": 0.0}, "geometry": {"type": "Point", "coordinates": [110.412651, -7.76475]}}, {"type": "Feature", "properties": {"device": "6ebaf74a-b511-4334-af6f-43d5ea42e73b", "idx": 126, "time": "22:24:56", "tsec": 80696, "speed_kmh": 1.2}, "geometry": {"type": "Point", "coordinates": [110.412659, -7.764737]}}, {"type": "Feature", "properties": {"device": "6ebaf74a-b511-4334-af6f-43d5ea42e73b", "idx": 127, "time": "22:25:01", "tsec": 80701, "speed_kmh": 0.0}, "geometry": {"type": "Point", "coordinates": [110.412659, -7.764737]}}, {"type": "Feature", "properties": {"device": "6ebaf74a-b511-4334-af6f-43d5ea42e73b", "idx": 128, "time": "22:25:01", "tsec": 80701, "speed_kmh": 0.0}, "geometry": {"type": "Point", "coordinates": [110.412659, -7.764737]}}, {"type": "Feature", "properties": {"device": "6ebaf74a-b511-4334-af6f-43d5ea42e73b", "idx": 129, "time": "22:25:01", "tsec": 80701, "speed_kmh": 0.0}, "geometry": {"type": "Point", "coordinates": [110.412659, -7.764737]}}, {"type": "Feature", "properties": {"device": "6ebaf74a-b511-4334-af6f-43d5ea42e73b", "idx": 130, "time": "22:25:01", "tsec": 80701, "speed_kmh": 0.0}, "geometry": {"type": "Point", "coordinates": [110.412659, -7.76474]}}, {"type": "Feature", "properties": {"device": "6ebaf74a-b511-4334-af6f-43d5ea42e73b", "idx": 131, "time": "22:25:01", "tsec": 80701, "speed_kmh": 0.0}, "geometry": {"type": "Point", "coordinates": [110.412659, -7.76474]}}, {"type": "Feature", "properties": {"device": "6ebaf74a-b511-4334-af6f-43d5ea42e73b", "idx": 132, "time": "22:25:01", "tsec": 80701, "speed_kmh": 0.0}, "geometry": {"type": "Point", "coordinates": [110.412659, -7.764737]}}, {"type": "Feature", "properties": {"device": "6ebaf74a-b511-4334-af6f-43d5ea42e73b", "idx": 133, "time": "22:25:01", "tsec": 80701, "speed_kmh": 0.0}, "geometry": {"type": "Point", "coordinates": [110.412659, -7.76474]}}, {"type": "Feature", "properties": {"device": "6ebaf74a-b511-4334-af6f-43d5ea42e73b", "idx": 134, "time": "22:25:01", "tsec": 80701, "speed_kmh": 0.0}, "geometry": {"type": "Point", "coordinates": [110.412659, -7.76474]}}, {"type": "Feature", "properties": {"device": "6ebaf74a-b511-4334-af6f-43d5ea42e73b", "idx": 135, "time": "22:25:11", "tsec": 80711, "speed_kmh": 0.1}, "geometry": {"type": "Point", "coordinates": [110.412659, -7.764737]}}, {"type": "Feature", "properties": {"device": "6ebaf74a-b511-4334-af6f-43d5ea42e73b", "idx": 136, "time": "22:25:11", "tsec": 80711, "speed_kmh": 0.0}, "geometry": {"type": "Point", "coordinates": [110.412659, -7.76476]}}, {"type": "Feature", "properties": {"device": "6ebaf74a-b511-4334-af6f-43d5ea42e73b", "idx": 137, "time": "22:25:11", "tsec": 80711, "speed_kmh": 0.0}, "geometry": {"type": "Point", "coordinates": [110.412659, -7.76476]}}, {"type": "Feature", "properties": {"device": "6ebaf74a-b511-4334-af6f-43d5ea42e73b", "idx": 138, "time": "22:25:11", "tsec": 80711, "speed_kmh": 0.0}, "geometry": {"type": "Point", "coordinates": [110.412659, -7.76476]}}, {"type": "Feature", "properties": {"device": "6ebaf74a-b511-4334-af6f-43d5ea42e73b", "idx": 139, "time": "22:25:22", "tsec": 80722, "speed_kmh": 0.5}, "geometry": {"type": "Point", "coordinates": [110.412651, -7.76475]}}, {"type": "Feature", "properties": {"device": "6ebaf74a-b511-4334-af6f-43d5ea42e73b", "idx": 140, "time": "22:25:22", "tsec": 80722, "speed_kmh": 0.0}, "geometry": {"type": "Point", "coordinates": [110.412651, -7.76475]}}, {"type": "Feature", "properties": {"device": "6ebaf74a-b511-4334-af6f-43d5ea42e73b", "idx": 141, "time": "22:25:22", "tsec": 80722, "speed_kmh": 0.0}, "geometry": {"type": "Point", "coordinates": [110.412651, -7.76475]}}, {"type": "Feature", "properties": {"device": "6ebaf74a-b511-4334-af6f-43d5ea42e73b", "idx": 142, "time": "22:25:22", "tsec": 80722, "speed_kmh": 0.0}, "geometry": {"type": "Point", "coordinates": [110.412651, -7.76475]}}, {"type": "Feature", "properties": {"device": "6ebaf74a-b511-4334-af6f-43d5ea42e73b", "idx": 143, "time": "22:25:22", "tsec": 80722, "speed_kmh": 0.0}, "geometry": {"type": "Point", "coordinates": [110.412651, -7.76475]}}, {"type": "Feature", "properties": {"device": "6ebaf74a-b511-4334-af6f-43d5ea42e73b", "idx": 144, "time": "22:25:22", "tsec": 80722, "speed_kmh": 0.0}, "geometry": {"type": "Point", "coordinates": [110.412651, -7.76475]}}, {"type": "Feature", "properties": {"device": "6ebaf74a-b511-4334-af6f-43d5ea42e73b", "idx": 145, "time": "22:25:22", "tsec": 80722, "speed_kmh": 0.0}, "geometry": {"type": "Point", "coordinates": [110.412651, -7.76475]}}, {"type": "Feature", "properties": {"device": "6ebaf74a-b511-4334-af6f-43d5ea42e73b", "idx": 146, "time": "22:25:22", "tsec": 80722, "speed_kmh": 0.0}, "geometry": {"type": "Point", "coordinates": [110.412651, -7.76475]}}, {"type": "Feature", "properties": {"device": "6ebaf74a-b511-4334-af6f-43d5ea42e73b", "idx": 147, "time": "22:25:22", "tsec": 80722, "speed_kmh": 0.0}, "geometry": {"type": "Point", "coordinates": [110.412651, -7.76475]}}, {"type": "Feature", "properties": {"device": "6ebaf74a-b511-4334-af6f-43d5ea42e73b", "idx": 148, "time": "22:25:22", "tsec": 80722, "speed_kmh": 0.0}, "geometry": {"type": "Point", "coordinates": [110.412651, -7.76475]}}, {"type": "Feature", "properties": {"device": "6ebaf74a-b511-4334-af6f-43d5ea42e73b", "idx": 149, "time": "22:25:31", "tsec": 80731, "speed_kmh": 0.6}, "geometry": {"type": "Point", "coordinates": [110.412659, -7.76474]}}, {"type": "Feature", "properties": {"device": "6ebaf74a-b511-4334-af6f-43d5ea42e73b", "idx": 150, "time": "22:25:31", "tsec": 80731, "speed_kmh": 0.0}, "geometry": {"type": "Point", "coordinates": [110.412659, -7.76474]}}, {"type": "Feature", "properties": {"device": "6ebaf74a-b511-4334-af6f-43d5ea42e73b", "idx": 151, "time": "22:25:31", "tsec": 80731, "speed_kmh": 0.0}, "geometry": {"type": "Point", "coordinates": [110.412659, -7.764737]}}, {"type": "Feature", "properties": {"device": "6ebaf74a-b511-4334-af6f-43d5ea42e73b", "idx": 152, "time": "22:25:42", "tsec": 80742, "speed_kmh": 0.8}, "geometry": {"type": "Point", "coordinates": [110.412659, -7.76476]}}, {"type": "Feature", "properties": {"device": "6ebaf74a-b511-4334-af6f-43d5ea42e73b", "idx": 153, "time": "22:25:48", "tsec": 80748, "speed_kmh": 1.3}, "geometry": {"type": "Point", "coordinates": [110.412659, -7.76474]}}, {"type": "Feature", "properties": {"device": "6ebaf74a-b511-4334-af6f-43d5ea42e73b", "idx": 154, "time": "22:25:48", "tsec": 80748, "speed_kmh": 0.0}, "geometry": {"type": "Point", "coordinates": [110.412659, -7.76474]}}, {"type": "Feature", "properties": {"device": "6ebaf74a-b511-4334-af6f-43d5ea42e73b", "idx": 155, "time": "22:25:48", "tsec": 80748, "speed_kmh": 0.0}, "geometry": {"type": "Point", "coordinates": [110.412659, -7.76474]}}, {"type": "Feature", "properties": {"device": "6ebaf74a-b511-4334-af6f-43d5ea42e73b", "idx": 156, "time": "22:25:48", "tsec": 80748, "speed_kmh": 0.0}, "geometry": {"type": "Point", "coordinates": [110.412659, -7.76474]}}, {"type": "Feature", "properties": {"device": "6ebaf74a-b511-4334-af6f-43d5ea42e73b", "idx": 157, "time": "22:25:48", "tsec": 80748, "speed_kmh": 0.0}, "geometry": {"type": "Point", "coordinates": [110.412659, -7.76474]}}, {"type": "Feature", "properties": {"device": "6ebaf74a-b511-4334-af6f-43d5ea42e73b", "idx": 158, "time": "22:25:48", "tsec": 80748, "speed_kmh": 0.0}, "geometry": {"type": "Point", "coordinates": [110.412659, -7.764737]}}, {"type": "Feature", "properties": {"device": "6ebaf74a-b511-4334-af6f-43d5ea42e73b", "idx": 159, "time": "22:26:10", "tsec": 80770, "speed_kmh": 0.4}, "geometry": {"type": "Point", "coordinates": [110.412659, -7.76476]}}, {"type": "Feature", "properties": {"device": "6ebaf74a-b511-4334-af6f-43d5ea42e73b", "idx": 160, "time": "22:26:10", "tsec": 80770, "speed_kmh": 0.0}, "geometry": {"type": "Point", "coordinates": [110.412659, -7.76476]}}, {"type": "Feature", "properties": {"device": "6ebaf74a-b511-4334-af6f-43d5ea42e73b", "idx": 161, "time": "22:26:10", "tsec": 80770, "speed_kmh": 0.0}, "geometry": {"type": "Point", "coordinates": [110.412659, -7.76476]}}, {"type": "Feature", "properties": {"device": "6ebaf74a-b511-4334-af6f-43d5ea42e73b", "idx": 162, "time": "22:26:10", "tsec": 80770, "speed_kmh": 0.0}, "geometry": {"type": "Point", "coordinates": [110.412659, -7.76476]}}, {"type": "Feature", "properties": {"device": "6ebaf74a-b511-4334-af6f-43d5ea42e73b", "idx": 163, "time": "22:26:10", "tsec": 80770, "speed_kmh": 0.0}, "geometry": {"type": "Point", "coordinates": [110.412659, -7.76476]}}, {"type": "Feature", "properties": {"device": "6ebaf74a-b511-4334-af6f-43d5ea42e73b", "idx": 164, "time": "22:26:10", "tsec": 80770, "speed_kmh": 0.0}, "geometry": {"type": "Point", "coordinates": [110.412659, -7.76476]}}, {"type": "Feature", "properties": {"device": "6ebaf74a-b511-4334-af6f-43d5ea42e73b", "idx": 165, "time": "22:26:10", "tsec": 80770, "speed_kmh": 0.0}, "geometry": {"type": "Point", "coordinates": [110.412659, -7.764737]}}, {"type": "Feature", "properties": {"device": "6ebaf74a-b511-4334-af6f-43d5ea42e73b", "idx": 166, "time": "22:26:10", "tsec": 80770, "speed_kmh": 0.0}, "geometry": {"type": "Point", "coordinates": [110.412659, -7.76476]}}, {"type": "Feature", "properties": {"device": "6ebaf74a-b511-4334-af6f-43d5ea42e73b", "idx": 167, "time": "22:26:10", "tsec": 80770, "speed_kmh": 0.0}, "geometry": {"type": "Point", "coordinates": [110.412659, -7.76476]}}, {"type": "Feature", "properties": {"device": "6ebaf74a-b511-4334-af6f-43d5ea42e73b", "idx": 168, "time": "22:26:10", "tsec": 80770, "speed_kmh": 0.0}, "geometry": {"type": "Point", "coordinates": [110.412659, -7.76476]}}, {"type": "Feature", "properties": {"device": "6ebaf74a-b511-4334-af6f-43d5ea42e73b", "idx": 169, "time": "22:26:10", "tsec": 80770, "speed_kmh": 0.0}, "geometry": {"type": "Point", "coordinates": [110.412659, -7.76476]}}, {"type": "Feature", "properties": {"device": "6ebaf74a-b511-4334-af6f-43d5ea42e73b", "idx": 170, "time": "22:26:10", "tsec": 80770, "speed_kmh": 0.0}, "geometry": {"type": "Point", "coordinates": [110.412659, -7.76476]}}, {"type": "Feature", "properties": {"device": "6ebaf74a-b511-4334-af6f-43d5ea42e73b", "idx": 171, "time": "22:26:10", "tsec": 80770, "speed_kmh": 0.0}, "geometry": {"type": "Point", "coordinates": [110.412659, -7.76476]}}, {"type": "Feature", "properties": {"device": "6ebaf74a-b511-4334-af6f-43d5ea42e73b", "idx": 172, "time": "22:26:12", "tsec": 80772, "speed_kmh": 2.8}, "geometry": {"type": "Point", "coordinates": [110.412651, -7.764748]}}, {"type": "Feature", "properties": {"device": "6ebaf74a-b511-4334-af6f-43d5ea42e73b", "idx": 173, "time": "22:26:12", "tsec": 80772, "speed_kmh": 0.0}, "geometry": {"type": "Point", "coordinates": [110.412651, -7.764748]}}, {"type": "Feature", "properties": {"device": "6ebaf74a-b511-4334-af6f-43d5ea42e73b", "idx": 174, "time": "22:26:21", "tsec": 80781, "speed_kmh": 0.6}, "geometry": {"type": "Point", "coordinates": [110.412659, -7.764737]}}, {"type": "Feature", "properties": {"device": "6ebaf74a-b511-4334-af6f-43d5ea42e73b", "idx": 175, "time": "22:26:31", "tsec": 80791, "speed_kmh": 0.0}, "geometry": {"type": "Point", "coordinates": [110.412659, -7.764737]}}, {"type": "Feature", "properties": {"device": "6ebaf74a-b511-4334-af6f-43d5ea42e73b", "idx": 176, "time": "22:26:31", "tsec": 80791, "speed_kmh": 0.0}, "geometry": {"type": "Point", "coordinates": [110.412659, -7.764737]}}, {"type": "Feature", "properties": {"device": "6ebaf74a-b511-4334-af6f-43d5ea42e73b", "idx": 177, "time": "22:26:31", "tsec": 80791, "speed_kmh": 0.0}, "geometry": {"type": "Point", "coordinates": [110.412659, -7.764737]}}, {"type": "Feature", "properties": {"device": "6ebaf74a-b511-4334-af6f-43d5ea42e73b", "idx": 178, "time": "22:26:31", "tsec": 80791, "speed_kmh": 0.0}, "geometry": {"type": "Point", "coordinates": [110.412659, -7.764737]}}, {"type": "Feature", "properties": {"device": "6ebaf74a-b511-4334-af6f-43d5ea42e73b", "idx": 179, "time": "22:26:51", "tsec": 80811, "speed_kmh": 0.0}, "geometry": {"type": "Point", "coordinates": [110.412659, -7.764737]}}, {"type": "Feature", "properties": {"device": "6ebaf74a-b511-4334-af6f-43d5ea42e73b", "idx": 180, "time": "22:27:12", "tsec": 80832, "speed_kmh": 0.1}, "geometry": {"type": "Point", "coordinates": [110.412659, -7.76474]}}, {"type": "Feature", "properties": {"device": "6ebaf74a-b511-4334-af6f-43d5ea42e73b", "idx": 181, "time": "22:27:12", "tsec": 80832, "speed_kmh": 0.0}, "geometry": {"type": "Point", "coordinates": [110.412659, -7.76474]}}, {"type": "Feature", "properties": {"device": "6ebaf74a-b511-4334-af6f-43d5ea42e73b", "idx": 182, "time": "22:27:12", "tsec": 80832, "speed_kmh": 0.0}, "geometry": {"type": "Point", "coordinates": [110.412659, -7.76474]}}, {"type": "Feature", "properties": {"device": "6ebaf74a-b511-4334-af6f-43d5ea42e73b", "idx": 183, "time": "22:27:12", "tsec": 80832, "speed_kmh": 0.0}, "geometry": {"type": "Point", "coordinates": [110.412659, -7.76474]}}, {"type": "Feature", "properties": {"device": "6ebaf74a-b511-4334-af6f-43d5ea42e73b", "idx": 184, "time": "22:27:21", "tsec": 80841, "speed_kmh": 0.1}, "geometry": {"type": "Point", "coordinates": [110.412659, -7.764737]}}, {"type": "Feature", "properties": {"device": "6ebaf74a-b511-4334-af6f-43d5ea42e73b", "idx": 185, "time": "22:27:21", "tsec": 80841, "speed_kmh": 0.0}, "geometry": {"type": "Point", "coordinates": [110.412659, -7.76474]}}, {"type": "Feature", "properties": {"device": "6ebaf74a-b511-4334-af6f-43d5ea42e73b", "idx": 186, "time": "22:27:21", "tsec": 80841, "speed_kmh": 0.0}, "geometry": {"type": "Point", "coordinates": [110.412659, -7.76474]}}, {"type": "Feature", "properties": {"device": "6ebaf74a-b511-4334-af6f-43d5ea42e73b", "idx": 187, "time": "22:27:21", "tsec": 80841, "speed_kmh": 0.0}, "geometry": {"type": "Point", "coordinates": [110.412659, -7.76474]}}, {"type": "Feature", "properties": {"device": "6ebaf74a-b511-4334-af6f-43d5ea42e73b", "idx": 188, "time": "22:27:21", "tsec": 80841, "speed_kmh": 0.0}, "geometry": {"type": "Point", "coordinates": [110.412659, -7.764737]}}, {"type": "Feature", "properties": {"device": "6ebaf74a-b511-4334-af6f-43d5ea42e73b", "idx": 189, "time": "22:27:21", "tsec": 80841, "speed_kmh": 0.0}, "geometry": {"type": "Point", "coordinates": [110.412659, -7.76474]}}, {"type": "Feature", "properties": {"device": "6ebaf74a-b511-4334-af6f-43d5ea42e73b", "idx": 190, "time": "22:27:21", "tsec": 80841, "speed_kmh": 0.0}, "geometry": {"type": "Point", "coordinates": [110.412659, -7.764737]}}, {"type": "Feature", "properties": {"device": "6ebaf74a-b511-4334-af6f-43d5ea42e73b", "idx": 191, "time": "22:27:21", "tsec": 80841, "speed_kmh": 0.0}, "geometry": {"type": "Point", "coordinates": [110.412659, -7.76474]}}, {"type": "Feature", "properties": {"device": "6ebaf74a-b511-4334-af6f-43d5ea42e73b", "idx": 192, "time": "22:27:21", "tsec": 80841, "speed_kmh": 0.0}, "geometry": {"type": "Point", "coordinates": [110.412659, -7.76474]}}, {"type": "Feature", "properties": {"device": "6ebaf74a-b511-4334-af6f-43d5ea42e73b", "idx": 193, "time": "22:27:21", "tsec": 80841, "speed_kmh": 0.0}, "geometry": {"type": "Point", "coordinates": [110.412659, -7.76474]}}, {"type": "Feature", "properties": {"device": "6ebaf74a-b511-4334-af6f-43d5ea42e73b", "idx": 194, "time": "22:27:21", "tsec": 80841, "speed_kmh": 0.0}, "geometry": {"type": "Point", "coordinates": [110.412659, -7.76474]}}, {"type": "Feature", "properties": {"device": "6ebaf74a-b511-4334-af6f-43d5ea42e73b", "idx": 195, "time": "22:27:21", "tsec": 80841, "speed_kmh": 0.0}, "geometry": {"type": "Point", "coordinates": [110.412659, -7.76474]}}, {"type": "Feature", "properties": {"device": "6ebaf74a-b511-4334-af6f-43d5ea42e73b", "idx": 196, "time": "22:27:21", "tsec": 80841, "speed_kmh": 0.0}, "geometry": {"type": "Point", "coordinates": [110.412659, -7.76474]}}, {"type": "Feature", "properties": {"device": "6ebaf74a-b511-4334-af6f-43d5ea42e73b", "idx": 197, "time": "22:27:21", "tsec": 80841, "speed_kmh": 0.0}, "geometry": {"type": "Point", "coordinates": [110.412659, -7.76474]}}, {"type": "Feature", "properties": {"device": "6ebaf74a-b511-4334-af6f-43d5ea42e73b", "idx": 198, "time": "22:27:21", "tsec": 80841, "speed_kmh": 0.0}, "geometry": {"type": "Point", "coordinates": [110.412659, -7.76474]}}, {"type": "Feature", "properties": {"device": "6ebaf74a-b511-4334-af6f-43d5ea42e73b", "idx": 199, "time": "22:27:21", "tsec": 80841, "speed_kmh": 0.0}, "geometry": {"type": "Point", "coordinates": [110.412659, -7.76474]}}, {"type": "Feature", "properties": {"device": "6ebaf74a-b511-4334-af6f-43d5ea42e73b", "idx": 200, "time": "22:27:21", "tsec": 80841, "speed_kmh": 0.0}, "geometry": {"type": "Point", "coordinates": [110.412659, -7.76474]}}, {"type": "Feature", "properties": {"device": "6ebaf74a-b511-4334-af6f-43d5ea42e73b", "idx": 201, "time": "22:27:21", "tsec": 80841, "speed_kmh": 0.0}, "geometry": {"type": "Point", "coordinates": [110.412659, -7.76474]}}, {"type": "Feature", "properties": {"device": "6ebaf74a-b511-4334-af6f-43d5ea42e73b", "idx": 202, "time": "22:27:31", "tsec": 80851, "speed_kmh": 0.5}, "geometry": {"type": "Point", "coordinates": [110.412651, -7.76473]}}, {"type": "Feature", "properties": {"device": "6ebaf74a-b511-4334-af6f-43d5ea42e73b", "idx": 203, "time": "22:27:42", "tsec": 80862, "speed_kmh": 0.4}, "geometry": {"type": "Point", "coordinates": [110.412659, -7.764737]}}, {"type": "Feature", "properties": {"device": "6ebaf74a-b511-4334-af6f-43d5ea42e73b", "idx": 204, "time": "22:27:42", "tsec": 80862, "speed_kmh": 0.0}, "geometry": {"type": "Point", "coordinates": [110.412659, -7.764737]}}, {"type": "Feature", "properties": {"device": "6ebaf74a-b511-4334-af6f-43d5ea42e73b", "idx": 205, "time": "22:27:42", "tsec": 80862, "speed_kmh": 0.0}, "geometry": {"type": "Point", "coordinates": [110.412659, -7.764737]}}, {"type": "Feature", "properties": {"device": "6ebaf74a-b511-4334-af6f-43d5ea42e73b", "idx": 206, "time": "22:27:42", "tsec": 80862, "speed_kmh": 0.0}, "geometry": {"type": "Point", "coordinates": [110.412659, -7.76474]}}, {"type": "Feature", "properties": {"device": "6ebaf74a-b511-4334-af6f-43d5ea42e73b", "idx": 207, "time": "22:27:42", "tsec": 80862, "speed_kmh": 0.0}, "geometry": {"type": "Point", "coordinates": [110.412659, -7.764737]}}, {"type": "Feature", "properties": {"device": "6ebaf74a-b511-4334-af6f-43d5ea42e73b", "idx": 208, "time": "22:27:42", "tsec": 80862, "speed_kmh": 0.0}, "geometry": {"type": "Point", "coordinates": [110.412659, -7.76476]}}, {"type": "Feature", "properties": {"device": "6ebaf74a-b511-4334-af6f-43d5ea42e73b", "idx": 209, "time": "22:27:46", "tsec": 80866, "speed_kmh": 0.0}, "geometry": {"type": "Point", "coordinates": [110.412659, -7.76476]}}, {"type": "Feature", "properties": {"device": "6ebaf74a-b511-4334-af6f-43d5ea42e73b", "idx": 210, "time": "22:27:46", "tsec": 80866, "speed_kmh": 0.0}, "geometry": {"type": "Point", "coordinates": [110.412659, -7.764737]}}, {"type": "Feature", "properties": {"device": "6ebaf74a-b511-4334-af6f-43d5ea42e73b", "idx": 211, "time": "22:51:04", "tsec": 82264, "speed_kmh": 12.9}, "geometry": {"type": "Point", "coordinates": [110.369652, -7.77906]}}, {"type": "Feature", "properties": {"device": "6ebaf74a-b511-4334-af6f-43d5ea42e73b", "idx": 212, "time": "22:51:04", "tsec": 82264, "speed_kmh": 0.0}, "geometry": {"type": "Point", "coordinates": [110.369652, -7.779057]}}, {"type": "Feature", "properties": {"device": "6ebaf74a-b511-4334-af6f-43d5ea42e73b", "idx": 213, "time": "22:51:04", "tsec": 82264, "speed_kmh": 0.0}, "geometry": {"type": "Point", "coordinates": [110.369652, -7.779057]}}, {"type": "Feature", "properties": {"device": "6ebaf74a-b511-4334-af6f-43d5ea42e73b", "idx": 214, "time": "22:51:04", "tsec": 82264, "speed_kmh": 0.0}, "geometry": {"type": "Point", "coordinates": [110.369652, -7.77906]}}, {"type": "Feature", "properties": {"device": "6ebaf74a-b511-4334-af6f-43d5ea42e73b", "idx": 215, "time": "22:51:04", "tsec": 82264, "speed_kmh": 0.0}, "geometry": {"type": "Point", "coordinates": [110.369652, -7.779057]}}, {"type": "Feature", "properties": {"device": "6ebaf74a-b511-4334-af6f-43d5ea42e73b", "idx": 216, "time": "22:51:04", "tsec": 82264, "speed_kmh": 0.0}, "geometry": {"type": "Point", "coordinates": [110.369652, -7.779057]}}, {"type": "Feature", "properties": {"device": "6ebaf74a-b511-4334-af6f-43d5ea42e73b", "idx": 217, "time": "22:51:04", "tsec": 82264, "speed_kmh": 0.0}, "geometry": {"type": "Point", "coordinates": [110.369652, -7.77906]}}, {"type": "Feature", "properties": {"device": "6ebaf74a-b511-4334-af6f-43d5ea42e73b", "idx": 218, "time": "22:51:04", "tsec": 82264, "speed_kmh": 0.0}, "geometry": {"type": "Point", "coordinates": [110.369652, -7.779057]}}, {"type": "Feature", "properties": {"device": "6ebaf74a-b511-4334-af6f-43d5ea42e73b", "idx": 219, "time": "22:51:04", "tsec": 82264, "speed_kmh": 0.0}, "geometry": {"type": "Point", "coordinates": [110.369652, -7.779057]}}, {"type": "Feature", "properties": {"device": "6ebaf74a-b511-4334-af6f-43d5ea42e73b", "idx": 220, "time": "22:51:04", "tsec": 82264, "speed_kmh": 0.0}, "geometry": {"type": "Point", "coordinates": [110.369652, -7.779057]}}, {"type": "Feature", "properties": {"device": "6ebaf74a-b511-4334-af6f-43d5ea42e73b", "idx": 221, "time": "22:51:05", "tsec": 82265, "speed_kmh": 0.0}, "geometry": {"type": "Point", "coordinates": [110.369652, -7.779057]}}, {"type": "Feature", "properties": {"device": "6ebaf74a-b511-4334-af6f-43d5ea42e73b", "idx": 222, "time": "22:51:05", "tsec": 82265, "speed_kmh": 0.0}, "geometry": {"type": "Point", "coordinates": [110.369652, -7.779057]}}, {"type": "Feature", "properties": {"device": "6ebaf74a-b511-4334-af6f-43d5ea42e73b", "idx": 223, "time": "22:51:05", "tsec": 82265, "speed_kmh": 0.0}, "geometry": {"type": "Point", "coordinates": [110.369652, -7.779057]}}, {"type": "Feature", "properties": {"device": "6ebaf74a-b511-4334-af6f-43d5ea42e73b", "idx": 224, "time": "22:51:05", "tsec": 82265, "speed_kmh": 0.0}, "geometry": {"type": "Point", "coordinates": [110.369652, -7.779057]}}, {"type": "Feature", "properties": {"device": "6ebaf74a-b511-4334-af6f-43d5ea42e73b", "idx": 225, "time": "22:51:05", "tsec": 82265, "speed_kmh": 0.0}, "geometry": {"type": "Point", "coordinates": [110.369652, -7.779057]}}, {"type": "Feature", "properties": {"device": "6ebaf74a-b511-4334-af6f-43d5ea42e73b", "idx": 226, "time": "22:51:08", "tsec": 82268, "speed_kmh": 0.4}, "geometry": {"type": "Point", "coordinates": [110.369652, -7.77906]}}, {"type": "Feature", "properties": {"device": "6ebaf74a-b511-4334-af6f-43d5ea42e73b", "idx": 227, "time": "22:51:08", "tsec": 82268, "speed_kmh": 0.0}, "geometry": {"type": "Point", "coordinates": [110.369652, -7.77906]}}, {"type": "Feature", "properties": {"device": "6ebaf74a-b511-4334-af6f-43d5ea42e73b", "idx": 228, "time": "22:51:08", "tsec": 82268, "speed_kmh": 0.0}, "geometry": {"type": "Point", "coordinates": [110.369652, -7.77906]}}, {"type": "Feature", "properties": {"device": "6ebaf74a-b511-4334-af6f-43d5ea42e73b", "idx": 229, "time": "22:51:08", "tsec": 82268, "speed_kmh": 0.0}, "geometry": {"type": "Point", "coordinates": [110.369652, -7.779057]}}, {"type": "Feature", "properties": {"device": "6ebaf74a-b511-4334-af6f-43d5ea42e73b", "idx": 230, "time": "22:51:18", "tsec": 82278, "speed_kmh": 0.0}, "geometry": {"type": "Point", "coordinates": [110.369652, -7.779057]}}, {"type": "Feature", "properties": {"device": "6ebaf74a-b511-4334-af6f-43d5ea42e73b", "idx": 231, "time": "22:51:28", "tsec": 82288, "speed_kmh": 0.0}, "geometry": {"type": "Point", "coordinates": [110.369652, -7.779057]}}, {"type": "Feature", "properties": {"device": "6ebaf74a-b511-4334-af6f-43d5ea42e73b", "idx": 232, "time": "22:51:38", "tsec": 82298, "speed_kmh": 0.1}, "geometry": {"type": "Point", "coordinates": [110.369652, -7.77906]}}, {"type": "Feature", "properties": {"device": "6ebaf74a-b511-4334-af6f-43d5ea42e73b", "idx": 233, "time": "22:51:38", "tsec": 82298, "speed_kmh": 0.0}, "geometry": {"type": "Point", "coordinates": [110.369659, -7.77905]}}, {"type": "Feature", "properties": {"device": "6ebaf74a-b511-4334-af6f-43d5ea42e73b", "idx": 234, "time": "22:51:38", "tsec": 82298, "speed_kmh": 0.0}, "geometry": {"type": "Point", "coordinates": [110.369659, -7.77905]}}, {"type": "Feature", "properties": {"device": "6ebaf74a-b511-4334-af6f-43d5ea42e73b", "idx": 235, "time": "22:51:38", "tsec": 82298, "speed_kmh": 0.0}, "geometry": {"type": "Point", "coordinates": [110.369659, -7.77905]}}, {"type": "Feature", "properties": {"device": "6ebaf74a-b511-4334-af6f-43d5ea42e73b", "idx": 236, "time": "22:51:38", "tsec": 82298, "speed_kmh": 0.0}, "geometry": {"type": "Point", "coordinates": [110.369659, -7.77905]}}, {"type": "Feature", "properties": {"device": "6ebaf74a-b511-4334-af6f-43d5ea42e73b", "idx": 237, "time": "22:51:38", "tsec": 82298, "speed_kmh": 0.0}, "geometry": {"type": "Point", "coordinates": [110.369659, -7.77905]}}, {"type": "Feature", "properties": {"device": "6ebaf74a-b511-4334-af6f-43d5ea42e73b", "idx": 238, "time": "22:51:38", "tsec": 82298, "speed_kmh": 0.0}, "geometry": {"type": "Point", "coordinates": [110.369659, -7.77905]}}, {"type": "Feature", "properties": {"device": "6ebaf74a-b511-4334-af6f-43d5ea42e73b", "idx": 239, "time": "22:51:38", "tsec": 82298, "speed_kmh": 0.0}, "geometry": {"type": "Point", "coordinates": [110.369652, -7.77906]}}, {"type": "Feature", "properties": {"device": "6ebaf74a-b511-4334-af6f-43d5ea42e73b", "idx": 240, "time": "22:51:38", "tsec": 82298, "speed_kmh": 0.0}, "geometry": {"type": "Point", "coordinates": [110.369659, -7.77905]}}, {"type": "Feature", "properties": {"device": "6ebaf74a-b511-4334-af6f-43d5ea42e73b", "idx": 241, "time": "22:51:38", "tsec": 82298, "speed_kmh": 0.0}, "geometry": {"type": "Point", "coordinates": [110.369652, -7.77906]}}, {"type": "Feature", "properties": {"device": "6ebaf74a-b511-4334-af6f-43d5ea42e73b", "idx": 242, "time": "22:51:38", "tsec": 82298, "speed_kmh": 0.0}, "geometry": {"type": "Point", "coordinates": [110.369659, -7.77905]}}, {"type": "Feature", "properties": {"device": "6ebaf74a-b511-4334-af6f-43d5ea42e73b", "idx": 243, "time": "22:51:38", "tsec": 82298, "speed_kmh": 0.0}, "geometry": {"type": "Point", "coordinates": [110.369659, -7.77905]}}, {"type": "Feature", "properties": {"device": "6ebaf74a-b511-4334-af6f-43d5ea42e73b", "idx": 244, "time": "22:51:38", "tsec": 82298, "speed_kmh": 0.0}, "geometry": {"type": "Point", "coordinates": [110.369659, -7.77905]}}, {"type": "Feature", "properties": {"device": "6ebaf74a-b511-4334-af6f-43d5ea42e73b", "idx": 245, "time": "22:51:38", "tsec": 82298, "speed_kmh": 0.0}, "geometry": {"type": "Point", "coordinates": [110.369652, -7.779057]}}, {"type": "Feature", "properties": {"device": "6ebaf74a-b511-4334-af6f-43d5ea42e73b", "idx": 246, "time": "22:51:38", "tsec": 82298, "speed_kmh": 0.0}, "geometry": {"type": "Point", "coordinates": [110.369659, -7.77905]}}, {"type": "Feature", "properties": {"device": "6ebaf74a-b511-4334-af6f-43d5ea42e73b", "idx": 247, "time": "22:51:38", "tsec": 82298, "speed_kmh": 0.0}, "geometry": {"type": "Point", "coordinates": [110.369659, -7.77905]}}, {"type": "Feature", "properties": {"device": "6ebaf74a-b511-4334-af6f-43d5ea42e73b", "idx": 248, "time": "22:51:38", "tsec": 82298, "speed_kmh": 0.0}, "geometry": {"type": "Point", "coordinates": [110.369652, -7.77906]}}, {"type": "Feature", "properties": {"device": "6ebaf74a-b511-4334-af6f-43d5ea42e73b", "idx": 249, "time": "22:51:38", "tsec": 82298, "speed_kmh": 0.0}, "geometry": {"type": "Point", "coordinates": [110.369652, -7.77906]}}, {"type": "Feature", "properties": {"device": "6ebaf74a-b511-4334-af6f-43d5ea42e73b", "idx": 250, "time": "22:51:48", "tsec": 82308, "speed_kmh": 0.0}, "geometry": {"type": "Point", "coordinates": [110.369652, -7.77906]}}, {"type": "Feature", "properties": {"device": "6ebaf74a-b511-4334-af6f-43d5ea42e73b", "idx": 251, "time": "22:51:49", "tsec": 82309, "speed_kmh": 1.2}, "geometry": {"type": "Point", "coordinates": [110.369652, -7.779057]}}, {"type": "Feature", "properties": {"device": "6ebaf74a-b511-4334-af6f-43d5ea42e73b", "idx": 252, "time": "22:51:50", "tsec": 82310, "speed_kmh": 1.2}, "geometry": {"type": "Point", "coordinates": [110.369652, -7.77906]}}, {"type": "Feature", "properties": {"device": "6ebaf74a-b511-4334-af6f-43d5ea42e73b", "idx": 253, "time": "22:51:50", "tsec": 82310, "speed_kmh": 0.0}, "geometry": {"type": "Point", "coordinates": [110.369652, -7.77906]}}, {"type": "Feature", "properties": {"device": "6ebaf74a-b511-4334-af6f-43d5ea42e73b", "idx": 254, "time": "22:51:50", "tsec": 82310, "speed_kmh": 0.0}, "geometry": {"type": "Point", "coordinates": [110.369652, -7.77906]}}, {"type": "Feature", "properties": {"device": "6ebaf74a-b511-4334-af6f-43d5ea42e73b", "idx": 255, "time": "22:51:50", "tsec": 82310, "speed_kmh": 0.0}, "geometry": {"type": "Point", "coordinates": [110.369652, -7.77906]}}, {"type": "Feature", "properties": {"device": "6ebaf74a-b511-4334-af6f-43d5ea42e73b", "idx": 256, "time": "22:51:52", "tsec": 82312, "speed_kmh": 0.6}, "geometry": {"type": "Point", "coordinates": [110.369652, -7.779057]}}, {"type": "Feature", "properties": {"device": "6ebaf74a-b511-4334-af6f-43d5ea42e73b", "idx": 257, "time": "22:52:02", "tsec": 82322, "speed_kmh": 0.1}, "geometry": {"type": "Point", "coordinates": [110.369652, -7.77906]}}, {"type": "Feature", "properties": {"device": "6ebaf74a-b511-4334-af6f-43d5ea42e73b", "idx": 258, "time": "22:52:02", "tsec": 82322, "speed_kmh": 0.0}, "geometry": {"type": "Point", "coordinates": [110.369652, -7.77906]}}, {"type": "Feature", "properties": {"device": "6ebaf74a-b511-4334-af6f-43d5ea42e73b", "idx": 259, "time": "22:52:02", "tsec": 82322, "speed_kmh": 0.0}, "geometry": {"type": "Point", "coordinates": [110.369652, -7.77906]}}, {"type": "Feature", "properties": {"device": "6ebaf74a-b511-4334-af6f-43d5ea42e73b", "idx": 260, "time": "22:52:02", "tsec": 82322, "speed_kmh": 0.0}, "geometry": {"type": "Point", "coordinates": [110.369652, -7.77906]}}, {"type": "Feature", "properties": {"device": "6ebaf74a-b511-4334-af6f-43d5ea42e73b", "idx": 261, "time": "22:52:02", "tsec": 82322, "speed_kmh": 0.0}, "geometry": {"type": "Point", "coordinates": [110.369659, -7.77905]}}, {"type": "Feature", "properties": {"device": "6ebaf74a-b511-4334-af6f-43d5ea42e73b", "idx": 262, "time": "22:52:02", "tsec": 82322, "speed_kmh": 0.0}, "geometry": {"type": "Point", "coordinates": [110.369652, -7.77906]}}, {"type": "Feature", "properties": {"device": "6ebaf74a-b511-4334-af6f-43d5ea42e73b", "idx": 263, "time": "22:52:02", "tsec": 82322, "speed_kmh": 0.0}, "geometry": {"type": "Point", "coordinates": [110.369652, -7.77906]}}, {"type": "Feature", "properties": {"device": "6ebaf74a-b511-4334-af6f-43d5ea42e73b", "idx": 264, "time": "22:52:02", "tsec": 82322, "speed_kmh": 0.0}, "geometry": {"type": "Point", "coordinates": [110.369652, -7.77906]}}, {"type": "Feature", "properties": {"device": "6ebaf74a-b511-4334-af6f-43d5ea42e73b", "idx": 265, "time": "22:52:02", "tsec": 82322, "speed_kmh": 0.0}, "geometry": {"type": "Point", "coordinates": [110.369652, -7.779057]}}, {"type": "Feature", "properties": {"device": "6ebaf74a-b511-4334-af6f-43d5ea42e73b", "idx": 266, "time": "22:52:02", "tsec": 82322, "speed_kmh": 0.0}, "geometry": {"type": "Point", "coordinates": [110.369652, -7.77906]}}, {"type": "Feature", "properties": {"device": "6ebaf74a-b511-4334-af6f-43d5ea42e73b", "idx": 267, "time": "22:52:02", "tsec": 82322, "speed_kmh": 0.0}, "geometry": {"type": "Point", "coordinates": [110.369652, -7.77906]}}, {"type": "Feature", "properties": {"device": "6ebaf74a-b511-4334-af6f-43d5ea42e73b", "idx": 268, "time": "22:52:02", "tsec": 82322, "speed_kmh": 0.0}, "geometry": {"type": "Point", "coordinates": [110.369652, -7.77906]}}, {"type": "Feature", "properties": {"device": "6ebaf74a-b511-4334-af6f-43d5ea42e73b", "idx": 269, "time": "22:52:02", "tsec": 82322, "speed_kmh": 0.0}, "geometry": {"type": "Point", "coordinates": [110.369652, -7.77906]}}, {"type": "Feature", "properties": {"device": "6ebaf74a-b511-4334-af6f-43d5ea42e73b", "idx": 270, "time": "22:52:02", "tsec": 82322, "speed_kmh": 0.0}, "geometry": {"type": "Point", "coordinates": [110.369652, -7.77906]}}, {"type": "Feature", "properties": {"device": "6ebaf74a-b511-4334-af6f-43d5ea42e73b", "idx": 271, "time": "22:52:02", "tsec": 82322, "speed_kmh": 0.0}, "geometry": {"type": "Point", "coordinates": [110.369652, -7.77906]}}, {"type": "Feature", "properties": {"device": "6ebaf74a-b511-4334-af6f-43d5ea42e73b", "idx": 272, "time": "22:52:02", "tsec": 82322, "speed_kmh": 0.0}, "geometry": {"type": "Point", "coordinates": [110.369652, -7.77906]}}, {"type": "Feature", "properties": {"device": "6ebaf74a-b511-4334-af6f-43d5ea42e73b", "idx": 273, "time": "22:52:02", "tsec": 82322, "speed_kmh": 0.0}, "geometry": {"type": "Point", "coordinates": [110.369652, -7.77906]}}, {"type": "Feature", "properties": {"device": "6ebaf74a-b511-4334-af6f-43d5ea42e73b", "idx": 274, "time": "22:52:11", "tsec": 82331, "speed_kmh": 0.6}, "geometry": {"type": "Point", "coordinates": [110.369659, -7.77907]}}, {"type": "Feature", "properties": {"device": "6ebaf74a-b511-4334-af6f-43d5ea42e73b", "idx": 275, "time": "22:52:11", "tsec": 82331, "speed_kmh": 0.0}, "geometry": {"type": "Point", "coordinates": [110.369652, -7.779057]}}, {"type": "Feature", "properties": {"device": "6ebaf74a-b511-4334-af6f-43d5ea42e73b", "idx": 276, "time": "22:52:14", "tsec": 82334, "speed_kmh": 1.8}, "geometry": {"type": "Point", "coordinates": [110.369659, -7.779068]}}, {"type": "Feature", "properties": {"device": "6ebaf74a-b511-4334-af6f-43d5ea42e73b", "idx": 277, "time": "22:52:14", "tsec": 82334, "speed_kmh": 0.0}, "geometry": {"type": "Point", "coordinates": [110.369659, -7.779068]}}, {"type": "Feature", "properties": {"device": "6ebaf74a-b511-4334-af6f-43d5ea42e73b", "idx": 278, "time": "22:52:14", "tsec": 82334, "speed_kmh": 0.0}, "geometry": {"type": "Point", "coordinates": [110.369659, -7.77905]}}, {"type": "Feature", "properties": {"device": "6ebaf74a-b511-4334-af6f-43d5ea42e73b", "idx": 279, "time": "22:52:14", "tsec": 82334, "speed_kmh": 0.0}, "geometry": {"type": "Point", "coordinates": [110.369659, -7.779068]}}, {"type": "Feature", "properties": {"device": "6ebaf74a-b511-4334-af6f-43d5ea42e73b", "idx": 280, "time": "22:52:14", "tsec": 82334, "speed_kmh": 0.0}, "geometry": {"type": "Point", "coordinates": [110.369659, -7.77905]}}, {"type": "Feature", "properties": {"device": "6ebaf74a-b511-4334-af6f-43d5ea42e73b", "idx": 281, "time": "22:52:22", "tsec": 82342, "speed_kmh": 0.0}, "geometry": {"type": "Point", "coordinates": [110.369659, -7.77905]}}, {"type": "Feature", "properties": {"device": "6ebaf74a-b511-4334-af6f-43d5ea42e73b", "idx": 282, "time": "22:52:22", "tsec": 82342, "speed_kmh": 0.0}, "geometry": {"type": "Point", "coordinates": [110.369659, -7.77905]}}, {"type": "Feature", "properties": {"device": "6ebaf74a-b511-4334-af6f-43d5ea42e73b", "idx": 283, "time": "22:52:23", "tsec": 82343, "speed_kmh": 4.1}, "geometry": {"type": "Point", "coordinates": [110.369652, -7.779057]}}, {"type": "Feature", "properties": {"device": "6ebaf74a-b511-4334-af6f-43d5ea42e73b", "idx": 284, "time": "22:53:09", "tsec": 82389, "speed_kmh": 0.2}, "geometry": {"type": "Point", "coordinates": [110.369652, -7.77908]}}, {"type": "Feature", "properties": {"device": "6ebaf74a-b511-4334-af6f-43d5ea42e73b", "idx": 285, "time": "22:53:59", "tsec": 82439, "speed_kmh": 0.0}, "geometry": {"type": "Point", "coordinates": [110.369652, -7.77908]}}, {"type": "Feature", "properties": {"device": "6ebaf74a-b511-4334-af6f-43d5ea42e73b", "idx": 286, "time": "22:53:59", "tsec": 82439, "speed_kmh": 0.0}, "geometry": {"type": "Point", "coordinates": [110.369652, -7.779057]}}, {"type": "Feature", "properties": {"device": "6ebaf74a-b511-4334-af6f-43d5ea42e73b", "idx": 287, "time": "22:53:59", "tsec": 82439, "speed_kmh": 0.0}, "geometry": {"type": "Point", "coordinates": [110.369652, -7.779057]}}, {"type": "Feature", "properties": {"device": "6ebaf74a-b511-4334-af6f-43d5ea42e73b", "idx": 288, "time": "22:53:59", "tsec": 82439, "speed_kmh": 0.0}, "geometry": {"type": "Point", "coordinates": [110.369652, -7.779057]}}, {"type": "Feature", "properties": {"device": "6ebaf74a-b511-4334-af6f-43d5ea42e73b", "idx": 289, "time": "22:53:59", "tsec": 82439, "speed_kmh": 0.0}, "geometry": {"type": "Point", "coordinates": [110.369652, -7.77908]}}, {"type": "Feature", "properties": {"device": "6ebaf74a-b511-4334-af6f-43d5ea42e73b", "idx": 290, "time": "22:53:59", "tsec": 82439, "speed_kmh": 0.0}, "geometry": {"type": "Point", "coordinates": [110.369652, -7.779057]}}, {"type": "Feature", "properties": {"device": "6ebaf74a-b511-4334-af6f-43d5ea42e73b", "idx": 291, "time": "22:53:59", "tsec": 82439, "speed_kmh": 0.0}, "geometry": {"type": "Point", "coordinates": [110.369652, -7.779057]}}, {"type": "Feature", "properties": {"device": "6ebaf74a-b511-4334-af6f-43d5ea42e73b", "idx": 292, "time": "22:53:59", "tsec": 82439, "speed_kmh": 0.0}, "geometry": {"type": "Point", "coordinates": [110.369652, -7.779057]}}, {"type": "Feature", "properties": {"device": "6ebaf74a-b511-4334-af6f-43d5ea42e73b", "idx": 293, "time": "22:54:19", "tsec": 82459, "speed_kmh": 0.3}, "geometry": {"type": "Point", "coordinates": [110.369659, -7.77907]}}, {"type": "Feature", "properties": {"device": "6ebaf74a-b511-4334-af6f-43d5ea42e73b", "idx": 294, "time": "22:54:29", "tsec": 82469, "speed_kmh": 0.5}, "geometry": {"type": "Point", "coordinates": [110.369652, -7.77906]}}, {"type": "Feature", "properties": {"device": "6ebaf74a-b511-4334-af6f-43d5ea42e73b", "idx": 295, "time": "22:54:29", "tsec": 82469, "speed_kmh": 0.0}, "geometry": {"type": "Point", "coordinates": [110.369652, -7.779057]}}, {"type": "Feature", "properties": {"device": "6ebaf74a-b511-4334-af6f-43d5ea42e73b", "idx": 296, "time": "22:54:29", "tsec": 82469, "speed_kmh": 0.0}, "geometry": {"type": "Point", "coordinates": [110.369652, -7.77906]}}, {"type": "Feature", "properties": {"device": "6ebaf74a-b511-4334-af6f-43d5ea42e73b", "idx": 297, "time": "22:54:29", "tsec": 82469, "speed_kmh": 0.0}, "geometry": {"type": "Point", "coordinates": [110.369652, -7.77906]}}, {"type": "Feature", "properties": {"device": "6ebaf74a-b511-4334-af6f-43d5ea42e73b", "idx": 298, "time": "22:54:29", "tsec": 82469, "speed_kmh": 0.0}, "geometry": {"type": "Point", "coordinates": [110.369652, -7.77906]}}, {"type": "Feature", "properties": {"device": "6ebaf74a-b511-4334-af6f-43d5ea42e73b", "idx": 299, "time": "22:54:29", "tsec": 82469, "speed_kmh": 0.0}, "geometry": {"type": "Point", "coordinates": [110.369652, -7.77906]}}, {"type": "Feature", "properties": {"device": "6ebaf74a-b511-4334-af6f-43d5ea42e73b", "idx": 300, "time": "22:54:29", "tsec": 82469, "speed_kmh": 0.0}, "geometry": {"type": "Point", "coordinates": [110.369652, -7.77906]}}, {"type": "Feature", "properties": {"device": "6ebaf74a-b511-4334-af6f-43d5ea42e73b", "idx": 301, "time": "22:54:29", "tsec": 82469, "speed_kmh": 0.0}, "geometry": {"type": "Point", "coordinates": [110.369652, -7.77906]}}, {"type": "Feature", "properties": {"device": "6ebaf74a-b511-4334-af6f-43d5ea42e73b", "idx": 302, "time": "22:54:29", "tsec": 82469, "speed_kmh": 0.0}, "geometry": {"type": "Point", "coordinates": [110.369652, -7.77906]}}, {"type": "Feature", "properties": {"device": "6ebaf74a-b511-4334-af6f-43d5ea42e73b", "idx": 303, "time": "22:54:29", "tsec": 82469, "speed_kmh": 0.0}, "geometry": {"type": "Point", "coordinates": [110.369652, -7.77906]}}, {"type": "Feature", "properties": {"device": "6ebaf74a-b511-4334-af6f-43d5ea42e73b", "idx": 304, "time": "22:54:29", "tsec": 82469, "speed_kmh": 0.0}, "geometry": {"type": "Point", "coordinates": [110.369652, -7.77906]}}, {"type": "Feature", "properties": {"device": "6ebaf74a-b511-4334-af6f-43d5ea42e73b", "idx": 305, "time": "22:54:29", "tsec": 82469, "speed_kmh": 0.0}, "geometry": {"type": "Point", "coordinates": [110.369652, -7.77906]}}, {"type": "Feature", "properties": {"device": "6ebaf74a-b511-4334-af6f-43d5ea42e73b", "idx": 306, "time": "22:54:29", "tsec": 82469, "speed_kmh": 0.0}, "geometry": {"type": "Point", "coordinates": [110.369652, -7.77906]}}, {"type": "Feature", "properties": {"device": "6ebaf74a-b511-4334-af6f-43d5ea42e73b", "idx": 307, "time": "22:54:29", "tsec": 82469, "speed_kmh": 0.0}, "geometry": {"type": "Point", "coordinates": [110.369652, -7.77906]}}, {"type": "Feature", "properties": {"device": "6ebaf74a-b511-4334-af6f-43d5ea42e73b", "idx": 308, "time": "22:54:29", "tsec": 82469, "speed_kmh": 0.0}, "geometry": {"type": "Point", "coordinates": [110.369652, -7.77906]}}, {"type": "Feature", "properties": {"device": "6ebaf74a-b511-4334-af6f-43d5ea42e73b", "idx": 309, "time": "22:54:29", "tsec": 82469, "speed_kmh": 0.0}, "geometry": {"type": "Point", "coordinates": [110.369652, -7.77906]}}, {"type": "Feature", "properties": {"device": "6ebaf74a-b511-4334-af6f-43d5ea42e73b", "idx": 310, "time": "22:54:30", "tsec": 82470, "speed_kmh": 5.0}, "geometry": {"type": "Point", "coordinates": [110.369659, -7.77905]}}, {"type": "Feature", "properties": {"device": "6ebaf74a-b511-4334-af6f-43d5ea42e73b", "idx": 311, "time": "22:54:30", "tsec": 82470, "speed_kmh": 0.0}, "geometry": {"type": "Point", "coordinates": [110.369652, -7.779057]}}, {"type": "Feature", "properties": {"device": "6ebaf74a-b511-4334-af6f-43d5ea42e73b", "idx": 312, "time": "22:54:30", "tsec": 82470, "speed_kmh": 0.0}, "geometry": {"type": "Point", "coordinates": [110.369652, -7.779057]}}, {"type": "Feature", "properties": {"device": "6ebaf74a-b511-4334-af6f-43d5ea42e73b", "idx": 313, "time": "22:54:30", "tsec": 82470, "speed_kmh": 0.0}, "geometry": {"type": "Point", "coordinates": [110.369652, -7.779057]}}, {"type": "Feature", "properties": {"device": "6ebaf74a-b511-4334-af6f-43d5ea42e73b", "idx": 314, "time": "22:54:30", "tsec": 82470, "speed_kmh": 0.0}, "geometry": {"type": "Point", "coordinates": [110.369652, -7.779057]}}, {"type": "Feature", "properties": {"device": "6ebaf74a-b511-4334-af6f-43d5ea42e73b", "idx": 315, "time": "22:54:30", "tsec": 82470, "speed_kmh": 0.0}, "geometry": {"type": "Point", "coordinates": [110.369652, -7.779057]}}, {"type": "Feature", "properties": {"device": "6ebaf74a-b511-4334-af6f-43d5ea42e73b", "idx": 316, "time": "22:54:33", "tsec": 82473, "speed_kmh": 0.4}, "geometry": {"type": "Point", "coordinates": [110.369652, -7.77906]}}, {"type": "Feature", "properties": {"device": "6ebaf74a-b511-4334-af6f-43d5ea42e73b", "idx": 317, "time": "22:54:33", "tsec": 82473, "speed_kmh": 0.0}, "geometry": {"type": "Point", "coordinates": [110.369659, -7.77905]}}, {"type": "Feature", "properties": {"device": "6ebaf74a-b511-4334-af6f-43d5ea42e73b", "idx": 318, "time": "22:54:33", "tsec": 82473, "speed_kmh": 0.0}, "geometry": {"type": "Point", "coordinates": [110.369652, -7.77906]}}, {"type": "Feature", "properties": {"device": "6ebaf74a-b511-4334-af6f-43d5ea42e73b", "idx": 319, "time": "22:54:33", "tsec": 82473, "speed_kmh": 0.0}, "geometry": {"type": "Point", "coordinates": [110.369652, -7.77906]}}, {"type": "Feature", "properties": {"device": "6ebaf74a-b511-4334-af6f-43d5ea42e73b", "idx": 320, "time": "22:54:33", "tsec": 82473, "speed_kmh": 0.0}, "geometry": {"type": "Point", "coordinates": [110.369652, -7.77906]}}, {"type": "Feature", "properties": {"device": "6ebaf74a-b511-4334-af6f-43d5ea42e73b", "idx": 321, "time": "22:54:33", "tsec": 82473, "speed_kmh": 0.0}, "geometry": {"type": "Point", "coordinates": [110.369652, -7.77906]}}, {"type": "Feature", "properties": {"device": "6ebaf74a-b511-4334-af6f-43d5ea42e73b", "idx": 322, "time": "22:54:33", "tsec": 82473, "speed_kmh": 0.0}, "geometry": {"type": "Point", "coordinates": [110.369652, -7.77906]}}, {"type": "Feature", "properties": {"device": "6ebaf74a-b511-4334-af6f-43d5ea42e73b", "idx": 323, "time": "22:54:33", "tsec": 82473, "speed_kmh": 0.0}, "geometry": {"type": "Point", "coordinates": [110.369652, -7.77906]}}, {"type": "Feature", "properties": {"device": "6ebaf74a-b511-4334-af6f-43d5ea42e73b", "idx": 324, "time": "22:54:33", "tsec": 82473, "speed_kmh": 0.0}, "geometry": {"type": "Point", "coordinates": [110.369652, -7.77906]}}, {"type": "Feature", "properties": {"device": "6ebaf74a-b511-4334-af6f-43d5ea42e73b", "idx": 325, "time": "22:54:33", "tsec": 82473, "speed_kmh": 0.0}, "geometry": {"type": "Point", "coordinates": [110.369652, -7.779057]}}, {"type": "Feature", "properties": {"device": "6ebaf74a-b511-4334-af6f-43d5ea42e73b", "idx": 326, "time": "22:54:33", "tsec": 82473, "speed_kmh": 0.0}, "geometry": {"type": "Point", "coordinates": [110.369652, -7.77906]}}, {"type": "Feature", "properties": {"device": "6ebaf74a-b511-4334-af6f-43d5ea42e73b", "idx": 327, "time": "22:54:33", "tsec": 82473, "speed_kmh": 0.0}, "geometry": {"type": "Point", "coordinates": [110.369659, -7.77905]}}, {"type": "Feature", "properties": {"device": "6ebaf74a-b511-4334-af6f-43d5ea42e73b", "idx": 328, "time": "22:54:33", "tsec": 82473, "speed_kmh": 0.0}, "geometry": {"type": "Point", "coordinates": [110.369652, -7.77906]}}, {"type": "Feature", "properties": {"device": "6ebaf74a-b511-4334-af6f-43d5ea42e73b", "idx": 329, "time": "22:54:33", "tsec": 82473, "speed_kmh": 0.0}, "geometry": {"type": "Point", "coordinates": [110.369652, -7.77906]}}, {"type": "Feature", "properties": {"device": "6ebaf74a-b511-4334-af6f-43d5ea42e73b", "idx": 330, "time": "22:54:33", "tsec": 82473, "speed_kmh": 0.0}, "geometry": {"type": "Point", "coordinates": [110.369652, -7.77906]}}, {"type": "Feature", "properties": {"device": "6ebaf74a-b511-4334-af6f-43d5ea42e73b", "idx": 331, "time": "22:54:33", "tsec": 82473, "speed_kmh": 0.0}, "geometry": {"type": "Point", "coordinates": [110.369652, -7.77906]}}, {"type": "Feature", "properties": {"device": "6ebaf74a-b511-4334-af6f-43d5ea42e73b", "idx": 332, "time": "22:54:33", "tsec": 82473, "speed_kmh": 0.0}, "geometry": {"type": "Point", "coordinates": [110.369659, -7.77905]}}, {"type": "Feature", "properties": {"device": "6ebaf74a-b511-4334-af6f-43d5ea42e73b", "idx": 333, "time": "22:54:33", "tsec": 82473, "speed_kmh": 0.0}, "geometry": {"type": "Point", "coordinates": [110.369652, -7.77906]}}, {"type": "Feature", "properties": {"device": "6ebaf74a-b511-4334-af6f-43d5ea42e73b", "idx": 334, "time": "22:54:33", "tsec": 82473, "speed_kmh": 0.0}, "geometry": {"type": "Point", "coordinates": [110.369652, -7.77906]}}, {"type": "Feature", "properties": {"device": "6ebaf74a-b511-4334-af6f-43d5ea42e73b", "idx": 335, "time": "22:54:33", "tsec": 82473, "speed_kmh": 0.0}, "geometry": {"type": "Point", "coordinates": [110.369659, -7.77905]}}, {"type": "Feature", "properties": {"device": "6ebaf74a-b511-4334-af6f-43d5ea42e73b", "idx": 336, "time": "22:54:33", "tsec": 82473, "speed_kmh": 0.0}, "geometry": {"type": "Point", "coordinates": [110.369652, -7.77906]}}, {"type": "Feature", "properties": {"device": "6ebaf74a-b511-4334-af6f-43d5ea42e73b", "idx": 337, "time": "22:54:33", "tsec": 82473, "speed_kmh": 0.0}, "geometry": {"type": "Point", "coordinates": [110.369652, -7.77908]}}, {"type": "Feature", "properties": {"device": "6ebaf74a-b511-4334-af6f-43d5ea42e73b", "idx": 338, "time": "22:54:33", "tsec": 82473, "speed_kmh": 0.0}, "geometry": {"type": "Point", "coordinates": [110.369652, -7.77906]}}, {"type": "Feature", "properties": {"device": "6ebaf74a-b511-4334-af6f-43d5ea42e73b", "idx": 339, "time": "22:54:33", "tsec": 82473, "speed_kmh": 0.0}, "geometry": {"type": "Point", "coordinates": [110.369659, -7.77905]}}, {"type": "Feature", "properties": {"device": "6ebaf74a-b511-4334-af6f-43d5ea42e73b", "idx": 340, "time": "22:54:33", "tsec": 82473, "speed_kmh": 0.0}, "geometry": {"type": "Point", "coordinates": [110.369652, -7.77906]}}, {"type": "Feature", "properties": {"device": "6ebaf74a-b511-4334-af6f-43d5ea42e73b", "idx": 341, "time": "22:54:33", "tsec": 82473, "speed_kmh": 0.0}, "geometry": {"type": "Point", "coordinates": [110.369652, -7.77906]}}, {"type": "Feature", "properties": {"device": "6ebaf74a-b511-4334-af6f-43d5ea42e73b", "idx": 342, "time": "22:54:33", "tsec": 82473, "speed_kmh": 0.0}, "geometry": {"type": "Point", "coordinates": [110.369652, -7.77906]}}, {"type": "Feature", "properties": {"device": "6ebaf74a-b511-4334-af6f-43d5ea42e73b", "idx": 343, "time": "22:54:33", "tsec": 82473, "speed_kmh": 0.0}, "geometry": {"type": "Point", "coordinates": [110.369659, -7.77905]}}, {"type": "Feature", "properties": {"device": "6ebaf74a-b511-4334-af6f-43d5ea42e73b", "idx": 344, "time": "22:54:33", "tsec": 82473, "speed_kmh": 0.0}, "geometry": {"type": "Point", "coordinates": [110.369652, -7.77906]}}, {"type": "Feature", "properties": {"device": "6ebaf74a-b511-4334-af6f-43d5ea42e73b", "idx": 345, "time": "22:54:33", "tsec": 82473, "speed_kmh": 0.0}, "geometry": {"type": "Point", "coordinates": [110.369652, -7.77906]}}, {"type": "Feature", "properties": {"device": "6ebaf74a-b511-4334-af6f-43d5ea42e73b", "idx": 346, "time": "22:54:33", "tsec": 82473, "speed_kmh": 0.0}, "geometry": {"type": "Point", "coordinates": [110.369652, -7.77906]}}, {"type": "Feature", "properties": {"device": "6ebaf74a-b511-4334-af6f-43d5ea42e73b", "idx": 347, "time": "22:54:43", "tsec": 82483, "speed_kmh": 0.1}, "geometry": {"type": "Point", "coordinates": [110.369652, -7.779057]}}, {"type": "Feature", "properties": {"device": "6ebaf74a-b511-4334-af6f-43d5ea42e73b", "idx": 348, "time": "22:58:01", "tsec": 82681, "speed_kmh": 0.0}, "geometry": {"type": "Point", "coordinates": [110.369652, -7.779057]}}, {"type": "Feature", "properties": {"device": "bc0db78f-86a2-461c-a13f-6c20efeccc57", "idx": 0, "time": "04:07:05", "tsec": 14825, "speed_kmh": 0.0}, "geometry": {"type": "Point", "coordinates": [110.152908, -7.861043]}}, {"type": "Feature", "properties": {"device": "bc0db78f-86a2-461c-a13f-6c20efeccc57", "idx": 1, "time": "04:11:14", "tsec": 15074, "speed_kmh": 5.3}, "geometry": {"type": "Point", "coordinates": [110.152908, -7.857767]}}, {"type": "Feature", "properties": {"device": "bc0db78f-86a2-461c-a13f-6c20efeccc57", "idx": 2, "time": "17:56:32", "tsec": 64592, "speed_kmh": 1.8}, "geometry": {"type": "Point", "coordinates": [110.366631, -7.78573]}}, {"type": "Feature", "properties": {"device": "bc0db78f-86a2-461c-a13f-6c20efeccc57", "idx": 3, "time": "17:56:32", "tsec": 64592, "speed_kmh": 0.0}, "geometry": {"type": "Point", "coordinates": [110.366631, -7.78576]}}, {"type": "Feature", "properties": {"device": "bc0db78f-86a2-461c-a13f-6c20efeccc57", "idx": 4, "time": "17:56:32", "tsec": 64592, "speed_kmh": 0.0}, "geometry": {"type": "Point", "coordinates": [110.366638, -7.78576]}}, {"type": "Feature", "properties": {"device": "bc0db78f-86a2-461c-a13f-6c20efeccc57", "idx": 5, "time": "17:56:32", "tsec": 64592, "speed_kmh": 0.0}, "geometry": {"type": "Point", "coordinates": [110.366638, -7.78576]}}, {"type": "Feature", "properties": {"device": "bc0db78f-86a2-461c-a13f-6c20efeccc57", "idx": 6, "time": "17:56:41", "tsec": 64601, "speed_kmh": 0.6}, "geometry": {"type": "Point", "coordinates": [110.366631, -7.78575]}}, {"type": "Feature", "properties": {"device": "bc0db78f-86a2-461c-a13f-6c20efeccc57", "idx": 7, "time": "17:56:41", "tsec": 64601, "speed_kmh": 0.0}, "geometry": {"type": "Point", "coordinates": [110.366638, -7.78576]}}, {"type": "Feature", "properties": {"device": "bc0db78f-86a2-461c-a13f-6c20efeccc57", "idx": 8, "time": "17:56:41", "tsec": 64601, "speed_kmh": 0.0}, "geometry": {"type": "Point", "coordinates": [110.366638, -7.78575]}}, {"type": "Feature", "properties": {"device": "bc0db78f-86a2-461c-a13f-6c20efeccc57", "idx": 9, "time": "17:56:41", "tsec": 64601, "speed_kmh": 0.0}, "geometry": {"type": "Point", "coordinates": [110.366631, -7.78575]}}, {"type": "Feature", "properties": {"device": "bc0db78f-86a2-461c-a13f-6c20efeccc57", "idx": 10, "time": "17:56:41", "tsec": 64601, "speed_kmh": 0.0}, "geometry": {"type": "Point", "coordinates": [110.366631, -7.78575]}}, {"type": "Feature", "properties": {"device": "bc0db78f-86a2-461c-a13f-6c20efeccc57", "idx": 11, "time": "17:56:41", "tsec": 64601, "speed_kmh": 0.0}, "geometry": {"type": "Point", "coordinates": [110.366638, -7.78576]}}, {"type": "Feature", "properties": {"device": "bc0db78f-86a2-461c-a13f-6c20efeccc57", "idx": 12, "time": "17:56:41", "tsec": 64601, "speed_kmh": 0.0}, "geometry": {"type": "Point", "coordinates": [110.366631, -7.78575]}}, {"type": "Feature", "properties": {"device": "bc0db78f-86a2-461c-a13f-6c20efeccc57", "idx": 13, "time": "17:56:41", "tsec": 64601, "speed_kmh": 0.0}, "geometry": {"type": "Point", "coordinates": [110.366631, -7.78575]}}, {"type": "Feature", "properties": {"device": "bc0db78f-86a2-461c-a13f-6c20efeccc57", "idx": 14, "time": "22:06:03", "tsec": 79563, "speed_kmh": 0.0}, "geometry": {"type": "Point", "coordinates": [110.366638, -7.78576]}}, {"type": "Feature", "properties": {"device": "bc0db78f-86a2-461c-a13f-6c20efeccc57", "idx": 15, "time": "22:06:03", "tsec": 79563, "speed_kmh": 0.0}, "geometry": {"type": "Point", "coordinates": [110.366638, -7.78576]}}, {"type": "Feature", "properties": {"device": "bc0db78f-86a2-461c-a13f-6c20efeccc57", "idx": 16, "time": "22:06:03", "tsec": 79563, "speed_kmh": 0.0}, "geometry": {"type": "Point", "coordinates": [110.366638, -7.78575]}}, {"type": "Feature", "properties": {"device": "bc0db78f-86a2-461c-a13f-6c20efeccc57", "idx": 17, "time": "22:06:03", "tsec": 79563, "speed_kmh": 0.0}, "geometry": {"type": "Point", "coordinates": [110.366638, -7.78576]}}, {"type": "Feature", "properties": {"device": "bc0db78f-86a2-461c-a13f-6c20efeccc57", "idx": 18, "time": "22:06:03", "tsec": 79563, "speed_kmh": 0.0}, "geometry": {"type": "Point", "coordinates": [110.366631, -7.78575]}}, {"type": "Feature", "properties": {"device": "bc0db78f-86a2-461c-a13f-6c20efeccc57", "idx": 19, "time": "22:06:03", "tsec": 79563, "speed_kmh": 0.0}, "geometry": {"type": "Point", "coordinates": [110.366631, -7.78575]}}, {"type": "Feature", "properties": {"device": "bc0db78f-86a2-461c-a13f-6c20efeccc57", "idx": 20, "time": "22:06:03", "tsec": 79563, "speed_kmh": 0.0}, "geometry": {"type": "Point", "coordinates": [110.366638, -7.78576]}}, {"type": "Feature", "properties": {"device": "bc0db78f-86a2-461c-a13f-6c20efeccc57", "idx": 21, "time": "22:06:54", "tsec": 79614, "speed_kmh": 0.1}, "geometry": {"type": "Point", "coordinates": [110.366631, -7.78576]}}, {"type": "Feature", "properties": {"device": "bc0db78f-86a2-461c-a13f-6c20efeccc57", "idx": 22, "time": "22:06:54", "tsec": 79614, "speed_kmh": 0.0}, "geometry": {"type": "Point", "coordinates": [110.366638, -7.78574]}}, {"type": "Feature", "properties": {"device": "bc0db78f-86a2-461c-a13f-6c20efeccc57", "idx": 23, "time": "22:06:54", "tsec": 79614, "speed_kmh": 0.0}, "geometry": {"type": "Point", "coordinates": [110.366638, -7.78573]}}, {"type": "Feature", "properties": {"device": "bc0db78f-86a2-461c-a13f-6c20efeccc57", "idx": 24, "time": "22:07:36", "tsec": 79656, "speed_kmh": 0.2}, "geometry": {"type": "Point", "coordinates": [110.366631, -7.78575]}}, {"type": "Feature", "properties": {"device": "bc0db78f-86a2-461c-a13f-6c20efeccc57", "idx": 25, "time": "22:07:46", "tsec": 79666, "speed_kmh": 0.5}, "geometry": {"type": "Point", "coordinates": [110.366638, -7.78576]}}, {"type": "Feature", "properties": {"device": "bc0db78f-86a2-461c-a13f-6c20efeccc57", "idx": 26, "time": "22:07:46", "tsec": 79666, "speed_kmh": 0.0}, "geometry": {"type": "Point", "coordinates": [110.366638, -7.78573]}}, {"type": "Feature", "properties": {"device": "bc0db78f-86a2-461c-a13f-6c20efeccc57", "idx": 27, "time": "22:07:46", "tsec": 79666, "speed_kmh": 0.0}, "geometry": {"type": "Point", "coordinates": [110.366638, -7.78576]}}, {"type": "Feature", "properties": {"device": "bc0db78f-86a2-461c-a13f-6c20efeccc57", "idx": 28, "time": "22:07:46", "tsec": 79666, "speed_kmh": 0.0}, "geometry": {"type": "Point", "coordinates": [110.366638, -7.78576]}}, {"type": "Feature", "properties": {"device": "bc0db78f-86a2-461c-a13f-6c20efeccc57", "idx": 29, "time": "22:07:46", "tsec": 79666, "speed_kmh": 0.0}, "geometry": {"type": "Point", "coordinates": [110.366638, -7.78574]}}, {"type": "Feature", "properties": {"device": "bc0db78f-86a2-461c-a13f-6c20efeccc57", "idx": 30, "time": "22:07:46", "tsec": 79666, "speed_kmh": 0.0}, "geometry": {"type": "Point", "coordinates": [110.366638, -7.78576]}}, {"type": "Feature", "properties": {"device": "bc0db78f-86a2-461c-a13f-6c20efeccc57", "idx": 31, "time": "22:07:46", "tsec": 79666, "speed_kmh": 0.0}, "geometry": {"type": "Point", "coordinates": [110.366638, -7.78573]}}, {"type": "Feature", "properties": {"device": "bc0db78f-86a2-461c-a13f-6c20efeccc57", "idx": 32, "time": "22:07:46", "tsec": 79666, "speed_kmh": 0.0}, "geometry": {"type": "Point", "coordinates": [110.366638, -7.78576]}}, {"type": "Feature", "properties": {"device": "90189944-6c95-40f2-94cd-04cea2c57a46", "idx": 0, "time": "04:18:03", "tsec": 15483, "speed_kmh": 0.0}, "geometry": {"type": "Point", "coordinates": [110.401939, -7.76752]}}, {"type": "Feature", "properties": {"device": "90189944-6c95-40f2-94cd-04cea2c57a46", "idx": 1, "time": "04:18:54", "tsec": 15534, "speed_kmh": 0.0}, "geometry": {"type": "Point", "coordinates": [110.401939, -7.76752]}}, {"type": "Feature", "properties": {"device": "90189944-6c95-40f2-94cd-04cea2c57a46", "idx": 2, "time": "04:18:54", "tsec": 15534, "speed_kmh": 0.0}, "geometry": {"type": "Point", "coordinates": [110.401932, -7.76751]}}, {"type": "Feature", "properties": {"device": "90189944-6c95-40f2-94cd-04cea2c57a46", "idx": 3, "time": "04:19:52", "tsec": 15592, "speed_kmh": 0.0}, "geometry": {"type": "Point", "coordinates": [110.401932, -7.767503]}}, {"type": "Feature", "properties": {"device": "90189944-6c95-40f2-94cd-04cea2c57a46", "idx": 4, "time": "04:19:52", "tsec": 15592, "speed_kmh": 0.0}, "geometry": {"type": "Point", "coordinates": [110.401932, -7.767503]}}, {"type": "Feature", "properties": {"device": "90189944-6c95-40f2-94cd-04cea2c57a46", "idx": 5, "time": "04:19:52", "tsec": 15592, "speed_kmh": 0.0}, "geometry": {"type": "Point", "coordinates": [110.401932, -7.767503]}}, {"type": "Feature", "properties": {"device": "90189944-6c95-40f2-94cd-04cea2c57a46", "idx": 6, "time": "04:19:52", "tsec": 15592, "speed_kmh": 0.0}, "geometry": {"type": "Point", "coordinates": [110.401932, -7.767503]}}, {"type": "Feature", "properties": {"device": "90189944-6c95-40f2-94cd-04cea2c57a46", "idx": 7, "time": "04:19:52", "tsec": 15592, "speed_kmh": 0.0}, "geometry": {"type": "Point", "coordinates": [110.401932, -7.767503]}}, {"type": "Feature", "properties": {"device": "90189944-6c95-40f2-94cd-04cea2c57a46", "idx": 8, "time": "04:19:52", "tsec": 15592, "speed_kmh": 0.0}, "geometry": {"type": "Point", "coordinates": [110.401932, -7.767503]}}, {"type": "Feature", "properties": {"device": "90189944-6c95-40f2-94cd-04cea2c57a46", "idx": 9, "time": "04:19:52", "tsec": 15592, "speed_kmh": 0.0}, "geometry": {"type": "Point", "coordinates": [110.401932, -7.767503]}}, {"type": "Feature", "properties": {"device": "90189944-6c95-40f2-94cd-04cea2c57a46", "idx": 10, "time": "04:28:14", "tsec": 16094, "speed_kmh": 0.0}, "geometry": {"type": "Point", "coordinates": [110.401932, -7.767503]}}, {"type": "Feature", "properties": {"device": "90189944-6c95-40f2-94cd-04cea2c57a46", "idx": 11, "time": "04:28:14", "tsec": 16094, "speed_kmh": 0.0}, "geometry": {"type": "Point", "coordinates": [110.401932, -7.767503]}}, {"type": "Feature", "properties": {"device": "90189944-6c95-40f2-94cd-04cea2c57a46", "idx": 12, "time": "04:32:49", "tsec": 16369, "speed_kmh": 0.0}, "geometry": {"type": "Point", "coordinates": [110.401932, -7.767503]}}, {"type": "Feature", "properties": {"device": "90189944-6c95-40f2-94cd-04cea2c57a46", "idx": 13, "time": "04:46:39", "tsec": 17199, "speed_kmh": 0.0}, "geometry": {"type": "Point", "coordinates": [110.401932, -7.767503]}}, {"type": "Feature", "properties": {"device": "90189944-6c95-40f2-94cd-04cea2c57a46", "idx": 14, "time": "04:46:39", "tsec": 17199, "speed_kmh": 0.0}, "geometry": {"type": "Point", "coordinates": [110.401939, -7.76752]}}, {"type": "Feature", "properties": {"device": "90189944-6c95-40f2-94cd-04cea2c57a46", "idx": 15, "time": "04:46:49", "tsec": 17209, "speed_kmh": 0.4}, "geometry": {"type": "Point", "coordinates": [110.401939, -7.76751]}}, {"type": "Feature", "properties": {"device": "90189944-6c95-40f2-94cd-04cea2c57a46", "idx": 16, "time": "04:46:49", "tsec": 17209, "speed_kmh": 0.0}, "geometry": {"type": "Point", "coordinates": [110.401939, -7.76751]}}, {"type": "Feature", "properties": {"device": "90189944-6c95-40f2-94cd-04cea2c57a46", "idx": 17, "time": "04:46:49", "tsec": 17209, "speed_kmh": 0.0}, "geometry": {"type": "Point", "coordinates": [110.401939, -7.76752]}}, {"type": "Feature", "properties": {"device": "90189944-6c95-40f2-94cd-04cea2c57a46", "idx": 18, "time": "04:47:07", "tsec": 17227, "speed_kmh": 0.3}, "geometry": {"type": "Point", "coordinates": [110.401932, -7.76751]}}, {"type": "Feature", "properties": {"device": "90189944-6c95-40f2-94cd-04cea2c57a46", "idx": 19, "time": "04:47:07", "tsec": 17227, "speed_kmh": 0.0}, "geometry": {"type": "Point", "coordinates": [110.401932, -7.767503]}}, {"type": "Feature", "properties": {"device": "90189944-6c95-40f2-94cd-04cea2c57a46", "idx": 20, "time": "04:47:07", "tsec": 17227, "speed_kmh": 0.0}, "geometry": {"type": "Point", "coordinates": [110.401932, -7.76751]}}, {"type": "Feature", "properties": {"device": "90189944-6c95-40f2-94cd-04cea2c57a46", "idx": 21, "time": "04:47:07", "tsec": 17227, "speed_kmh": 0.0}, "geometry": {"type": "Point", "coordinates": [110.401932, -7.76752]}}, {"type": "Feature", "properties": {"device": "90189944-6c95-40f2-94cd-04cea2c57a46", "idx": 22, "time": "04:47:07", "tsec": 17227, "speed_kmh": 0.0}, "geometry": {"type": "Point", "coordinates": [110.401932, -7.76751]}}, {"type": "Feature", "properties": {"device": "90189944-6c95-40f2-94cd-04cea2c57a46", "idx": 23, "time": "04:47:07", "tsec": 17227, "speed_kmh": 0.0}, "geometry": {"type": "Point", "coordinates": [110.401932, -7.76752]}}, {"type": "Feature", "properties": {"device": "90189944-6c95-40f2-94cd-04cea2c57a46", "idx": 24, "time": "04:47:07", "tsec": 17227, "speed_kmh": 0.0}, "geometry": {"type": "Point", "coordinates": [110.401932, -7.767503]}}, {"type": "Feature", "properties": {"device": "90189944-6c95-40f2-94cd-04cea2c57a46", "idx": 25, "time": "04:47:07", "tsec": 17227, "speed_kmh": 0.0}, "geometry": {"type": "Point", "coordinates": [110.401932, -7.76751]}}, {"type": "Feature", "properties": {"device": "90189944-6c95-40f2-94cd-04cea2c57a46", "idx": 26, "time": "04:47:07", "tsec": 17227, "speed_kmh": 0.0}, "geometry": {"type": "Point", "coordinates": [110.401932, -7.76751]}}, {"type": "Feature", "properties": {"device": "90189944-6c95-40f2-94cd-04cea2c57a46", "idx": 27, "time": "04:47:07", "tsec": 17227, "speed_kmh": 0.0}, "geometry": {"type": "Point", "coordinates": [110.401932, -7.76752]}}, {"type": "Feature", "properties": {"device": "90189944-6c95-40f2-94cd-04cea2c57a46", "idx": 28, "time": "04:47:07", "tsec": 17227, "speed_kmh": 0.0}, "geometry": {"type": "Point", "coordinates": [110.401932, -7.76751]}}, {"type": "Feature", "properties": {"device": "90189944-6c95-40f2-94cd-04cea2c57a46", "idx": 29, "time": "04:47:07", "tsec": 17227, "speed_kmh": 0.0}, "geometry": {"type": "Point", "coordinates": [110.401932, -7.76751]}}, {"type": "Feature", "properties": {"device": "90189944-6c95-40f2-94cd-04cea2c57a46", "idx": 30, "time": "04:47:07", "tsec": 17227, "speed_kmh": 0.0}, "geometry": {"type": "Point", "coordinates": [110.401932, -7.767503]}}, {"type": "Feature", "properties": {"device": "90189944-6c95-40f2-94cd-04cea2c57a46", "idx": 31, "time": "04:47:07", "tsec": 17227, "speed_kmh": 0.0}, "geometry": {"type": "Point", "coordinates": [110.401932, -7.76752]}}, {"type": "Feature", "properties": {"device": "90189944-6c95-40f2-94cd-04cea2c57a46", "idx": 32, "time": "04:47:07", "tsec": 17227, "speed_kmh": 0.0}, "geometry": {"type": "Point", "coordinates": [110.401932, -7.76751]}}, {"type": "Feature", "properties": {"device": "90189944-6c95-40f2-94cd-04cea2c57a46", "idx": 33, "time": "04:47:07", "tsec": 17227, "speed_kmh": 0.0}, "geometry": {"type": "Point", "coordinates": [110.401932, -7.76751]}}, {"type": "Feature", "properties": {"device": "90189944-6c95-40f2-94cd-04cea2c57a46", "idx": 34, "time": "04:47:36", "tsec": 17256, "speed_kmh": 0.1}, "geometry": {"type": "Point", "coordinates": [110.401932, -7.767503]}}, {"type": "Feature", "properties": {"device": "90189944-6c95-40f2-94cd-04cea2c57a46", "idx": 35, "time": "04:47:57", "tsec": 17277, "speed_kmh": 0.2}, "geometry": {"type": "Point", "coordinates": [110.401939, -7.76751]}}, {"type": "Feature", "properties": {"device": "90189944-6c95-40f2-94cd-04cea2c57a46", "idx": 36, "time": "04:47:57", "tsec": 17277, "speed_kmh": 0.0}, "geometry": {"type": "Point", "coordinates": [110.401939, -7.76752]}}, {"type": "Feature", "properties": {"device": "90189944-6c95-40f2-94cd-04cea2c57a46", "idx": 37, "time": "04:47:57", "tsec": 17277, "speed_kmh": 0.0}, "geometry": {"type": "Point", "coordinates": [110.401939, -7.76751]}}, {"type": "Feature", "properties": {"device": "90189944-6c95-40f2-94cd-04cea2c57a46", "idx": 38, "time": "04:47:57", "tsec": 17277, "speed_kmh": 0.0}, "geometry": {"type": "Point", "coordinates": [110.401939, -7.76751]}}, {"type": "Feature", "properties": {"device": "90189944-6c95-40f2-94cd-04cea2c57a46", "idx": 39, "time": "04:47:57", "tsec": 17277, "speed_kmh": 0.0}, "geometry": {"type": "Point", "coordinates": [110.401939, -7.76752]}}, {"type": "Feature", "properties": {"device": "90189944-6c95-40f2-94cd-04cea2c57a46", "idx": 40, "time": "04:47:57", "tsec": 17277, "speed_kmh": 0.0}, "geometry": {"type": "Point", "coordinates": [110.401939, -7.76752]}}, {"type": "Feature", "properties": {"device": "90189944-6c95-40f2-94cd-04cea2c57a46", "idx": 41, "time": "04:47:57", "tsec": 17277, "speed_kmh": 0.0}, "geometry": {"type": "Point", "coordinates": [110.401939, -7.76751]}}, {"type": "Feature", "properties": {"device": "90189944-6c95-40f2-94cd-04cea2c57a46", "idx": 42, "time": "07:35:06", "tsec": 27306, "speed_kmh": 0.0}, "geometry": {"type": "Point", "coordinates": [110.401932, -7.767503]}}, {"type": "Feature", "properties": {"device": "90189944-6c95-40f2-94cd-04cea2c57a46", "idx": 43, "time": "07:35:06", "tsec": 27306, "speed_kmh": 0.0}, "geometry": {"type": "Point", "coordinates": [110.401932, -7.767503]}}, {"type": "Feature", "properties": {"device": "90189944-6c95-40f2-94cd-04cea2c57a46", "idx": 44, "time": "07:45:55", "tsec": 27955, "speed_kmh": 27.5}, "geometry": {"type": "Point", "coordinates": [110.365326, -7.793485]}}, {"type": "Feature", "properties": {"device": "90189944-6c95-40f2-94cd-04cea2c57a46", "idx": 45, "time": "07:45:55", "tsec": 27955, "speed_kmh": 0.0}, "geometry": {"type": "Point", "coordinates": [110.365326, -7.793485]}}, {"type": "Feature", "properties": {"device": "90189944-6c95-40f2-94cd-04cea2c57a46", "idx": 46, "time": "07:47:38", "tsec": 28058, "speed_kmh": 0.1}, "geometry": {"type": "Point", "coordinates": [110.365311, -7.79348]}}, {"type": "Feature", "properties": {"device": "90189944-6c95-40f2-94cd-04cea2c57a46", "idx": 47, "time": "07:47:38", "tsec": 28058, "speed_kmh": 0.0}, "geometry": {"type": "Point", "coordinates": [110.365318, -7.79347]}}, {"type": "Feature", "properties": {"device": "90189944-6c95-40f2-94cd-04cea2c57a46", "idx": 48, "time": "07:47:38", "tsec": 28058, "speed_kmh": 0.0}, "geometry": {"type": "Point", "coordinates": [110.365318, -7.79347]}}, {"type": "Feature", "properties": {"device": "90189944-6c95-40f2-94cd-04cea2c57a46", "idx": 49, "time": "07:47:48", "tsec": 28068, "speed_kmh": 0.0}, "geometry": {"type": "Point", "coordinates": [110.365318, -7.79347]}}, {"type": "Feature", "properties": {"device": "90189944-6c95-40f2-94cd-04cea2c57a46", "idx": 50, "time": "07:47:48", "tsec": 28068, "speed_kmh": 0.0}, "geometry": {"type": "Point", "coordinates": [110.365326, -7.793485]}}, {"type": "Feature", "properties": {"device": "90189944-6c95-40f2-94cd-04cea2c57a46", "idx": 51, "time": "07:47:48", "tsec": 28068, "speed_kmh": 0.0}, "geometry": {"type": "Point", "coordinates": [110.365311, -7.79348]}}, {"type": "Feature", "properties": {"device": "90189944-6c95-40f2-94cd-04cea2c57a46", "idx": 52, "time": "07:47:48", "tsec": 28068, "speed_kmh": 0.0}, "geometry": {"type": "Point", "coordinates": [110.365326, -7.793485]}}, {"type": "Feature", "properties": {"device": "90189944-6c95-40f2-94cd-04cea2c57a46", "idx": 53, "time": "07:47:48", "tsec": 28068, "speed_kmh": 0.0}, "geometry": {"type": "Point", "coordinates": [110.365326, -7.793485]}}, {"type": "Feature", "properties": {"device": "90189944-6c95-40f2-94cd-04cea2c57a46", "idx": 54, "time": "07:47:48", "tsec": 28068, "speed_kmh": 0.0}, "geometry": {"type": "Point", "coordinates": [110.365311, -7.79348]}}, {"type": "Feature", "properties": {"device": "90189944-6c95-40f2-94cd-04cea2c57a46", "idx": 55, "time": "07:47:48", "tsec": 28068, "speed_kmh": 0.0}, "geometry": {"type": "Point", "coordinates": [110.365326, -7.793485]}}, {"type": "Feature", "properties": {"device": "90189944-6c95-40f2-94cd-04cea2c57a46", "idx": 56, "time": "07:47:48", "tsec": 28068, "speed_kmh": 0.0}, "geometry": {"type": "Point", "coordinates": [110.365326, -7.793485]}}, {"type": "Feature", "properties": {"device": "90189944-6c95-40f2-94cd-04cea2c57a46", "idx": 57, "time": "07:47:48", "tsec": 28068, "speed_kmh": 0.0}, "geometry": {"type": "Point", "coordinates": [110.365311, -7.79348]}}, {"type": "Feature", "properties": {"device": "90189944-6c95-40f2-94cd-04cea2c57a46", "idx": 58, "time": "07:47:48", "tsec": 28068, "speed_kmh": 0.0}, "geometry": {"type": "Point", "coordinates": [110.365311, -7.79348]}}, {"type": "Feature", "properties": {"device": "90189944-6c95-40f2-94cd-04cea2c57a46", "idx": 59, "time": "07:47:48", "tsec": 28068, "speed_kmh": 0.0}, "geometry": {"type": "Point", "coordinates": [110.365311, -7.79348]}}, {"type": "Feature", "properties": {"device": "90189944-6c95-40f2-94cd-04cea2c57a46", "idx": 60, "time": "07:47:48", "tsec": 28068, "speed_kmh": 0.0}, "geometry": {"type": "Point", "coordinates": [110.365311, -7.79348]}}, {"type": "Feature", "properties": {"device": "90189944-6c95-40f2-94cd-04cea2c57a46", "idx": 61, "time": "07:47:48", "tsec": 28068, "speed_kmh": 0.0}, "geometry": {"type": "Point", "coordinates": [110.365326, -7.793485]}}, {"type": "Feature", "properties": {"device": "90189944-6c95-40f2-94cd-04cea2c57a46", "idx": 62, "time": "07:49:01", "tsec": 28141, "speed_kmh": 0.0}, "geometry": {"type": "Point", "coordinates": [110.365326, -7.793485]}}, {"type": "Feature", "properties": {"device": "90189944-6c95-40f2-94cd-04cea2c57a46", "idx": 63, "time": "07:49:01", "tsec": 28141, "speed_kmh": 0.0}, "geometry": {"type": "Point", "coordinates": [110.365326, -7.793485]}}, {"type": "Feature", "properties": {"device": "90189944-6c95-40f2-94cd-04cea2c57a46", "idx": 64, "time": "07:49:01", "tsec": 28141, "speed_kmh": 0.0}, "geometry": {"type": "Point", "coordinates": [110.365311, -7.79348]}}, {"type": "Feature", "properties": {"device": "90189944-6c95-40f2-94cd-04cea2c57a46", "idx": 65, "time": "07:49:01", "tsec": 28141, "speed_kmh": 0.0}, "geometry": {"type": "Point", "coordinates": [110.365326, -7.793485]}}, {"type": "Feature", "properties": {"device": "90189944-6c95-40f2-94cd-04cea2c57a46", "idx": 66, "time": "07:49:01", "tsec": 28141, "speed_kmh": 0.0}, "geometry": {"type": "Point", "coordinates": [110.365326, -7.793485]}}, {"type": "Feature", "properties": {"device": "90189944-6c95-40f2-94cd-04cea2c57a46", "idx": 67, "time": "07:49:01", "tsec": 28141, "speed_kmh": 0.0}, "geometry": {"type": "Point", "coordinates": [110.365318, -7.79347]}}, {"type": "Feature", "properties": {"device": "90189944-6c95-40f2-94cd-04cea2c57a46", "idx": 68, "time": "07:49:27", "tsec": 28167, "speed_kmh": 0.3}, "geometry": {"type": "Point", "coordinates": [110.365326, -7.793485]}}, {"type": "Feature", "properties": {"device": "90189944-6c95-40f2-94cd-04cea2c57a46", "idx": 69, "time": "07:49:52", "tsec": 28192, "speed_kmh": 0.3}, "geometry": {"type": "Point", "coordinates": [110.365311, -7.79348]}}, {"type": "Feature", "properties": {"device": "90189944-6c95-40f2-94cd-04cea2c57a46", "idx": 70, "time": "07:49:52", "tsec": 28192, "speed_kmh": 0.0}, "geometry": {"type": "Point", "coordinates": [110.365311, -7.79348]}}, {"type": "Feature", "properties": {"device": "90189944-6c95-40f2-94cd-04cea2c57a46", "idx": 71, "time": "07:49:52", "tsec": 28192, "speed_kmh": 0.0}, "geometry": {"type": "Point", "coordinates": [110.365311, -7.79348]}}, {"type": "Feature", "properties": {"device": "90189944-6c95-40f2-94cd-04cea2c57a46", "idx": 72, "time": "07:49:52", "tsec": 28192, "speed_kmh": 0.0}, "geometry": {"type": "Point", "coordinates": [110.365318, -7.793476]}}, {"type": "Feature", "properties": {"device": "90189944-6c95-40f2-94cd-04cea2c57a46", "idx": 73, "time": "07:49:52", "tsec": 28192, "speed_kmh": 0.0}, "geometry": {"type": "Point", "coordinates": [110.365311, -7.79348]}}, {"type": "Feature", "properties": {"device": "90189944-6c95-40f2-94cd-04cea2c57a46", "idx": 74, "time": "07:49:52", "tsec": 28192, "speed_kmh": 0.0}, "geometry": {"type": "Point", "coordinates": [110.365311, -7.79348]}}, {"type": "Feature", "properties": {"device": "90189944-6c95-40f2-94cd-04cea2c57a46", "idx": 75, "time": "07:49:52", "tsec": 28192, "speed_kmh": 0.0}, "geometry": {"type": "Point", "coordinates": [110.365311, -7.79348]}}, {"type": "Feature", "properties": {"device": "90189944-6c95-40f2-94cd-04cea2c57a46", "idx": 76, "time": "07:49:52", "tsec": 28192, "speed_kmh": 0.0}, "geometry": {"type": "Point", "coordinates": [110.365311, -7.79348]}}, {"type": "Feature", "properties": {"device": "90189944-6c95-40f2-94cd-04cea2c57a46", "idx": 77, "time": "07:49:52", "tsec": 28192, "speed_kmh": 0.0}, "geometry": {"type": "Point", "coordinates": [110.365311, -7.79348]}}, {"type": "Feature", "properties": {"device": "90189944-6c95-40f2-94cd-04cea2c57a46", "idx": 78, "time": "07:49:52", "tsec": 28192, "speed_kmh": 0.0}, "geometry": {"type": "Point", "coordinates": [110.365311, -7.79348]}}, {"type": "Feature", "properties": {"device": "90189944-6c95-40f2-94cd-04cea2c57a46", "idx": 79, "time": "07:49:52", "tsec": 28192, "speed_kmh": 0.0}, "geometry": {"type": "Point", "coordinates": [110.365311, -7.79348]}}, {"type": "Feature", "properties": {"device": "90189944-6c95-40f2-94cd-04cea2c57a46", "idx": 80, "time": "07:49:52", "tsec": 28192, "speed_kmh": 0.0}, "geometry": {"type": "Point", "coordinates": [110.365311, -7.79348]}}, {"type": "Feature", "properties": {"device": "90189944-6c95-40f2-94cd-04cea2c57a46", "idx": 81, "time": "07:49:52", "tsec": 28192, "speed_kmh": 0.0}, "geometry": {"type": "Point", "coordinates": [110.365311, -7.79348]}}, {"type": "Feature", "properties": {"device": "90189944-6c95-40f2-94cd-04cea2c57a46", "idx": 82, "time": "07:49:52", "tsec": 28192, "speed_kmh": 0.0}, "geometry": {"type": "Point", "coordinates": [110.365311, -7.79348]}}, {"type": "Feature", "properties": {"device": "90189944-6c95-40f2-94cd-04cea2c57a46", "idx": 83, "time": "07:49:52", "tsec": 28192, "speed_kmh": 0.0}, "geometry": {"type": "Point", "coordinates": [110.365311, -7.79348]}}, {"type": "Feature", "properties": {"device": "90189944-6c95-40f2-94cd-04cea2c57a46", "idx": 84, "time": "07:49:52", "tsec": 28192, "speed_kmh": 0.0}, "geometry": {"type": "Point", "coordinates": [110.365311, -7.79348]}}, {"type": "Feature", "properties": {"device": "90189944-6c95-40f2-94cd-04cea2c57a46", "idx": 85, "time": "07:49:52", "tsec": 28192, "speed_kmh": 0.0}, "geometry": {"type": "Point", "coordinates": [110.365318, -7.793476]}}, {"type": "Feature", "properties": {"device": "90189944-6c95-40f2-94cd-04cea2c57a46", "idx": 86, "time": "07:49:52", "tsec": 28192, "speed_kmh": 0.0}, "geometry": {"type": "Point", "coordinates": [110.365311, -7.79348]}}, {"type": "Feature", "properties": {"device": "90189944-6c95-40f2-94cd-04cea2c57a46", "idx": 87, "time": "07:49:52", "tsec": 28192, "speed_kmh": 0.0}, "geometry": {"type": "Point", "coordinates": [110.365311, -7.79348]}}, {"type": "Feature", "properties": {"device": "90189944-6c95-40f2-94cd-04cea2c57a46", "idx": 88, "time": "07:49:52", "tsec": 28192, "speed_kmh": 0.0}, "geometry": {"type": "Point", "coordinates": [110.365311, -7.79348]}}, {"type": "Feature", "properties": {"device": "90189944-6c95-40f2-94cd-04cea2c57a46", "idx": 89, "time": "07:50:12", "tsec": 28212, "speed_kmh": 0.3}, "geometry": {"type": "Point", "coordinates": [110.365326, -7.793485]}}, {"type": "Feature", "properties": {"device": "90189944-6c95-40f2-94cd-04cea2c57a46", "idx": 90, "time": "07:51:43", "tsec": 28303, "speed_kmh": 0.0}, "geometry": {"type": "Point", "coordinates": [110.365326, -7.793485]}}, {"type": "Feature", "properties": {"device": "90189944-6c95-40f2-94cd-04cea2c57a46", "idx": 91, "time": "07:52:29", "tsec": 28349, "speed_kmh": 0.1}, "geometry": {"type": "Point", "coordinates": [110.365318, -7.79349]}}, {"type": "Feature", "properties": {"device": "90189944-6c95-40f2-94cd-04cea2c57a46", "idx": 92, "time": "07:52:29", "tsec": 28349, "speed_kmh": 0.0}, "geometry": {"type": "Point", "coordinates": [110.365318, -7.79349]}}, {"type": "Feature", "properties": {"device": "90189944-6c95-40f2-94cd-04cea2c57a46", "idx": 93, "time": "07:52:29", "tsec": 28349, "speed_kmh": 0.0}, "geometry": {"type": "Point", "coordinates": [110.365318, -7.79349]}}, {"type": "Feature", "properties": {"device": "90189944-6c95-40f2-94cd-04cea2c57a46", "idx": 94, "time": "07:52:29", "tsec": 28349, "speed_kmh": 0.0}, "geometry": {"type": "Point", "coordinates": [110.365318, -7.79349]}}, {"type": "Feature", "properties": {"device": "90189944-6c95-40f2-94cd-04cea2c57a46", "idx": 95, "time": "07:52:29", "tsec": 28349, "speed_kmh": 0.0}, "geometry": {"type": "Point", "coordinates": [110.365318, -7.79349]}}, {"type": "Feature", "properties": {"device": "90189944-6c95-40f2-94cd-04cea2c57a46", "idx": 96, "time": "07:52:29", "tsec": 28349, "speed_kmh": 0.0}, "geometry": {"type": "Point", "coordinates": [110.365318, -7.79349]}}, {"type": "Feature", "properties": {"device": "90189944-6c95-40f2-94cd-04cea2c57a46", "idx": 97, "time": "07:52:29", "tsec": 28349, "speed_kmh": 0.0}, "geometry": {"type": "Point", "coordinates": [110.365318, -7.79349]}}, {"type": "Feature", "properties": {"device": "90189944-6c95-40f2-94cd-04cea2c57a46", "idx": 98, "time": "07:52:29", "tsec": 28349, "speed_kmh": 0.0}, "geometry": {"type": "Point", "coordinates": [110.365318, -7.79349]}}, {"type": "Feature", "properties": {"device": "90189944-6c95-40f2-94cd-04cea2c57a46", "idx": 99, "time": "07:52:29", "tsec": 28349, "speed_kmh": 0.0}, "geometry": {"type": "Point", "coordinates": [110.365318, -7.79349]}}, {"type": "Feature", "properties": {"device": "90189944-6c95-40f2-94cd-04cea2c57a46", "idx": 100, "time": "07:52:29", "tsec": 28349, "speed_kmh": 0.0}, "geometry": {"type": "Point", "coordinates": [110.365326, -7.793485]}}, {"type": "Feature", "properties": {"device": "90189944-6c95-40f2-94cd-04cea2c57a46", "idx": 101, "time": "07:53:09", "tsec": 28389, "speed_kmh": 0.1}, "geometry": {"type": "Point", "coordinates": [110.365318, -7.79349]}}, {"type": "Feature", "properties": {"device": "90189944-6c95-40f2-94cd-04cea2c57a46", "idx": 102, "time": "07:53:09", "tsec": 28389, "speed_kmh": 0.0}, "geometry": {"type": "Point", "coordinates": [110.365311, -7.79349]}}, {"type": "Feature", "properties": {"device": "90189944-6c95-40f2-94cd-04cea2c57a46", "idx": 103, "time": "07:53:09", "tsec": 28389, "speed_kmh": 0.0}, "geometry": {"type": "Point", "coordinates": [110.365311, -7.79349]}}, {"type": "Feature", "properties": {"device": "90189944-6c95-40f2-94cd-04cea2c57a46", "idx": 104, "time": "07:53:09", "tsec": 28389, "speed_kmh": 0.0}, "geometry": {"type": "Point", "coordinates": [110.365311, -7.79349]}}, {"type": "Feature", "properties": {"device": "90189944-6c95-40f2-94cd-04cea2c57a46", "idx": 105, "time": "07:53:09", "tsec": 28389, "speed_kmh": 0.0}, "geometry": {"type": "Point", "coordinates": [110.365311, -7.79349]}}, {"type": "Feature", "properties": {"device": "90189944-6c95-40f2-94cd-04cea2c57a46", "idx": 106, "time": "07:53:09", "tsec": 28389, "speed_kmh": 0.0}, "geometry": {"type": "Point", "coordinates": [110.365326, -7.793485]}}, {"type": "Feature", "properties": {"device": "90189944-6c95-40f2-94cd-04cea2c57a46", "idx": 107, "time": "07:53:09", "tsec": 28389, "speed_kmh": 0.0}, "geometry": {"type": "Point", "coordinates": [110.365311, -7.79349]}}, {"type": "Feature", "properties": {"device": "90189944-6c95-40f2-94cd-04cea2c57a46", "idx": 108, "time": "07:53:09", "tsec": 28389, "speed_kmh": 0.0}, "geometry": {"type": "Point", "coordinates": [110.365326, -7.793485]}}, {"type": "Feature", "properties": {"device": "90189944-6c95-40f2-94cd-04cea2c57a46", "idx": 109, "time": "07:53:09", "tsec": 28389, "speed_kmh": 0.0}, "geometry": {"type": "Point", "coordinates": [110.365326, -7.793485]}}, {"type": "Feature", "properties": {"device": "90189944-6c95-40f2-94cd-04cea2c57a46", "idx": 110, "time": "07:53:09", "tsec": 28389, "speed_kmh": 0.0}, "geometry": {"type": "Point", "coordinates": [110.365326, -7.793485]}}, {"type": "Feature", "properties": {"device": "90189944-6c95-40f2-94cd-04cea2c57a46", "idx": 111, "time": "07:53:09", "tsec": 28389, "speed_kmh": 0.0}, "geometry": {"type": "Point", "coordinates": [110.365311, -7.79349]}}, {"type": "Feature", "properties": {"device": "90189944-6c95-40f2-94cd-04cea2c57a46", "idx": 112, "time": "07:53:09", "tsec": 28389, "speed_kmh": 0.0}, "geometry": {"type": "Point", "coordinates": [110.365311, -7.79349]}}, {"type": "Feature", "properties": {"device": "90189944-6c95-40f2-94cd-04cea2c57a46", "idx": 113, "time": "07:53:09", "tsec": 28389, "speed_kmh": 0.0}, "geometry": {"type": "Point", "coordinates": [110.365326, -7.793485]}}, {"type": "Feature", "properties": {"device": "90189944-6c95-40f2-94cd-04cea2c57a46", "idx": 114, "time": "07:53:09", "tsec": 28389, "speed_kmh": 0.0}, "geometry": {"type": "Point", "coordinates": [110.365311, -7.79349]}}, {"type": "Feature", "properties": {"device": "90189944-6c95-40f2-94cd-04cea2c57a46", "idx": 115, "time": "07:53:09", "tsec": 28389, "speed_kmh": 0.0}, "geometry": {"type": "Point", "coordinates": [110.365311, -7.79349]}}, {"type": "Feature", "properties": {"device": "90189944-6c95-40f2-94cd-04cea2c57a46", "idx": 116, "time": "07:53:09", "tsec": 28389, "speed_kmh": 0.0}, "geometry": {"type": "Point", "coordinates": [110.365311, -7.79349]}}, {"type": "Feature", "properties": {"device": "90189944-6c95-40f2-94cd-04cea2c57a46", "idx": 117, "time": "07:53:09", "tsec": 28389, "speed_kmh": 0.0}, "geometry": {"type": "Point", "coordinates": [110.365326, -7.793485]}}, {"type": "Feature", "properties": {"device": "90189944-6c95-40f2-94cd-04cea2c57a46", "idx": 118, "time": "07:53:09", "tsec": 28389, "speed_kmh": 0.0}, "geometry": {"type": "Point", "coordinates": [110.365311, -7.79349]}}, {"type": "Feature", "properties": {"device": "90189944-6c95-40f2-94cd-04cea2c57a46", "idx": 119, "time": "07:53:09", "tsec": 28389, "speed_kmh": 0.0}, "geometry": {"type": "Point", "coordinates": [110.365318, -7.79349]}}, {"type": "Feature", "properties": {"device": "90189944-6c95-40f2-94cd-04cea2c57a46", "idx": 120, "time": "07:53:59", "tsec": 28439, "speed_kmh": 0.1}, "geometry": {"type": "Point", "coordinates": [110.365311, -7.79349]}}, {"type": "Feature", "properties": {"device": "90189944-6c95-40f2-94cd-04cea2c57a46", "idx": 121, "time": "07:54:31", "tsec": 28471, "speed_kmh": 0.2}, "geometry": {"type": "Point", "coordinates": [110.365326, -7.793485]}}, {"type": "Feature", "properties": {"device": "90189944-6c95-40f2-94cd-04cea2c57a46", "idx": 122, "time": "07:55:06", "tsec": 28506, "speed_kmh": 5.8}, "geometry": {"type": "Point", "coordinates": [110.365623, -7.793894]}}, {"type": "Feature", "properties": {"device": "90189944-6c95-40f2-94cd-04cea2c57a46", "idx": 123, "time": "07:55:06", "tsec": 28506, "speed_kmh": 0.0}, "geometry": {"type": "Point", "coordinates": [110.365623, -7.793894]}}, {"type": "Feature", "properties": {"device": "90189944-6c95-40f2-94cd-04cea2c57a46", "idx": 124, "time": "07:55:06", "tsec": 28506, "speed_kmh": 0.0}, "geometry": {"type": "Point", "coordinates": [110.365623, -7.7939]}}, {"type": "Feature", "properties": {"device": "90189944-6c95-40f2-94cd-04cea2c57a46", "idx": 125, "time": "07:55:06", "tsec": 28506, "speed_kmh": 0.0}, "geometry": {"type": "Point", "coordinates": [110.365623, -7.7939]}}, {"type": "Feature", "properties": {"device": "90189944-6c95-40f2-94cd-04cea2c57a46", "idx": 126, "time": "07:55:06", "tsec": 28506, "speed_kmh": 0.0}, "geometry": {"type": "Point", "coordinates": [110.365623, -7.7939]}}, {"type": "Feature", "properties": {"device": "90189944-6c95-40f2-94cd-04cea2c57a46", "idx": 127, "time": "07:55:06", "tsec": 28506, "speed_kmh": 0.0}, "geometry": {"type": "Point", "coordinates": [110.365623, -7.793894]}}, {"type": "Feature", "properties": {"device": "90189944-6c95-40f2-94cd-04cea2c57a46", "idx": 128, "time": "07:55:06", "tsec": 28506, "speed_kmh": 0.0}, "geometry": {"type": "Point", "coordinates": [110.365623, -7.793894]}}, {"type": "Feature", "properties": {"device": "90189944-6c95-40f2-94cd-04cea2c57a46", "idx": 129, "time": "07:55:06", "tsec": 28506, "speed_kmh": 0.0}, "geometry": {"type": "Point", "coordinates": [110.365623, -7.7939]}}, {"type": "Feature", "properties": {"device": "90189944-6c95-40f2-94cd-04cea2c57a46", "idx": 130, "time": "07:55:06", "tsec": 28506, "speed_kmh": 0.0}, "geometry": {"type": "Point", "coordinates": [110.365623, -7.793894]}}, {"type": "Feature", "properties": {"device": "90189944-6c95-40f2-94cd-04cea2c57a46", "idx": 131, "time": "07:55:06", "tsec": 28506, "speed_kmh": 0.0}, "geometry": {"type": "Point", "coordinates": [110.365623, -7.7939]}}, {"type": "Feature", "properties": {"device": "90189944-6c95-40f2-94cd-04cea2c57a46", "idx": 132, "time": "07:55:06", "tsec": 28506, "speed_kmh": 0.0}, "geometry": {"type": "Point", "coordinates": [110.365623, -7.793894]}}, {"type": "Feature", "properties": {"device": "90189944-6c95-40f2-94cd-04cea2c57a46", "idx": 133, "time": "07:55:06", "tsec": 28506, "speed_kmh": 0.0}, "geometry": {"type": "Point", "coordinates": [110.365623, -7.793894]}}, {"type": "Feature", "properties": {"device": "90189944-6c95-40f2-94cd-04cea2c57a46", "idx": 134, "time": "07:55:06", "tsec": 28506, "speed_kmh": 0.0}, "geometry": {"type": "Point", "coordinates": [110.365623, -7.7939]}}, {"type": "Feature", "properties": {"device": "90189944-6c95-40f2-94cd-04cea2c57a46", "idx": 135, "time": "07:55:06", "tsec": 28506, "speed_kmh": 0.0}, "geometry": {"type": "Point", "coordinates": [110.365623, -7.793894]}}, {"type": "Feature", "properties": {"device": "90189944-6c95-40f2-94cd-04cea2c57a46", "idx": 136, "time": "07:55:06", "tsec": 28506, "speed_kmh": 0.0}, "geometry": {"type": "Point", "coordinates": [110.365623, -7.793894]}}, {"type": "Feature", "properties": {"device": "90189944-6c95-40f2-94cd-04cea2c57a46", "idx": 137, "time": "07:55:06", "tsec": 28506, "speed_kmh": 0.0}, "geometry": {"type": "Point", "coordinates": [110.365623, -7.793894]}}, {"type": "Feature", "properties": {"device": "90189944-6c95-40f2-94cd-04cea2c57a46", "idx": 138, "time": "07:55:06", "tsec": 28506, "speed_kmh": 0.0}, "geometry": {"type": "Point", "coordinates": [110.365623, -7.793894]}}, {"type": "Feature", "properties": {"device": "90189944-6c95-40f2-94cd-04cea2c57a46", "idx": 139, "time": "07:55:06", "tsec": 28506, "speed_kmh": 0.0}, "geometry": {"type": "Point", "coordinates": [110.365623, -7.7939]}}, {"type": "Feature", "properties": {"device": "90189944-6c95-40f2-94cd-04cea2c57a46", "idx": 140, "time": "07:55:06", "tsec": 28506, "speed_kmh": 0.0}, "geometry": {"type": "Point", "coordinates": [110.365623, -7.793894]}}, {"type": "Feature", "properties": {"device": "90189944-6c95-40f2-94cd-04cea2c57a46", "idx": 141, "time": "07:55:06", "tsec": 28506, "speed_kmh": 0.0}, "geometry": {"type": "Point", "coordinates": [110.365623, -7.7939]}}, {"type": "Feature", "properties": {"device": "90189944-6c95-40f2-94cd-04cea2c57a46", "idx": 142, "time": "07:55:06", "tsec": 28506, "speed_kmh": 0.0}, "geometry": {"type": "Point", "coordinates": [110.365623, -7.793894]}}, {"type": "Feature", "properties": {"device": "90189944-6c95-40f2-94cd-04cea2c57a46", "idx": 143, "time": "07:55:06", "tsec": 28506, "speed_kmh": 0.0}, "geometry": {"type": "Point", "coordinates": [110.365623, -7.793894]}}, {"type": "Feature", "properties": {"device": "90189944-6c95-40f2-94cd-04cea2c57a46", "idx": 144, "time": "07:55:06", "tsec": 28506, "speed_kmh": 0.0}, "geometry": {"type": "Point", "coordinates": [110.365608, -7.7939]}}, {"type": "Feature", "properties": {"device": "90189944-6c95-40f2-94cd-04cea2c57a46", "idx": 145, "time": "07:55:06", "tsec": 28506, "speed_kmh": 0.0}, "geometry": {"type": "Point", "coordinates": [110.365623, -7.7939]}}, {"type": "Feature", "properties": {"device": "90189944-6c95-40f2-94cd-04cea2c57a46", "idx": 146, "time": "07:55:06", "tsec": 28506, "speed_kmh": 0.0}, "geometry": {"type": "Point", "coordinates": [110.365623, -7.7939]}}, {"type": "Feature", "properties": {"device": "90189944-6c95-40f2-94cd-04cea2c57a46", "idx": 147, "time": "07:55:56", "tsec": 28556, "speed_kmh": 0.1}, "geometry": {"type": "Point", "coordinates": [110.365608, -7.7939]}}, {"type": "Feature", "properties": {"device": "90189944-6c95-40f2-94cd-04cea2c57a46", "idx": 148, "time": "07:55:56", "tsec": 28556, "speed_kmh": 0.0}, "geometry": {"type": "Point", "coordinates": [110.365608, -7.7939]}}, {"type": "Feature", "properties": {"device": "90189944-6c95-40f2-94cd-04cea2c57a46", "idx": 149, "time": "07:55:56", "tsec": 28556, "speed_kmh": 0.0}, "geometry": {"type": "Point", "coordinates": [110.365608, -7.7939]}}, {"type": "Feature", "properties": {"device": "90189944-6c95-40f2-94cd-04cea2c57a46", "idx": 150, "time": "07:55:56", "tsec": 28556, "speed_kmh": 0.0}, "geometry": {"type": "Point", "coordinates": [110.365608, -7.7939]}}, {"type": "Feature", "properties": {"device": "90189944-6c95-40f2-94cd-04cea2c57a46", "idx": 151, "time": "07:55:56", "tsec": 28556, "speed_kmh": 0.0}, "geometry": {"type": "Point", "coordinates": [110.365608, -7.7939]}}, {"type": "Feature", "properties": {"device": "90189944-6c95-40f2-94cd-04cea2c57a46", "idx": 152, "time": "07:55:56", "tsec": 28556, "speed_kmh": 0.0}, "geometry": {"type": "Point", "coordinates": [110.365623, -7.7939]}}, {"type": "Feature", "properties": {"device": "90189944-6c95-40f2-94cd-04cea2c57a46", "idx": 153, "time": "07:55:56", "tsec": 28556, "speed_kmh": 0.0}, "geometry": {"type": "Point", "coordinates": [110.365608, -7.7939]}}, {"type": "Feature", "properties": {"device": "90189944-6c95-40f2-94cd-04cea2c57a46", "idx": 154, "time": "07:55:56", "tsec": 28556, "speed_kmh": 0.0}, "geometry": {"type": "Point", "coordinates": [110.365608, -7.7939]}}, {"type": "Feature", "properties": {"device": "90189944-6c95-40f2-94cd-04cea2c57a46", "idx": 155, "time": "07:55:56", "tsec": 28556, "speed_kmh": 0.0}, "geometry": {"type": "Point", "coordinates": [110.365608, -7.7939]}}, {"type": "Feature", "properties": {"device": "90189944-6c95-40f2-94cd-04cea2c57a46", "idx": 156, "time": "07:55:56", "tsec": 28556, "speed_kmh": 0.0}, "geometry": {"type": "Point", "coordinates": [110.365608, -7.7939]}}, {"type": "Feature", "properties": {"device": "90189944-6c95-40f2-94cd-04cea2c57a46", "idx": 157, "time": "07:55:56", "tsec": 28556, "speed_kmh": 0.0}, "geometry": {"type": "Point", "coordinates": [110.365608, -7.7939]}}, {"type": "Feature", "properties": {"device": "90189944-6c95-40f2-94cd-04cea2c57a46", "idx": 158, "time": "07:55:56", "tsec": 28556, "speed_kmh": 0.0}, "geometry": {"type": "Point", "coordinates": [110.365623, -7.793894]}}, {"type": "Feature", "properties": {"device": "90189944-6c95-40f2-94cd-04cea2c57a46", "idx": 159, "time": "07:56:19", "tsec": 28579, "speed_kmh": 0.0}, "geometry": {"type": "Point", "coordinates": [110.365623, -7.793894]}}, {"type": "Feature", "properties": {"device": "90189944-6c95-40f2-94cd-04cea2c57a46", "idx": 160, "time": "07:58:42", "tsec": 28722, "speed_kmh": 0.0}, "geometry": {"type": "Point", "coordinates": [110.365623, -7.793894]}}, {"type": "Feature", "properties": {"device": "90189944-6c95-40f2-94cd-04cea2c57a46", "idx": 161, "time": "07:58:42", "tsec": 28722, "speed_kmh": 0.0}, "geometry": {"type": "Point", "coordinates": [110.365623, -7.793894]}}, {"type": "Feature", "properties": {"device": "90189944-6c95-40f2-94cd-04cea2c57a46", "idx": 162, "time": "07:59:17", "tsec": 28757, "speed_kmh": 0.0}, "geometry": {"type": "Point", "coordinates": [110.365623, -7.793894]}}, {"type": "Feature", "properties": {"device": "90189944-6c95-40f2-94cd-04cea2c57a46", "idx": 163, "time": "07:59:17", "tsec": 28757, "speed_kmh": 0.0}, "geometry": {"type": "Point", "coordinates": [110.365608, -7.7939]}}, {"type": "Feature", "properties": {"device": "90189944-6c95-40f2-94cd-04cea2c57a46", "idx": 164, "time": "07:59:17", "tsec": 28757, "speed_kmh": 0.0}, "geometry": {"type": "Point", "coordinates": [110.365608, -7.7939]}}, {"type": "Feature", "properties": {"device": "90189944-6c95-40f2-94cd-04cea2c57a46", "idx": 165, "time": "07:59:17", "tsec": 28757, "speed_kmh": 0.0}, "geometry": {"type": "Point", "coordinates": [110.365623, -7.793894]}}, {"type": "Feature", "properties": {"device": "90189944-6c95-40f2-94cd-04cea2c57a46", "idx": 166, "time": "07:59:17", "tsec": 28757, "speed_kmh": 0.0}, "geometry": {"type": "Point", "coordinates": [110.365608, -7.7939]}}, {"type": "Feature", "properties": {"device": "90189944-6c95-40f2-94cd-04cea2c57a46", "idx": 167, "time": "07:59:17", "tsec": 28757, "speed_kmh": 0.0}, "geometry": {"type": "Point", "coordinates": [110.365623, -7.793894]}}, {"type": "Feature", "properties": {"device": "90189944-6c95-40f2-94cd-04cea2c57a46", "idx": 168, "time": "07:59:27", "tsec": 28767, "speed_kmh": 0.7}, "geometry": {"type": "Point", "coordinates": [110.365608, -7.7939]}}, {"type": "Feature", "properties": {"device": "90189944-6c95-40f2-94cd-04cea2c57a46", "idx": 169, "time": "07:59:47", "tsec": 28787, "speed_kmh": 0.3}, "geometry": {"type": "Point", "coordinates": [110.365623, -7.793894]}}, {"type": "Feature", "properties": {"device": "90189944-6c95-40f2-94cd-04cea2c57a46", "idx": 170, "time": "08:07:19", "tsec": 29239, "speed_kmh": 1.3}, "geometry": {"type": "Point", "coordinates": [110.36673, -7.792945]}}, {"type": "Feature", "properties": {"device": "90189944-6c95-40f2-94cd-04cea2c57a46", "idx": 171, "time": "08:07:19", "tsec": 29239, "speed_kmh": 0.0}, "geometry": {"type": "Point", "coordinates": [110.36673, -7.792945]}}, {"type": "Feature", "properties": {"device": "90189944-6c95-40f2-94cd-04cea2c57a46", "idx": 172, "time": "08:07:36", "tsec": 29256, "speed_kmh": 0.4}, "geometry": {"type": "Point", "coordinates": [110.366737, -7.79296]}}, {"type": "Feature", "properties": {"device": "90189944-6c95-40f2-94cd-04cea2c57a46", "idx": 173, "time": "08:07:36", "tsec": 29256, "speed_kmh": 0.0}, "geometry": {"type": "Point", "coordinates": [110.366737, -7.79296]}}, {"type": "Feature", "properties": {"device": "90189944-6c95-40f2-94cd-04cea2c57a46", "idx": 174, "time": "08:07:36", "tsec": 29256, "speed_kmh": 0.0}, "geometry": {"type": "Point", "coordinates": [110.366737, -7.79296]}}, {"type": "Feature", "properties": {"device": "90189944-6c95-40f2-94cd-04cea2c57a46", "idx": 175, "time": "08:07:36", "tsec": 29256, "speed_kmh": 0.0}, "geometry": {"type": "Point", "coordinates": [110.366737, -7.79296]}}, {"type": "Feature", "properties": {"device": "90189944-6c95-40f2-94cd-04cea2c57a46", "idx": 176, "time": "08:07:36", "tsec": 29256, "speed_kmh": 0.0}, "geometry": {"type": "Point", "coordinates": [110.366737, -7.79296]}}, {"type": "Feature", "properties": {"device": "90189944-6c95-40f2-94cd-04cea2c57a46", "idx": 177, "time": "08:07:36", "tsec": 29256, "speed_kmh": 0.0}, "geometry": {"type": "Point", "coordinates": [110.366737, -7.79296]}}, {"type": "Feature", "properties": {"device": "90189944-6c95-40f2-94cd-04cea2c57a46", "idx": 178, "time": "08:07:36", "tsec": 29256, "speed_kmh": 0.0}, "geometry": {"type": "Point", "coordinates": [110.366737, -7.79296]}}, {"type": "Feature", "properties": {"device": "90189944-6c95-40f2-94cd-04cea2c57a46", "idx": 179, "time": "08:07:36", "tsec": 29256, "speed_kmh": 0.0}, "geometry": {"type": "Point", "coordinates": [110.366737, -7.79296]}}, {"type": "Feature", "properties": {"device": "90189944-6c95-40f2-94cd-04cea2c57a46", "idx": 180, "time": "08:07:36", "tsec": 29256, "speed_kmh": 0.0}, "geometry": {"type": "Point", "coordinates": [110.366737, -7.79296]}}, {"type": "Feature", "properties": {"device": "90189944-6c95-40f2-94cd-04cea2c57a46", "idx": 181, "time": "08:07:36", "tsec": 29256, "speed_kmh": 0.0}, "geometry": {"type": "Point", "coordinates": [110.366737, -7.79296]}}, {"type": "Feature", "properties": {"device": "90189944-6c95-40f2-94cd-04cea2c57a46", "idx": 182, "time": "08:07:36", "tsec": 29256, "speed_kmh": 0.0}, "geometry": {"type": "Point", "coordinates": [110.36673, -7.79295]}}, {"type": "Feature", "properties": {"device": "90189944-6c95-40f2-94cd-04cea2c57a46", "idx": 183, "time": "08:07:36", "tsec": 29256, "speed_kmh": 0.0}, "geometry": {"type": "Point", "coordinates": [110.366737, -7.79296]}}, {"type": "Feature", "properties": {"device": "90189944-6c95-40f2-94cd-04cea2c57a46", "idx": 184, "time": "08:07:36", "tsec": 29256, "speed_kmh": 0.0}, "geometry": {"type": "Point", "coordinates": [110.366737, -7.79296]}}, {"type": "Feature", "properties": {"device": "90189944-6c95-40f2-94cd-04cea2c57a46", "idx": 185, "time": "08:07:36", "tsec": 29256, "speed_kmh": 0.0}, "geometry": {"type": "Point", "coordinates": [110.366737, -7.79296]}}, {"type": "Feature", "properties": {"device": "90189944-6c95-40f2-94cd-04cea2c57a46", "idx": 186, "time": "08:07:36", "tsec": 29256, "speed_kmh": 0.0}, "geometry": {"type": "Point", "coordinates": [110.366737, -7.79296]}}, {"type": "Feature", "properties": {"device": "90189944-6c95-40f2-94cd-04cea2c57a46", "idx": 187, "time": "08:07:36", "tsec": 29256, "speed_kmh": 0.0}, "geometry": {"type": "Point", "coordinates": [110.366737, -7.79296]}}, {"type": "Feature", "properties": {"device": "90189944-6c95-40f2-94cd-04cea2c57a46", "idx": 188, "time": "08:07:36", "tsec": 29256, "speed_kmh": 0.0}, "geometry": {"type": "Point", "coordinates": [110.366737, -7.79296]}}, {"type": "Feature", "properties": {"device": "90189944-6c95-40f2-94cd-04cea2c57a46", "idx": 189, "time": "08:07:36", "tsec": 29256, "speed_kmh": 0.0}, "geometry": {"type": "Point", "coordinates": [110.366737, -7.792936]}}, {"type": "Feature", "properties": {"device": "90189944-6c95-40f2-94cd-04cea2c57a46", "idx": 190, "time": "08:07:36", "tsec": 29256, "speed_kmh": 0.0}, "geometry": {"type": "Point", "coordinates": [110.366737, -7.79296]}}, {"type": "Feature", "properties": {"device": "90189944-6c95-40f2-94cd-04cea2c57a46", "idx": 191, "time": "08:07:46", "tsec": 29266, "speed_kmh": 0.5}, "geometry": {"type": "Point", "coordinates": [110.36673, -7.79295]}}, {"type": "Feature", "properties": {"device": "90189944-6c95-40f2-94cd-04cea2c57a46", "idx": 192, "time": "08:07:46", "tsec": 29266, "speed_kmh": 0.0}, "geometry": {"type": "Point", "coordinates": [110.366737, -7.79296]}}, {"type": "Feature", "properties": {"device": "90189944-6c95-40f2-94cd-04cea2c57a46", "idx": 193, "time": "08:07:46", "tsec": 29266, "speed_kmh": 0.0}, "geometry": {"type": "Point", "coordinates": [110.36673, -7.79295]}}, {"type": "Feature", "properties": {"device": "90189944-6c95-40f2-94cd-04cea2c57a46", "idx": 194, "time": "08:07:46", "tsec": 29266, "speed_kmh": 0.0}, "geometry": {"type": "Point", "coordinates": [110.36673, -7.79295]}}, {"type": "Feature", "properties": {"device": "90189944-6c95-40f2-94cd-04cea2c57a46", "idx": 195, "time": "08:08:13", "tsec": 29293, "speed_kmh": 0.2}, "geometry": {"type": "Point", "coordinates": [110.366737, -7.79296]}}, {"type": "Feature", "properties": {"device": "90189944-6c95-40f2-94cd-04cea2c57a46", "idx": 196, "time": "08:08:13", "tsec": 29293, "speed_kmh": 0.0}, "geometry": {"type": "Point", "coordinates": [110.366737, -7.79296]}}, {"type": "Feature", "properties": {"device": "90189944-6c95-40f2-94cd-04cea2c57a46", "idx": 197, "time": "08:08:13", "tsec": 29293, "speed_kmh": 0.0}, "geometry": {"type": "Point", "coordinates": [110.36673, -7.79293]}}, {"type": "Feature", "properties": {"device": "90189944-6c95-40f2-94cd-04cea2c57a46", "idx": 198, "time": "08:08:13", "tsec": 29293, "speed_kmh": 0.0}, "geometry": {"type": "Point", "coordinates": [110.366737, -7.79296]}}, {"type": "Feature", "properties": {"device": "90189944-6c95-40f2-94cd-04cea2c57a46", "idx": 199, "time": "08:08:13", "tsec": 29293, "speed_kmh": 0.0}, "geometry": {"type": "Point", "coordinates": [110.36673, -7.79295]}}, {"type": "Feature", "properties": {"device": "90189944-6c95-40f2-94cd-04cea2c57a46", "idx": 200, "time": "08:08:13", "tsec": 29293, "speed_kmh": 0.0}, "geometry": {"type": "Point", "coordinates": [110.366737, -7.79296]}}, {"type": "Feature", "properties": {"device": "90189944-6c95-40f2-94cd-04cea2c57a46", "idx": 201, "time": "08:08:13", "tsec": 29293, "speed_kmh": 0.0}, "geometry": {"type": "Point", "coordinates": [110.366737, -7.79296]}}, {"type": "Feature", "properties": {"device": "90189944-6c95-40f2-94cd-04cea2c57a46", "idx": 202, "time": "08:08:13", "tsec": 29293, "speed_kmh": 0.0}, "geometry": {"type": "Point", "coordinates": [110.366737, -7.79296]}}, {"type": "Feature", "properties": {"device": "90189944-6c95-40f2-94cd-04cea2c57a46", "idx": 203, "time": "08:08:13", "tsec": 29293, "speed_kmh": 0.0}, "geometry": {"type": "Point", "coordinates": [110.366737, -7.79294]}}, {"type": "Feature", "properties": {"device": "90189944-6c95-40f2-94cd-04cea2c57a46", "idx": 204, "time": "08:08:24", "tsec": 29304, "speed_kmh": 0.5}, "geometry": {"type": "Point", "coordinates": [110.36673, -7.79295]}}, {"type": "Feature", "properties": {"device": "90189944-6c95-40f2-94cd-04cea2c57a46", "idx": 205, "time": "08:08:24", "tsec": 29304, "speed_kmh": 0.0}, "geometry": {"type": "Point", "coordinates": [110.36673, -7.79295]}}, {"type": "Feature", "properties": {"device": "90189944-6c95-40f2-94cd-04cea2c57a46", "idx": 206, "time": "08:08:24", "tsec": 29304, "speed_kmh": 0.0}, "geometry": {"type": "Point", "coordinates": [110.36673, -7.79295]}}, {"type": "Feature", "properties": {"device": "90189944-6c95-40f2-94cd-04cea2c57a46", "idx": 207, "time": "08:08:24", "tsec": 29304, "speed_kmh": 0.0}, "geometry": {"type": "Point", "coordinates": [110.36673, -7.79295]}}, {"type": "Feature", "properties": {"device": "90189944-6c95-40f2-94cd-04cea2c57a46", "idx": 208, "time": "08:08:49", "tsec": 29329, "speed_kmh": 0.1}, "geometry": {"type": "Point", "coordinates": [110.36673, -7.792945]}}, {"type": "Feature", "properties": {"device": "90189944-6c95-40f2-94cd-04cea2c57a46", "idx": 209, "time": "08:24:32", "tsec": 30272, "speed_kmh": 0.3}, "geometry": {"type": "Point", "coordinates": [110.366623, -7.79357]}}, {"type": "Feature", "properties": {"device": "90189944-6c95-40f2-94cd-04cea2c57a46", "idx": 210, "time": "08:24:32", "tsec": 30272, "speed_kmh": 0.0}, "geometry": {"type": "Point", "coordinates": [110.366623, -7.793583]}}, {"type": "Feature", "properties": {"device": "90189944-6c95-40f2-94cd-04cea2c57a46", "idx": 211, "time": "08:24:32", "tsec": 30272, "speed_kmh": 0.0}, "geometry": {"type": "Point", "coordinates": [110.366623, -7.793583]}}, {"type": "Feature", "properties": {"device": "90189944-6c95-40f2-94cd-04cea2c57a46", "idx": 212, "time": "08:24:32", "tsec": 30272, "speed_kmh": 0.0}, "geometry": {"type": "Point", "coordinates": [110.366623, -7.793583]}}, {"type": "Feature", "properties": {"device": "90189944-6c95-40f2-94cd-04cea2c57a46", "idx": 213, "time": "08:24:32", "tsec": 30272, "speed_kmh": 0.0}, "geometry": {"type": "Point", "coordinates": [110.366623, -7.793583]}}, {"type": "Feature", "properties": {"device": "90189944-6c95-40f2-94cd-04cea2c57a46", "idx": 214, "time": "08:24:32", "tsec": 30272, "speed_kmh": 0.0}, "geometry": {"type": "Point", "coordinates": [110.366623, -7.79357]}}, {"type": "Feature", "properties": {"device": "90189944-6c95-40f2-94cd-04cea2c57a46", "idx": 215, "time": "08:24:32", "tsec": 30272, "speed_kmh": 0.0}, "geometry": {"type": "Point", "coordinates": [110.366623, -7.793583]}}, {"type": "Feature", "properties": {"device": "90189944-6c95-40f2-94cd-04cea2c57a46", "idx": 216, "time": "08:24:32", "tsec": 30272, "speed_kmh": 0.0}, "geometry": {"type": "Point", "coordinates": [110.366623, -7.79357]}}, {"type": "Feature", "properties": {"device": "90189944-6c95-40f2-94cd-04cea2c57a46", "idx": 217, "time": "08:24:32", "tsec": 30272, "speed_kmh": 0.0}, "geometry": {"type": "Point", "coordinates": [110.366623, -7.79359]}}, {"type": "Feature", "properties": {"device": "90189944-6c95-40f2-94cd-04cea2c57a46", "idx": 218, "time": "08:24:32", "tsec": 30272, "speed_kmh": 0.0}, "geometry": {"type": "Point", "coordinates": [110.366623, -7.793583]}}, {"type": "Feature", "properties": {"device": "90189944-6c95-40f2-94cd-04cea2c57a46", "idx": 219, "time": "08:24:32", "tsec": 30272, "speed_kmh": 0.0}, "geometry": {"type": "Point", "coordinates": [110.366623, -7.793583]}}, {"type": "Feature", "properties": {"device": "90189944-6c95-40f2-94cd-04cea2c57a46", "idx": 220, "time": "08:24:32", "tsec": 30272, "speed_kmh": 0.0}, "geometry": {"type": "Point", "coordinates": [110.366623, -7.793583]}}, {"type": "Feature", "properties": {"device": "90189944-6c95-40f2-94cd-04cea2c57a46", "idx": 221, "time": "08:24:32", "tsec": 30272, "speed_kmh": 0.0}, "geometry": {"type": "Point", "coordinates": [110.366623, -7.79357]}}, {"type": "Feature", "properties": {"device": "90189944-6c95-40f2-94cd-04cea2c57a46", "idx": 222, "time": "08:24:32", "tsec": 30272, "speed_kmh": 0.0}, "geometry": {"type": "Point", "coordinates": [110.366623, -7.793583]}}, {"type": "Feature", "properties": {"device": "90189944-6c95-40f2-94cd-04cea2c57a46", "idx": 223, "time": "08:24:32", "tsec": 30272, "speed_kmh": 0.0}, "geometry": {"type": "Point", "coordinates": [110.366623, -7.79357]}}, {"type": "Feature", "properties": {"device": "90189944-6c95-40f2-94cd-04cea2c57a46", "idx": 224, "time": "08:24:32", "tsec": 30272, "speed_kmh": 0.0}, "geometry": {"type": "Point", "coordinates": [110.366623, -7.793583]}}, {"type": "Feature", "properties": {"device": "90189944-6c95-40f2-94cd-04cea2c57a46", "idx": 225, "time": "08:24:32", "tsec": 30272, "speed_kmh": 0.0}, "geometry": {"type": "Point", "coordinates": [110.366623, -7.793583]}}, {"type": "Feature", "properties": {"device": "90189944-6c95-40f2-94cd-04cea2c57a46", "idx": 226, "time": "08:24:32", "tsec": 30272, "speed_kmh": 0.0}, "geometry": {"type": "Point", "coordinates": [110.366623, -7.793583]}}, {"type": "Feature", "properties": {"device": "90189944-6c95-40f2-94cd-04cea2c57a46", "idx": 227, "time": "08:24:32", "tsec": 30272, "speed_kmh": 0.0}, "geometry": {"type": "Point", "coordinates": [110.366623, -7.793583]}}, {"type": "Feature", "properties": {"device": "90189944-6c95-40f2-94cd-04cea2c57a46", "idx": 228, "time": "08:24:32", "tsec": 30272, "speed_kmh": 0.0}, "geometry": {"type": "Point", "coordinates": [110.366623, -7.793583]}}, {"type": "Feature", "properties": {"device": "90189944-6c95-40f2-94cd-04cea2c57a46", "idx": 229, "time": "08:24:32", "tsec": 30272, "speed_kmh": 0.0}, "geometry": {"type": "Point", "coordinates": [110.366623, -7.793583]}}, {"type": "Feature", "properties": {"device": "90189944-6c95-40f2-94cd-04cea2c57a46", "idx": 230, "time": "08:24:32", "tsec": 30272, "speed_kmh": 0.0}, "geometry": {"type": "Point", "coordinates": [110.366623, -7.79357]}}, {"type": "Feature", "properties": {"device": "90189944-6c95-40f2-94cd-04cea2c57a46", "idx": 231, "time": "08:24:32", "tsec": 30272, "speed_kmh": 0.0}, "geometry": {"type": "Point", "coordinates": [110.366623, -7.79359]}}, {"type": "Feature", "properties": {"device": "90189944-6c95-40f2-94cd-04cea2c57a46", "idx": 232, "time": "08:24:32", "tsec": 30272, "speed_kmh": 0.0}, "geometry": {"type": "Point", "coordinates": [110.366623, -7.793583]}}, {"type": "Feature", "properties": {"device": "90189944-6c95-40f2-94cd-04cea2c57a46", "idx": 233, "time": "08:24:32", "tsec": 30272, "speed_kmh": 0.0}, "geometry": {"type": "Point", "coordinates": [110.366623, -7.79357]}}, {"type": "Feature", "properties": {"device": "90189944-6c95-40f2-94cd-04cea2c57a46", "idx": 234, "time": "08:24:32", "tsec": 30272, "speed_kmh": 0.0}, "geometry": {"type": "Point", "coordinates": [110.366623, -7.793583]}}, {"type": "Feature", "properties": {"device": "90189944-6c95-40f2-94cd-04cea2c57a46", "idx": 235, "time": "08:24:41", "tsec": 30281, "speed_kmh": 0.7}, "geometry": {"type": "Point", "coordinates": [110.366608, -7.79359]}}, {"type": "Feature", "properties": {"device": "90189944-6c95-40f2-94cd-04cea2c57a46", "idx": 236, "time": "08:24:41", "tsec": 30281, "speed_kmh": 0.0}, "geometry": {"type": "Point", "coordinates": [110.366608, -7.79359]}}, {"type": "Feature", "properties": {"device": "90189944-6c95-40f2-94cd-04cea2c57a46", "idx": 237, "time": "08:24:41", "tsec": 30281, "speed_kmh": 0.0}, "geometry": {"type": "Point", "coordinates": [110.366623, -7.793583]}}, {"type": "Feature", "properties": {"device": "90189944-6c95-40f2-94cd-04cea2c57a46", "idx": 238, "time": "08:24:41", "tsec": 30281, "speed_kmh": 0.0}, "geometry": {"type": "Point", "coordinates": [110.366608, -7.79359]}}, {"type": "Feature", "properties": {"device": "90189944-6c95-40f2-94cd-04cea2c57a46", "idx": 239, "time": "08:24:41", "tsec": 30281, "speed_kmh": 0.0}, "geometry": {"type": "Point", "coordinates": [110.366608, -7.79358]}}, {"type": "Feature", "properties": {"device": "90189944-6c95-40f2-94cd-04cea2c57a46", "idx": 240, "time": "08:43:59", "tsec": 31439, "speed_kmh": 0.0}, "geometry": {"type": "Point", "coordinates": [110.366623, -7.793583]}}, {"type": "Feature", "properties": {"device": "90189944-6c95-40f2-94cd-04cea2c57a46", "idx": 241, "time": "08:44:07", "tsec": 31447, "speed_kmh": 0.8}, "geometry": {"type": "Point", "coordinates": [110.366608, -7.79359]}}, {"type": "Feature", "properties": {"device": "90189944-6c95-40f2-94cd-04cea2c57a46", "idx": 242, "time": "08:44:07", "tsec": 31447, "speed_kmh": 0.0}, "geometry": {"type": "Point", "coordinates": [110.366623, -7.793583]}}, {"type": "Feature", "properties": {"device": "90189944-6c95-40f2-94cd-04cea2c57a46", "idx": 243, "time": "08:44:07", "tsec": 31447, "speed_kmh": 0.0}, "geometry": {"type": "Point", "coordinates": [110.366623, -7.793583]}}, {"type": "Feature", "properties": {"device": "90189944-6c95-40f2-94cd-04cea2c57a46", "idx": 244, "time": "08:44:07", "tsec": 31447, "speed_kmh": 0.0}, "geometry": {"type": "Point", "coordinates": [110.366608, -7.79358]}}, {"type": "Feature", "properties": {"device": "90189944-6c95-40f2-94cd-04cea2c57a46", "idx": 245, "time": "08:44:07", "tsec": 31447, "speed_kmh": 0.0}, "geometry": {"type": "Point", "coordinates": [110.366608, -7.79359]}}, {"type": "Feature", "properties": {"device": "90189944-6c95-40f2-94cd-04cea2c57a46", "idx": 246, "time": "08:44:07", "tsec": 31447, "speed_kmh": 0.0}, "geometry": {"type": "Point", "coordinates": [110.366623, -7.793583]}}, {"type": "Feature", "properties": {"device": "90189944-6c95-40f2-94cd-04cea2c57a46", "idx": 247, "time": "08:44:07", "tsec": 31447, "speed_kmh": 0.0}, "geometry": {"type": "Point", "coordinates": [110.366608, -7.79359]}}, {"type": "Feature", "properties": {"device": "90189944-6c95-40f2-94cd-04cea2c57a46", "idx": 248, "time": "08:44:07", "tsec": 31447, "speed_kmh": 0.0}, "geometry": {"type": "Point", "coordinates": [110.366623, -7.793583]}}, {"type": "Feature", "properties": {"device": "90189944-6c95-40f2-94cd-04cea2c57a46", "idx": 249, "time": "08:44:57", "tsec": 31497, "speed_kmh": 0.1}, "geometry": {"type": "Point", "coordinates": [110.366623, -7.79359]}}, {"type": "Feature", "properties": {"device": "90189944-6c95-40f2-94cd-04cea2c57a46", "idx": 250, "time": "08:44:57", "tsec": 31497, "speed_kmh": 0.0}, "geometry": {"type": "Point", "coordinates": [110.366608, -7.79358]}}, {"type": "Feature", "properties": {"device": "90189944-6c95-40f2-94cd-04cea2c57a46", "idx": 251, "time": "08:44:57", "tsec": 31497, "speed_kmh": 0.0}, "geometry": {"type": "Point", "coordinates": [110.366623, -7.79359]}}, {"type": "Feature", "properties": {"device": "90189944-6c95-40f2-94cd-04cea2c57a46", "idx": 252, "time": "08:44:57", "tsec": 31497, "speed_kmh": 0.0}, "geometry": {"type": "Point", "coordinates": [110.366623, -7.79359]}}, {"type": "Feature", "properties": {"device": "90189944-6c95-40f2-94cd-04cea2c57a46", "idx": 253, "time": "11:56:20", "tsec": 42980, "speed_kmh": 1.5}, "geometry": {"type": "Point", "coordinates": [110.401886, -7.767405]}}, {"type": "Feature", "properties": {"device": "90189944-6c95-40f2-94cd-04cea2c57a46", "idx": 254, "time": "11:56:20", "tsec": 42980, "speed_kmh": 0.0}, "geometry": {"type": "Point", "coordinates": [110.401886, -7.767405]}}, {"type": "Feature", "properties": {"device": "90189944-6c95-40f2-94cd-04cea2c57a46", "idx": 255, "time": "12:37:39", "tsec": 45459, "speed_kmh": 0.0}, "geometry": {"type": "Point", "coordinates": [110.401886, -7.767405]}}, {"type": "Feature", "properties": {"device": "90189944-6c95-40f2-94cd-04cea2c57a46", "idx": 256, "time": "12:37:39", "tsec": 45459, "speed_kmh": 0.0}, "geometry": {"type": "Point", "coordinates": [110.401886, -7.767405]}}, {"type": "Feature", "properties": {"device": "90189944-6c95-40f2-94cd-04cea2c57a46", "idx": 257, "time": "12:38:17", "tsec": 45497, "speed_kmh": 0.0}, "geometry": {"type": "Point", "coordinates": [110.401886, -7.767405]}}, {"type": "Feature", "properties": {"device": "90189944-6c95-40f2-94cd-04cea2c57a46", "idx": 258, "time": "12:38:17", "tsec": 45497, "speed_kmh": 0.0}, "geometry": {"type": "Point", "coordinates": [110.401886, -7.767405]}}, {"type": "Feature", "properties": {"device": "e4edbd23-f207-46b3-bd15-ee510925876b", "idx": 0, "time": "00:40:55", "tsec": 2455, "speed_kmh": 0.0}, "geometry": {"type": "Point", "coordinates": [110.443703, -7.715147]}}, {"type": "Feature", "properties": {"device": "e4edbd23-f207-46b3-bd15-ee510925876b", "idx": 1, "time": "00:41:00", "tsec": 2460, "speed_kmh": 16.1}, "geometry": {"type": "Point", "coordinates": [110.443604, -7.714971]}}, {"type": "Feature", "properties": {"device": "e4edbd23-f207-46b3-bd15-ee510925876b", "idx": 2, "time": "00:41:00", "tsec": 2460, "speed_kmh": 0.0}, "geometry": {"type": "Point", "coordinates": [110.443604, -7.714971]}}, {"type": "Feature", "properties": {"device": "e4edbd23-f207-46b3-bd15-ee510925876b", "idx": 3, "time": "00:41:08", "tsec": 2468, "speed_kmh": 10.1}, "geometry": {"type": "Point", "coordinates": [110.443703, -7.715147]}}, {"type": "Feature", "properties": {"device": "e4edbd23-f207-46b3-bd15-ee510925876b", "idx": 4, "time": "00:51:40", "tsec": 3100, "speed_kmh": 0.0}, "geometry": {"type": "Point", "coordinates": [110.443703, -7.715147]}}, {"type": "Feature", "properties": {"device": "e4edbd23-f207-46b3-bd15-ee510925876b", "idx": 5, "time": "00:51:40", "tsec": 3100, "speed_kmh": 0.0}, "geometry": {"type": "Point", "coordinates": [110.443703, -7.715147]}}, {"type": "Feature", "properties": {"device": "e4edbd23-f207-46b3-bd15-ee510925876b", "idx": 6, "time": "00:51:53", "tsec": 3113, "speed_kmh": 6.2}, "geometry": {"type": "Point", "coordinates": [110.443604, -7.714971]}}, {"type": "Feature", "properties": {"device": "e4edbd23-f207-46b3-bd15-ee510925876b", "idx": 7, "time": "00:51:53", "tsec": 3113, "speed_kmh": 0.0}, "geometry": {"type": "Point", "coordinates": [110.443604, -7.714971]}}, {"type": "Feature", "properties": {"device": "e4edbd23-f207-46b3-bd15-ee510925876b", "idx": 8, "time": "01:07:38", "tsec": 4058, "speed_kmh": 0.0}, "geometry": {"type": "Point", "coordinates": [110.443604, -7.714971]}}, {"type": "Feature", "properties": {"device": "e4edbd23-f207-46b3-bd15-ee510925876b", "idx": 9, "time": "01:07:38", "tsec": 4058, "speed_kmh": 0.0}, "geometry": {"type": "Point", "coordinates": [110.443604, -7.714971]}}, {"type": "Feature", "properties": {"device": "e4edbd23-f207-46b3-bd15-ee510925876b", "idx": 10, "time": "01:07:38", "tsec": 4058, "speed_kmh": 0.0}, "geometry": {"type": "Point", "coordinates": [110.443604, -7.714971]}}, {"type": "Feature", "properties": {"device": "e4edbd23-f207-46b3-bd15-ee510925876b", "idx": 11, "time": "01:08:57", "tsec": 4137, "speed_kmh": 0.0}, "geometry": {"type": "Point", "coordinates": [110.443604, -7.714971]}}, {"type": "Feature", "properties": {"device": "e4edbd23-f207-46b3-bd15-ee510925876b", "idx": 12, "time": "01:08:57", "tsec": 4137, "speed_kmh": 0.0}, "geometry": {"type": "Point", "coordinates": [110.443604, -7.714971]}}, {"type": "Feature", "properties": {"device": "e4edbd23-f207-46b3-bd15-ee510925876b", "idx": 13, "time": "01:15:59", "tsec": 4559, "speed_kmh": 0.0}, "geometry": {"type": "Point", "coordinates": [110.443604, -7.714971]}}, {"type": "Feature", "properties": {"device": "e4edbd23-f207-46b3-bd15-ee510925876b", "idx": 14, "time": "01:20:27", "tsec": 4827, "speed_kmh": 0.0}, "geometry": {"type": "Point", "coordinates": [110.443604, -7.714971]}}, {"type": "Feature", "properties": {"device": "e4edbd23-f207-46b3-bd15-ee510925876b", "idx": 15, "time": "01:25:53", "tsec": 5153, "speed_kmh": 0.0}, "geometry": {"type": "Point", "coordinates": [110.443604, -7.714971]}}, {"type": "Feature", "properties": {"device": "e4edbd23-f207-46b3-bd15-ee510925876b", "idx": 16, "time": "01:26:14", "tsec": 5174, "speed_kmh": 0.0}, "geometry": {"type": "Point", "coordinates": [110.443604, -7.714971]}}, {"type": "Feature", "properties": {"device": "e4edbd23-f207-46b3-bd15-ee510925876b", "idx": 17, "time": "01:31:21", "tsec": 5481, "speed_kmh": 0.0}, "geometry": {"type": "Point", "coordinates": [110.443604, -7.714971]}}, {"type": "Feature", "properties": {"device": "e4edbd23-f207-46b3-bd15-ee510925876b", "idx": 18, "time": "01:42:40", "tsec": 6160, "speed_kmh": 0.0}, "geometry": {"type": "Point", "coordinates": [110.443604, -7.714971]}}, {"type": "Feature", "properties": {"device": "e4edbd23-f207-46b3-bd15-ee510925876b", "idx": 19, "time": "01:54:38", "tsec": 6878, "speed_kmh": 0.0}, "geometry": {"type": "Point", "coordinates": [110.443604, -7.714971]}}, {"type": "Feature", "properties": {"device": "e4edbd23-f207-46b3-bd15-ee510925876b", "idx": 20, "time": "02:05:26", "tsec": 7526, "speed_kmh": 0.0}, "geometry": {"type": "Point", "coordinates": [110.443604, -7.714971]}}, {"type": "Feature", "properties": {"device": "e4edbd23-f207-46b3-bd15-ee510925876b", "idx": 21, "time": "02:11:59", "tsec": 7919, "speed_kmh": 0.0}, "geometry": {"type": "Point", "coordinates": [110.443604, -7.714971]}}, {"type": "Feature", "properties": {"device": "e4edbd23-f207-46b3-bd15-ee510925876b", "idx": 22, "time": "02:11:59", "tsec": 7919, "speed_kmh": 0.0}, "geometry": {"type": "Point", "coordinates": [110.443604, -7.714971]}}, {"type": "Feature", "properties": {"device": "e4edbd23-f207-46b3-bd15-ee510925876b", "idx": 23, "time": "02:12:06", "tsec": 7926, "speed_kmh": 0.0}, "geometry": {"type": "Point", "coordinates": [110.443604, -7.714971]}}, {"type": "Feature", "properties": {"device": "e4edbd23-f207-46b3-bd15-ee510925876b", "idx": 24, "time": "02:12:06", "tsec": 7926, "speed_kmh": 0.0}, "geometry": {"type": "Point", "coordinates": [110.443604, -7.714971]}}, {"type": "Feature", "properties": {"device": "e4edbd23-f207-46b3-bd15-ee510925876b", "idx": 25, "time": "02:40:12", "tsec": 9612, "speed_kmh": 0.0}, "geometry": {"type": "Point", "coordinates": [110.443604, -7.714971]}}, {"type": "Feature", "properties": {"device": "e4edbd23-f207-46b3-bd15-ee510925876b", "idx": 26, "time": "03:01:51", "tsec": 10911, "speed_kmh": 0.0}, "geometry": {"type": "Point", "coordinates": [110.443604, -7.714971]}}, {"type": "Feature", "properties": {"device": "e4edbd23-f207-46b3-bd15-ee510925876b", "idx": 27, "time": "03:01:51", "tsec": 10911, "speed_kmh": 0.0}, "geometry": {"type": "Point", "coordinates": [110.443604, -7.714971]}}, {"type": "Feature", "properties": {"device": "e4edbd23-f207-46b3-bd15-ee510925876b", "idx": 28, "time": "03:01:51", "tsec": 10911, "speed_kmh": 0.0}, "geometry": {"type": "Point", "coordinates": [110.443604, -7.714971]}}, {"type": "Feature", "properties": {"device": "e4edbd23-f207-46b3-bd15-ee510925876b", "idx": 29, "time": "03:02:24", "tsec": 10944, "speed_kmh": 0.0}, "geometry": {"type": "Point", "coordinates": [110.443604, -7.714971]}}, {"type": "Feature", "properties": {"device": "e4edbd23-f207-46b3-bd15-ee510925876b", "idx": 30, "time": "03:12:08", "tsec": 11528, "speed_kmh": 0.0}, "geometry": {"type": "Point", "coordinates": [110.443604, -7.714971]}}, {"type": "Feature", "properties": {"device": "e4edbd23-f207-46b3-bd15-ee510925876b", "idx": 31, "time": "03:13:50", "tsec": 11630, "speed_kmh": 0.0}, "geometry": {"type": "Point", "coordinates": [110.443604, -7.714971]}}, {"type": "Feature", "properties": {"device": "e4edbd23-f207-46b3-bd15-ee510925876b", "idx": 32, "time": "03:41:39", "tsec": 13299, "speed_kmh": 0.0}, "geometry": {"type": "Point", "coordinates": [110.443703, -7.715147]}}, {"type": "Feature", "properties": {"device": "e4edbd23-f207-46b3-bd15-ee510925876b", "idx": 33, "time": "03:41:39", "tsec": 13299, "speed_kmh": 0.0}, "geometry": {"type": "Point", "coordinates": [110.443703, -7.715147]}}, {"type": "Feature", "properties": {"device": "e4edbd23-f207-46b3-bd15-ee510925876b", "idx": 34, "time": "03:41:49", "tsec": 13309, "speed_kmh": 8.1}, "geometry": {"type": "Point", "coordinates": [110.443604, -7.714971]}}, {"type": "Feature", "properties": {"device": "e4edbd23-f207-46b3-bd15-ee510925876b", "idx": 35, "time": "03:42:00", "tsec": 13320, "speed_kmh": 0.0}, "geometry": {"type": "Point", "coordinates": [110.443604, -7.714971]}}, {"type": "Feature", "properties": {"device": "e4edbd23-f207-46b3-bd15-ee510925876b", "idx": 36, "time": "04:05:33", "tsec": 14733, "speed_kmh": 0.1}, "geometry": {"type": "Point", "coordinates": [110.443703, -7.715147]}}, {"type": "Feature", "properties": {"device": "e4edbd23-f207-46b3-bd15-ee510925876b", "idx": 37, "time": "04:05:33", "tsec": 14733, "speed_kmh": 0.0}, "geometry": {"type": "Point", "coordinates": [110.443703, -7.715147]}}, {"type": "Feature", "properties": {"device": "e4edbd23-f207-46b3-bd15-ee510925876b", "idx": 38, "time": "04:11:00", "tsec": 15060, "speed_kmh": 0.2}, "geometry": {"type": "Point", "coordinates": [110.443604, -7.714971]}}, {"type": "Feature", "properties": {"device": "e4edbd23-f207-46b3-bd15-ee510925876b", "idx": 39, "time": "04:16:30", "tsec": 15390, "speed_kmh": 0.0}, "geometry": {"type": "Point", "coordinates": [110.443604, -7.714971]}}, {"type": "Feature", "properties": {"device": "e4edbd23-f207-46b3-bd15-ee510925876b", "idx": 40, "time": "04:32:22", "tsec": 16342, "speed_kmh": 0.0}, "geometry": {"type": "Point", "coordinates": [110.443626, -7.71497]}}, {"type": "Feature", "properties": {"device": "e4edbd23-f207-46b3-bd15-ee510925876b", "idx": 41, "time": "05:07:44", "tsec": 18464, "speed_kmh": 0.0}, "geometry": {"type": "Point", "coordinates": [110.443626, -7.71497]}}, {"type": "Feature", "properties": {"device": "e4edbd23-f207-46b3-bd15-ee510925876b", "idx": 42, "time": "05:07:44", "tsec": 18464, "speed_kmh": 0.0}, "geometry": {"type": "Point", "coordinates": [110.443626, -7.71497]}}, {"type": "Feature", "properties": {"device": "e4edbd23-f207-46b3-bd15-ee510925876b", "idx": 43, "time": "05:07:44", "tsec": 18464, "speed_kmh": 0.0}, "geometry": {"type": "Point", "coordinates": [110.443626, -7.71497]}}, {"type": "Feature", "properties": {"device": "e4edbd23-f207-46b3-bd15-ee510925876b", "idx": 44, "time": "05:07:44", "tsec": 18464, "speed_kmh": 0.0}, "geometry": {"type": "Point", "coordinates": [110.443626, -7.71497]}}, {"type": "Feature", "properties": {"device": "e4edbd23-f207-46b3-bd15-ee510925876b", "idx": 45, "time": "05:07:44", "tsec": 18464, "speed_kmh": 0.0}, "geometry": {"type": "Point", "coordinates": [110.443626, -7.71497]}}, {"type": "Feature", "properties": {"device": "e4edbd23-f207-46b3-bd15-ee510925876b", "idx": 46, "time": "05:07:44", "tsec": 18464, "speed_kmh": 0.0}, "geometry": {"type": "Point", "coordinates": [110.443626, -7.71497]}}, {"type": "Feature", "properties": {"device": "e4edbd23-f207-46b3-bd15-ee510925876b", "idx": 47, "time": "05:33:37", "tsec": 20017, "speed_kmh": 0.0}, "geometry": {"type": "Point", "coordinates": [110.44368, -7.715148]}}, {"type": "Feature", "properties": {"device": "e4edbd23-f207-46b3-bd15-ee510925876b", "idx": 48, "time": "07:00:50", "tsec": 25250, "speed_kmh": 15.4}, "geometry": {"type": "Point", "coordinates": [110.342812, -7.889909]}}, {"type": "Feature", "properties": {"device": "e4edbd23-f207-46b3-bd15-ee510925876b", "idx": 49, "time": "07:00:50", "tsec": 25250, "speed_kmh": 0.0}, "geometry": {"type": "Point", "coordinates": [110.342812, -7.889909]}}, {"type": "Feature", "properties": {"device": "e4edbd23-f207-46b3-bd15-ee510925876b", "idx": 50, "time": "07:16:59", "tsec": 26219, "speed_kmh": 0.0}, "geometry": {"type": "Point", "coordinates": [110.342812, -7.889909]}}, {"type": "Feature", "properties": {"device": "e4edbd23-f207-46b3-bd15-ee510925876b", "idx": 51, "time": "07:16:59", "tsec": 26219, "speed_kmh": 0.0}, "geometry": {"type": "Point", "coordinates": [110.342812, -7.889909]}}, {"type": "Feature", "properties": {"device": "e4edbd23-f207-46b3-bd15-ee510925876b", "idx": 52, "time": "07:17:04", "tsec": 26224, "speed_kmh": 0.0}, "geometry": {"type": "Point", "coordinates": [110.342812, -7.889909]}}, {"type": "Feature", "properties": {"device": "e4edbd23-f207-46b3-bd15-ee510925876b", "idx": 53, "time": "08:42:45", "tsec": 31365, "speed_kmh": 0.0}, "geometry": {"type": "Point", "coordinates": [110.342812, -7.889909]}}, {"type": "Feature", "properties": {"device": "e4edbd23-f207-46b3-bd15-ee510925876b", "idx": 54, "time": "08:42:45", "tsec": 31365, "speed_kmh": 0.0}, "geometry": {"type": "Point", "coordinates": [110.342812, -7.889909]}}, {"type": "Feature", "properties": {"device": "e4edbd23-f207-46b3-bd15-ee510925876b", "idx": 55, "time": "08:42:45", "tsec": 31365, "speed_kmh": 0.0}, "geometry": {"type": "Point", "coordinates": [110.342812, -7.889909]}}, {"type": "Feature", "properties": {"device": "e4edbd23-f207-46b3-bd15-ee510925876b", "idx": 56, "time": "09:08:58", "tsec": 32938, "speed_kmh": 0.0}, "geometry": {"type": "Point", "coordinates": [110.342812, -7.889929]}}, {"type": "Feature", "properties": {"device": "e4edbd23-f207-46b3-bd15-ee510925876b", "idx": 57, "time": "09:08:58", "tsec": 32938, "speed_kmh": 0.0}, "geometry": {"type": "Point", "coordinates": [110.342812, -7.889929]}}, {"type": "Feature", "properties": {"device": "e4edbd23-f207-46b3-bd15-ee510925876b", "idx": 58, "time": "09:08:58", "tsec": 32938, "speed_kmh": 0.0}, "geometry": {"type": "Point", "coordinates": [110.342812, -7.889929]}}, {"type": "Feature", "properties": {"device": "e4edbd23-f207-46b3-bd15-ee510925876b", "idx": 59, "time": "09:09:06", "tsec": 32946, "speed_kmh": 1.0}, "geometry": {"type": "Point", "coordinates": [110.342812, -7.889909]}}, {"type": "Feature", "properties": {"device": "e4edbd23-f207-46b3-bd15-ee510925876b", "idx": 60, "time": "09:09:06", "tsec": 32946, "speed_kmh": 0.0}, "geometry": {"type": "Point", "coordinates": [110.342812, -7.889909]}}, {"type": "Feature", "properties": {"device": "e4edbd23-f207-46b3-bd15-ee510925876b", "idx": 61, "time": "09:09:06", "tsec": 32946, "speed_kmh": 0.0}, "geometry": {"type": "Point", "coordinates": [110.342812, -7.889909]}}, {"type": "Feature", "properties": {"device": "e4edbd23-f207-46b3-bd15-ee510925876b", "idx": 62, "time": "09:09:12", "tsec": 32952, "speed_kmh": 1.3}, "geometry": {"type": "Point", "coordinates": [110.342812, -7.889929]}}, {"type": "Feature", "properties": {"device": "e4edbd23-f207-46b3-bd15-ee510925876b", "idx": 63, "time": "09:18:46", "tsec": 33526, "speed_kmh": 0.0}, "geometry": {"type": "Point", "coordinates": [110.342812, -7.889929]}}, {"type": "Feature", "properties": {"device": "e4edbd23-f207-46b3-bd15-ee510925876b", "idx": 64, "time": "09:18:46", "tsec": 33526, "speed_kmh": 0.0}, "geometry": {"type": "Point", "coordinates": [110.342812, -7.889929]}}, {"type": "Feature", "properties": {"device": "e4edbd23-f207-46b3-bd15-ee510925876b", "idx": 65, "time": "09:21:15", "tsec": 33675, "speed_kmh": 0.0}, "geometry": {"type": "Point", "coordinates": [110.342812, -7.889929]}}, {"type": "Feature", "properties": {"device": "e4edbd23-f207-46b3-bd15-ee510925876b", "idx": 66, "time": "09:26:52", "tsec": 34012, "speed_kmh": 0.0}, "geometry": {"type": "Point", "coordinates": [110.342812, -7.889929]}}, {"type": "Feature", "properties": {"device": "e4edbd23-f207-46b3-bd15-ee510925876b", "idx": 67, "time": "09:30:54", "tsec": 34254, "speed_kmh": 0.0}, "geometry": {"type": "Point", "coordinates": [110.342812, -7.889929]}}, {"type": "Feature", "properties": {"device": "e4edbd23-f207-46b3-bd15-ee510925876b", "idx": 68, "time": "09:31:04", "tsec": 34264, "speed_kmh": 0.0}, "geometry": {"type": "Point", "coordinates": [110.342812, -7.889929]}}, {"type": "Feature", "properties": {"device": "e4edbd23-f207-46b3-bd15-ee510925876b", "idx": 69, "time": "09:34:59", "tsec": 34499, "speed_kmh": 0.0}, "geometry": {"type": "Point", "coordinates": [110.342812, -7.889929]}}, {"type": "Feature", "properties": {"device": "e4edbd23-f207-46b3-bd15-ee510925876b", "idx": 70, "time": "09:35:00", "tsec": 34500, "speed_kmh": 8.0}, "geometry": {"type": "Point", "coordinates": [110.342812, -7.889909]}}, {"type": "Feature", "properties": {"device": "e4edbd23-f207-46b3-bd15-ee510925876b", "idx": 71, "time": "09:35:07", "tsec": 34507, "speed_kmh": 1.1}, "geometry": {"type": "Point", "coordinates": [110.342812, -7.889929]}}, {"type": "Feature", "properties": {"device": "e4edbd23-f207-46b3-bd15-ee510925876b", "idx": 72, "time": "09:35:07", "tsec": 34507, "speed_kmh": 0.0}, "geometry": {"type": "Point", "coordinates": [110.342812, -7.889929]}}, {"type": "Feature", "properties": {"device": "e4edbd23-f207-46b3-bd15-ee510925876b", "idx": 73, "time": "09:38:26", "tsec": 34706, "speed_kmh": 0.0}, "geometry": {"type": "Point", "coordinates": [110.342812, -7.889929]}}, {"type": "Feature", "properties": {"device": "e4edbd23-f207-46b3-bd15-ee510925876b", "idx": 74, "time": "10:57:52", "tsec": 39472, "speed_kmh": 0.0}, "geometry": {"type": "Point", "coordinates": [110.342812, -7.889909]}}, {"type": "Feature", "properties": {"device": "e4edbd23-f207-46b3-bd15-ee510925876b", "idx": 75, "time": "10:57:52", "tsec": 39472, "speed_kmh": 0.0}, "geometry": {"type": "Point", "coordinates": [110.342812, -7.889909]}}, {"type": "Feature", "properties": {"device": "e4edbd23-f207-46b3-bd15-ee510925876b", "idx": 76, "time": "11:01:57", "tsec": 39717, "speed_kmh": 0.0}, "geometry": {"type": "Point", "coordinates": [110.342812, -7.889909]}}, {"type": "Feature", "properties": {"device": "e4edbd23-f207-46b3-bd15-ee510925876b", "idx": 77, "time": "11:02:10", "tsec": 39730, "speed_kmh": 0.0}, "geometry": {"type": "Point", "coordinates": [110.342812, -7.889909]}}, {"type": "Feature", "properties": {"device": "e4edbd23-f207-46b3-bd15-ee510925876b", "idx": 78, "time": "11:02:10", "tsec": 39730, "speed_kmh": 0.0}, "geometry": {"type": "Point", "coordinates": [110.342812, -7.889909]}}, {"type": "Feature", "properties": {"device": "e4edbd23-f207-46b3-bd15-ee510925876b", "idx": 79, "time": "11:02:10", "tsec": 39730, "speed_kmh": 0.0}, "geometry": {"type": "Point", "coordinates": [110.342812, -7.889909]}}, {"type": "Feature", "properties": {"device": "e4edbd23-f207-46b3-bd15-ee510925876b", "idx": 80, "time": "11:02:10", "tsec": 39730, "speed_kmh": 0.0}, "geometry": {"type": "Point", "coordinates": [110.342812, -7.889909]}}, {"type": "Feature", "properties": {"device": "e4edbd23-f207-46b3-bd15-ee510925876b", "idx": 81, "time": "11:02:10", "tsec": 39730, "speed_kmh": 0.0}, "geometry": {"type": "Point", "coordinates": [110.342812, -7.889909]}}, {"type": "Feature", "properties": {"device": "e4edbd23-f207-46b3-bd15-ee510925876b", "idx": 82, "time": "11:02:12", "tsec": 39732, "speed_kmh": 0.0}, "geometry": {"type": "Point", "coordinates": [110.342812, -7.889909]}}, {"type": "Feature", "properties": {"device": "e4edbd23-f207-46b3-bd15-ee510925876b", "idx": 83, "time": "11:03:24", "tsec": 39804, "speed_kmh": 0.0}, "geometry": {"type": "Point", "coordinates": [110.342812, -7.889909]}}, {"type": "Feature", "properties": {"device": "e4edbd23-f207-46b3-bd15-ee510925876b", "idx": 84, "time": "11:53:20", "tsec": 42800, "speed_kmh": 0.0}, "geometry": {"type": "Point", "coordinates": [110.342812, -7.889909]}}, {"type": "Feature", "properties": {"device": "e4edbd23-f207-46b3-bd15-ee510925876b", "idx": 85, "time": "11:54:41", "tsec": 42881, "speed_kmh": 0.0}, "geometry": {"type": "Point", "coordinates": [110.342812, -7.889909]}}, {"type": "Feature", "properties": {"device": "e4edbd23-f207-46b3-bd15-ee510925876b", "idx": 86, "time": "11:59:25", "tsec": 43165, "speed_kmh": 0.0}, "geometry": {"type": "Point", "coordinates": [110.342812, -7.889909]}}, {"type": "Feature", "properties": {"device": "e4edbd23-f207-46b3-bd15-ee510925876b", "idx": 87, "time": "12:05:22", "tsec": 43522, "speed_kmh": 0.0}, "geometry": {"type": "Point", "coordinates": [110.342812, -7.889909]}}, {"type": "Feature", "properties": {"device": "e4edbd23-f207-46b3-bd15-ee510925876b", "idx": 88, "time": "12:05:22", "tsec": 43522, "speed_kmh": 0.0}, "geometry": {"type": "Point", "coordinates": [110.342812, -7.889909]}}, {"type": "Feature", "properties": {"device": "e4edbd23-f207-46b3-bd15-ee510925876b", "idx": 89, "time": "12:05:22", "tsec": 43522, "speed_kmh": 0.0}, "geometry": {"type": "Point", "coordinates": [110.342812, -7.889909]}}, {"type": "Feature", "properties": {"device": "e4edbd23-f207-46b3-bd15-ee510925876b", "idx": 90, "time": "12:05:22", "tsec": 43522, "speed_kmh": 0.0}, "geometry": {"type": "Point", "coordinates": [110.342812, -7.889909]}}, {"type": "Feature", "properties": {"device": "e4edbd23-f207-46b3-bd15-ee510925876b", "idx": 91, "time": "12:05:22", "tsec": 43522, "speed_kmh": 0.0}, "geometry": {"type": "Point", "coordinates": [110.342812, -7.889909]}}, {"type": "Feature", "properties": {"device": "e4edbd23-f207-46b3-bd15-ee510925876b", "idx": 92, "time": "12:05:22", "tsec": 43522, "speed_kmh": 0.0}, "geometry": {"type": "Point", "coordinates": [110.342812, -7.889909]}}, {"type": "Feature", "properties": {"device": "e4edbd23-f207-46b3-bd15-ee510925876b", "idx": 93, "time": "12:11:56", "tsec": 43916, "speed_kmh": 0.0}, "geometry": {"type": "Point", "coordinates": [110.342812, -7.889909]}}, {"type": "Feature", "properties": {"device": "e4edbd23-f207-46b3-bd15-ee510925876b", "idx": 94, "time": "12:12:10", "tsec": 43930, "speed_kmh": 0.0}, "geometry": {"type": "Point", "coordinates": [110.342812, -7.889909]}}, {"type": "Feature", "properties": {"device": "e4edbd23-f207-46b3-bd15-ee510925876b", "idx": 95, "time": "12:12:10", "tsec": 43930, "speed_kmh": 0.0}, "geometry": {"type": "Point", "coordinates": [110.342812, -7.889909]}}, {"type": "Feature", "properties": {"device": "e4edbd23-f207-46b3-bd15-ee510925876b", "idx": 96, "time": "12:16:22", "tsec": 44182, "speed_kmh": 0.0}, "geometry": {"type": "Point", "coordinates": [110.342812, -7.889909]}}, {"type": "Feature", "properties": {"device": "e4edbd23-f207-46b3-bd15-ee510925876b", "idx": 97, "time": "12:16:22", "tsec": 44182, "speed_kmh": 0.0}, "geometry": {"type": "Point", "coordinates": [110.342812, -7.889909]}}, {"type": "Feature", "properties": {"device": "e4edbd23-f207-46b3-bd15-ee510925876b", "idx": 98, "time": "15:02:22", "tsec": 54142, "speed_kmh": 9.0}, "geometry": {"type": "Point", "coordinates": [110.461967, -7.698752]}}, {"type": "Feature", "properties": {"device": "e4edbd23-f207-46b3-bd15-ee510925876b", "idx": 99, "time": "19:15:33", "tsec": 69333, "speed_kmh": 0.0}, "geometry": {"type": "Point", "coordinates": [110.461967, -7.698752]}}, {"type": "Feature", "properties": {"device": "e4edbd23-f207-46b3-bd15-ee510925876b", "idx": 100, "time": "23:36:17", "tsec": 84977, "speed_kmh": 0.0}, "geometry": {"type": "Point", "coordinates": [110.461967, -7.698752]}}, {"type": "Feature", "properties": {"device": "e4edbd23-f207-46b3-bd15-ee510925876b", "idx": 101, "time": "23:36:17", "tsec": 84977, "speed_kmh": 0.0}, "geometry": {"type": "Point", "coordinates": [110.461967, -7.698752]}}, {"type": "Feature", "properties": {"device": "f92301f7-e229-4feb-96b8-dc9482cfd7c6", "idx": 0, "time": "07:11:35", "tsec": 25895, "speed_kmh": 0.0}, "geometry": {"type": "Point", "coordinates": [110.430107, -7.82675]}}, {"type": "Feature", "properties": {"device": "f92301f7-e229-4feb-96b8-dc9482cfd7c6", "idx": 1, "time": "07:11:35", "tsec": 25895, "speed_kmh": 0.0}, "geometry": {"type": "Point", "coordinates": [110.430107, -7.82675]}}, {"type": "Feature", "properties": {"device": "f92301f7-e229-4feb-96b8-dc9482cfd7c6", "idx": 2, "time": "07:11:35", "tsec": 25895, "speed_kmh": 0.0}, "geometry": {"type": "Point", "coordinates": [110.430107, -7.82673]}}, {"type": "Feature", "properties": {"device": "f92301f7-e229-4feb-96b8-dc9482cfd7c6", "idx": 3, "time": "07:11:35", "tsec": 25895, "speed_kmh": 0.0}, "geometry": {"type": "Point", "coordinates": [110.430107, -7.82675]}}, {"type": "Feature", "properties": {"device": "f92301f7-e229-4feb-96b8-dc9482cfd7c6", "idx": 4, "time": "07:11:35", "tsec": 25895, "speed_kmh": 0.0}, "geometry": {"type": "Point", "coordinates": [110.430107, -7.82675]}}, {"type": "Feature", "properties": {"device": "f92301f7-e229-4feb-96b8-dc9482cfd7c6", "idx": 5, "time": "07:11:35", "tsec": 25895, "speed_kmh": 0.0}, "geometry": {"type": "Point", "coordinates": [110.430107, -7.82673]}}, {"type": "Feature", "properties": {"device": "f92301f7-e229-4feb-96b8-dc9482cfd7c6", "idx": 6, "time": "07:11:35", "tsec": 25895, "speed_kmh": 0.0}, "geometry": {"type": "Point", "coordinates": [110.430107, -7.82673]}}, {"type": "Feature", "properties": {"device": "f92301f7-e229-4feb-96b8-dc9482cfd7c6", "idx": 7, "time": "07:11:40", "tsec": 25900, "speed_kmh": 1.3}, "geometry": {"type": "Point", "coordinates": [110.430122, -7.826736]}}, {"type": "Feature", "properties": {"device": "f92301f7-e229-4feb-96b8-dc9482cfd7c6", "idx": 8, "time": "07:11:40", "tsec": 25900, "speed_kmh": 0.0}, "geometry": {"type": "Point", "coordinates": [110.430122, -7.826736]}}, {"type": "Feature", "properties": {"device": "f92301f7-e229-4feb-96b8-dc9482cfd7c6", "idx": 9, "time": "07:11:40", "tsec": 25900, "speed_kmh": 0.0}, "geometry": {"type": "Point", "coordinates": [110.430122, -7.826736]}}, {"type": "Feature", "properties": {"device": "f92301f7-e229-4feb-96b8-dc9482cfd7c6", "idx": 10, "time": "07:11:40", "tsec": 25900, "speed_kmh": 0.0}, "geometry": {"type": "Point", "coordinates": [110.430107, -7.82673]}}, {"type": "Feature", "properties": {"device": "f92301f7-e229-4feb-96b8-dc9482cfd7c6", "idx": 11, "time": "07:11:40", "tsec": 25900, "speed_kmh": 0.0}, "geometry": {"type": "Point", "coordinates": [110.430122, -7.826736]}}, {"type": "Feature", "properties": {"device": "f92301f7-e229-4feb-96b8-dc9482cfd7c6", "idx": 12, "time": "07:11:40", "tsec": 25900, "speed_kmh": 0.0}, "geometry": {"type": "Point", "coordinates": [110.430107, -7.82673]}}, {"type": "Feature", "properties": {"device": "f92301f7-e229-4feb-96b8-dc9482cfd7c6", "idx": 13, "time": "13:47:31", "tsec": 49651, "speed_kmh": 0.8}, "geometry": {"type": "Point", "coordinates": [110.405861, -7.86465]}}, {"type": "Feature", "properties": {"device": "f92301f7-e229-4feb-96b8-dc9482cfd7c6", "idx": 14, "time": "13:47:31", "tsec": 49651, "speed_kmh": 0.0}, "geometry": {"type": "Point", "coordinates": [110.405861, -7.86465]}}, {"type": "Feature", "properties": {"device": "f92301f7-e229-4feb-96b8-dc9482cfd7c6", "idx": 15, "time": "13:47:31", "tsec": 49651, "speed_kmh": 0.0}, "geometry": {"type": "Point", "coordinates": [110.405861, -7.86465]}}, {"type": "Feature", "properties": {"device": "f92301f7-e229-4feb-96b8-dc9482cfd7c6", "idx": 16, "time": "13:47:31", "tsec": 49651, "speed_kmh": 0.0}, "geometry": {"type": "Point", "coordinates": [110.405861, -7.86465]}}, {"type": "Feature", "properties": {"device": "f92301f7-e229-4feb-96b8-dc9482cfd7c6", "idx": 17, "time": "13:47:31", "tsec": 49651, "speed_kmh": 0.0}, "geometry": {"type": "Point", "coordinates": [110.405853, -7.86468]}}, {"type": "Feature", "properties": {"device": "f92301f7-e229-4feb-96b8-dc9482cfd7c6", "idx": 18, "time": "13:47:31", "tsec": 49651, "speed_kmh": 0.0}, "geometry": {"type": "Point", "coordinates": [110.405853, -7.86468]}}, {"type": "Feature", "properties": {"device": "f92301f7-e229-4feb-96b8-dc9482cfd7c6", "idx": 19, "time": "13:47:31", "tsec": 49651, "speed_kmh": 0.0}, "geometry": {"type": "Point", "coordinates": [110.405861, -7.86465]}}, {"type": "Feature", "properties": {"device": "f92301f7-e229-4feb-96b8-dc9482cfd7c6", "idx": 20, "time": "13:47:31", "tsec": 49651, "speed_kmh": 0.0}, "geometry": {"type": "Point", "coordinates": [110.405861, -7.86465]}}, {"type": "Feature", "properties": {"device": "f92301f7-e229-4feb-96b8-dc9482cfd7c6", "idx": 21, "time": "13:47:31", "tsec": 49651, "speed_kmh": 0.0}, "geometry": {"type": "Point", "coordinates": [110.405861, -7.86465]}}, {"type": "Feature", "properties": {"device": "f92301f7-e229-4feb-96b8-dc9482cfd7c6", "idx": 22, "time": "13:47:31", "tsec": 49651, "speed_kmh": 0.0}, "geometry": {"type": "Point", "coordinates": [110.405861, -7.86465]}}, {"type": "Feature", "properties": {"device": "f92301f7-e229-4feb-96b8-dc9482cfd7c6", "idx": 23, "time": "13:47:31", "tsec": 49651, "speed_kmh": 0.0}, "geometry": {"type": "Point", "coordinates": [110.405861, -7.86465]}}, {"type": "Feature", "properties": {"device": "f92301f7-e229-4feb-96b8-dc9482cfd7c6", "idx": 24, "time": "13:47:31", "tsec": 49651, "speed_kmh": 0.0}, "geometry": {"type": "Point", "coordinates": [110.405861, -7.86465]}}, {"type": "Feature", "properties": {"device": "f92301f7-e229-4feb-96b8-dc9482cfd7c6", "idx": 25, "time": "13:47:31", "tsec": 49651, "speed_kmh": 0.0}, "geometry": {"type": "Point", "coordinates": [110.405861, -7.86465]}}, {"type": "Feature", "properties": {"device": "f92301f7-e229-4feb-96b8-dc9482cfd7c6", "idx": 26, "time": "13:47:31", "tsec": 49651, "speed_kmh": 0.0}, "geometry": {"type": "Point", "coordinates": [110.405861, -7.86465]}}, {"type": "Feature", "properties": {"device": "f92301f7-e229-4feb-96b8-dc9482cfd7c6", "idx": 27, "time": "13:47:31", "tsec": 49651, "speed_kmh": 0.0}, "geometry": {"type": "Point", "coordinates": [110.405853, -7.86468]}}, {"type": "Feature", "properties": {"device": "f92301f7-e229-4feb-96b8-dc9482cfd7c6", "idx": 28, "time": "13:47:31", "tsec": 49651, "speed_kmh": 0.0}, "geometry": {"type": "Point", "coordinates": [110.405861, -7.86465]}}, {"type": "Feature", "properties": {"device": "f92301f7-e229-4feb-96b8-dc9482cfd7c6", "idx": 29, "time": "13:47:42", "tsec": 49662, "speed_kmh": 0.7}, "geometry": {"type": "Point", "coordinates": [110.405861, -7.86467]}}, {"type": "Feature", "properties": {"device": "f92301f7-e229-4feb-96b8-dc9482cfd7c6", "idx": 30, "time": "13:47:42", "tsec": 49662, "speed_kmh": 0.0}, "geometry": {"type": "Point", "coordinates": [110.405861, -7.86467]}}, {"type": "Feature", "properties": {"device": "f92301f7-e229-4feb-96b8-dc9482cfd7c6", "idx": 31, "time": "13:47:42", "tsec": 49662, "speed_kmh": 0.0}, "geometry": {"type": "Point", "coordinates": [110.405861, -7.86467]}}, {"type": "Feature", "properties": {"device": "f92301f7-e229-4feb-96b8-dc9482cfd7c6", "idx": 32, "time": "13:47:42", "tsec": 49662, "speed_kmh": 0.0}, "geometry": {"type": "Point", "coordinates": [110.405861, -7.86467]}}, {"type": "Feature", "properties": {"device": "f92301f7-e229-4feb-96b8-dc9482cfd7c6", "idx": 33, "time": "13:47:42", "tsec": 49662, "speed_kmh": 0.0}, "geometry": {"type": "Point", "coordinates": [110.405861, -7.86467]}}, {"type": "Feature", "properties": {"device": "cb5a0538-1d01-43dd-adf0-ce1f04a1ecb3", "idx": 0, "time": "03:43:12", "tsec": 13392, "speed_kmh": 0.0}, "geometry": {"type": "Point", "coordinates": [110.38884, -7.847936]}}, {"type": "Feature", "properties": {"device": "cb5a0538-1d01-43dd-adf0-ce1f04a1ecb3", "idx": 1, "time": "03:43:12", "tsec": 13392, "speed_kmh": 0.0}, "geometry": {"type": "Point", "coordinates": [110.38884, -7.847936]}}, {"type": "Feature", "properties": {"device": "cb5a0538-1d01-43dd-adf0-ce1f04a1ecb3", "idx": 2, "time": "03:46:00", "tsec": 13560, "speed_kmh": 0.0}, "geometry": {"type": "Point", "coordinates": [110.38884, -7.847936]}}, {"type": "Feature", "properties": {"device": "cb5a0538-1d01-43dd-adf0-ce1f04a1ecb3", "idx": 3, "time": "03:48:09", "tsec": 13689, "speed_kmh": 0.0}, "geometry": {"type": "Point", "coordinates": [110.38884, -7.847936]}}, {"type": "Feature", "properties": {"device": "cb5a0538-1d01-43dd-adf0-ce1f04a1ecb3", "idx": 4, "time": "03:51:59", "tsec": 13919, "speed_kmh": 367.3}, "geometry": {"type": "Point", "coordinates": [110.17601, -7.857026]}}, {"type": "Feature", "properties": {"device": "cb5a0538-1d01-43dd-adf0-ce1f04a1ecb3", "idx": 5, "time": "03:51:59", "tsec": 13919, "speed_kmh": 0.0}, "geometry": {"type": "Point", "coordinates": [110.17601, -7.857026]}}, {"type": "Feature", "properties": {"device": "cb5a0538-1d01-43dd-adf0-ce1f04a1ecb3", "idx": 6, "time": "03:51:59", "tsec": 13919, "speed_kmh": 0.0}, "geometry": {"type": "Point", "coordinates": [110.17601, -7.857026]}}, {"type": "Feature", "properties": {"device": "cb5a0538-1d01-43dd-adf0-ce1f04a1ecb3", "idx": 7, "time": "03:51:59", "tsec": 13919, "speed_kmh": 0.0}, "geometry": {"type": "Point", "coordinates": [110.17601, -7.857026]}}, {"type": "Feature", "properties": {"device": "cb5a0538-1d01-43dd-adf0-ce1f04a1ecb3", "idx": 8, "time": "03:52:24", "tsec": 13944, "speed_kmh": 0.0}, "geometry": {"type": "Point", "coordinates": [110.17601, -7.857026]}}, {"type": "Feature", "properties": {"device": "cb5a0538-1d01-43dd-adf0-ce1f04a1ecb3", "idx": 9, "time": "03:52:24", "tsec": 13944, "speed_kmh": 0.0}, "geometry": {"type": "Point", "coordinates": [110.17601, -7.857026]}}, {"type": "Feature", "properties": {"device": "cb5a0538-1d01-43dd-adf0-ce1f04a1ecb3", "idx": 10, "time": "03:53:29", "tsec": 14009, "speed_kmh": 0.0}, "geometry": {"type": "Point", "coordinates": [110.17601, -7.857026]}}, {"type": "Feature", "properties": {"device": "cb5a0538-1d01-43dd-adf0-ce1f04a1ecb3", "idx": 11, "time": "03:53:29", "tsec": 14009, "speed_kmh": 0.0}, "geometry": {"type": "Point", "coordinates": [110.17601, -7.857026]}}, {"type": "Feature", "properties": {"device": "cb5a0538-1d01-43dd-adf0-ce1f04a1ecb3", "idx": 12, "time": "03:54:34", "tsec": 14074, "speed_kmh": 0.0}, "geometry": {"type": "Point", "coordinates": [110.17601, -7.857026]}}, {"type": "Feature", "properties": {"device": "cb5a0538-1d01-43dd-adf0-ce1f04a1ecb3", "idx": 13, "time": "03:57:50", "tsec": 14270, "speed_kmh": 431.0}, "geometry": {"type": "Point", "coordinates": [110.38884, -7.847936]}}, {"type": "Feature", "properties": {"device": "cb5a0538-1d01-43dd-adf0-ce1f04a1ecb3", "idx": 14, "time": "03:58:54", "tsec": 14334, "speed_kmh": 0.0}, "geometry": {"type": "Point", "coordinates": [110.38884, -7.847936]}}, {"type": "Feature", "properties": {"device": "cb5a0538-1d01-43dd-adf0-ce1f04a1ecb3", "idx": 15, "time": "03:59:59", "tsec": 14399, "speed_kmh": 0.0}, "geometry": {"type": "Point", "coordinates": [110.38884, -7.847936]}}, {"type": "Feature", "properties": {"device": "cb5a0538-1d01-43dd-adf0-ce1f04a1ecb3", "idx": 16, "time": "04:10:47", "tsec": 15047, "speed_kmh": 0.0}, "geometry": {"type": "Point", "coordinates": [110.38884, -7.847936]}}, {"type": "Feature", "properties": {"device": "cb5a0538-1d01-43dd-adf0-ce1f04a1ecb3", "idx": 17, "time": "04:11:38", "tsec": 15098, "speed_kmh": 0.0}, "geometry": {"type": "Point", "coordinates": [110.38884, -7.847936]}}, {"type": "Feature", "properties": {"device": "cb5a0538-1d01-43dd-adf0-ce1f04a1ecb3", "idx": 18, "time": "04:12:56", "tsec": 15176, "speed_kmh": 0.0}, "geometry": {"type": "Point", "coordinates": [110.38884, -7.847936]}}, {"type": "Feature", "properties": {"device": "cb5a0538-1d01-43dd-adf0-ce1f04a1ecb3", "idx": 19, "time": "04:20:41", "tsec": 15641, "speed_kmh": 0.0}, "geometry": {"type": "Point", "coordinates": [110.38884, -7.847936]}}, {"type": "Feature", "properties": {"device": "cb5a0538-1d01-43dd-adf0-ce1f04a1ecb3", "idx": 20, "time": "04:21:46", "tsec": 15706, "speed_kmh": 0.0}, "geometry": {"type": "Point", "coordinates": [110.38884, -7.847936]}}, {"type": "Feature", "properties": {"device": "cb5a0538-1d01-43dd-adf0-ce1f04a1ecb3", "idx": 21, "time": "04:22:51", "tsec": 15771, "speed_kmh": 0.0}, "geometry": {"type": "Point", "coordinates": [110.38884, -7.847936]}}, {"type": "Feature", "properties": {"device": "cb5a0538-1d01-43dd-adf0-ce1f04a1ecb3", "idx": 22, "time": "04:23:56", "tsec": 15836, "speed_kmh": 0.0}, "geometry": {"type": "Point", "coordinates": [110.38884, -7.847936]}}, {"type": "Feature", "properties": {"device": "cb5a0538-1d01-43dd-adf0-ce1f04a1ecb3", "idx": 23, "time": "04:24:10", "tsec": 15850, "speed_kmh": 0.0}, "geometry": {"type": "Point", "coordinates": [110.38884, -7.847936]}}, {"type": "Feature", "properties": {"device": "cb5a0538-1d01-43dd-adf0-ce1f04a1ecb3", "idx": 24, "time": "04:25:51", "tsec": 15951, "speed_kmh": 0.0}, "geometry": {"type": "Point", "coordinates": [110.38884, -7.847936]}}, {"type": "Feature", "properties": {"device": "cb5a0538-1d01-43dd-adf0-ce1f04a1ecb3", "idx": 25, "time": "04:26:06", "tsec": 15966, "speed_kmh": 0.0}, "geometry": {"type": "Point", "coordinates": [110.38884, -7.847936]}}, {"type": "Feature", "properties": {"device": "cb5a0538-1d01-43dd-adf0-ce1f04a1ecb3", "idx": 26, "time": "04:36:23", "tsec": 16583, "speed_kmh": 136.9}, "geometry": {"type": "Point", "coordinates": [110.17601, -7.857026]}}, {"type": "Feature", "properties": {"device": "cb5a0538-1d01-43dd-adf0-ce1f04a1ecb3", "idx": 27, "time": "04:39:47", "tsec": 16787, "speed_kmh": 0.0}, "geometry": {"type": "Point", "coordinates": [110.17601, -7.857026]}}, {"type": "Feature", "properties": {"device": "cb5a0538-1d01-43dd-adf0-ce1f04a1ecb3", "idx": 28, "time": "04:50:55", "tsec": 17455, "speed_kmh": 126.5}, "geometry": {"type": "Point", "coordinates": [110.38884, -7.847936]}}, {"type": "Feature", "properties": {"device": "cb5a0538-1d01-43dd-adf0-ce1f04a1ecb3", "idx": 29, "time": "04:53:35", "tsec": 17615, "speed_kmh": 0.0}, "geometry": {"type": "Point", "coordinates": [110.38884, -7.847936]}}, {"type": "Feature", "properties": {"device": "cb5a0538-1d01-43dd-adf0-ce1f04a1ecb3", "idx": 30, "time": "04:56:57", "tsec": 17817, "speed_kmh": 0.0}, "geometry": {"type": "Point", "coordinates": [110.38884, -7.847936]}}, {"type": "Feature", "properties": {"device": "cb5a0538-1d01-43dd-adf0-ce1f04a1ecb3", "idx": 31, "time": "05:13:49", "tsec": 18829, "speed_kmh": 0.0}, "geometry": {"type": "Point", "coordinates": [110.38884, -7.847936]}}, {"type": "Feature", "properties": {"device": "cb5a0538-1d01-43dd-adf0-ce1f04a1ecb3", "idx": 32, "time": "05:13:49", "tsec": 18829, "speed_kmh": 0.0}, "geometry": {"type": "Point", "coordinates": [110.38884, -7.847936]}}, {"type": "Feature", "properties": {"device": "cb5a0538-1d01-43dd-adf0-ce1f04a1ecb3", "idx": 33, "time": "05:19:06", "tsec": 19146, "speed_kmh": 0.0}, "geometry": {"type": "Point", "coordinates": [110.38884, -7.847936]}}, {"type": "Feature", "properties": {"device": "cb5a0538-1d01-43dd-adf0-ce1f04a1ecb3", "idx": 34, "time": "05:21:41", "tsec": 19301, "speed_kmh": 0.0}, "geometry": {"type": "Point", "coordinates": [110.38884, -7.847936]}}, {"type": "Feature", "properties": {"device": "cb5a0538-1d01-43dd-adf0-ce1f04a1ecb3", "idx": 35, "time": "05:21:46", "tsec": 19306, "speed_kmh": 5900.4}, "geometry": {"type": "Point", "coordinates": [110.360001, -7.78]}}, {"type": "Feature", "properties": {"device": "cb5a0538-1d01-43dd-adf0-ce1f04a1ecb3", "idx": 36, "time": "05:27:09", "tsec": 19629, "speed_kmh": 91.3}, "geometry": {"type": "Point", "coordinates": [110.38884, -7.847936]}}, {"type": "Feature", "properties": {"device": "cb5a0538-1d01-43dd-adf0-ce1f04a1ecb3", "idx": 37, "time": "05:31:10", "tsec": 19870, "speed_kmh": 0.0}, "geometry": {"type": "Point", "coordinates": [110.38884, -7.847936]}}, {"type": "Feature", "properties": {"device": "cb5a0538-1d01-43dd-adf0-ce1f04a1ecb3", "idx": 38, "time": "05:33:31", "tsec": 20011, "speed_kmh": 0.0}, "geometry": {"type": "Point", "coordinates": [110.38884, -7.847936]}}, {"type": "Feature", "properties": {"device": "cb5a0538-1d01-43dd-adf0-ce1f04a1ecb3", "idx": 39, "time": "05:37:29", "tsec": 20249, "speed_kmh": 0.0}, "geometry": {"type": "Point", "coordinates": [110.38884, -7.847936]}}, {"type": "Feature", "properties": {"device": "cb5a0538-1d01-43dd-adf0-ce1f04a1ecb3", "idx": 40, "time": "05:39:25", "tsec": 20365, "speed_kmh": 0.0}, "geometry": {"type": "Point", "coordinates": [110.38884, -7.847936]}}, {"type": "Feature", "properties": {"device": "cb5a0538-1d01-43dd-adf0-ce1f04a1ecb3", "idx": 41, "time": "05:42:30", "tsec": 20550, "speed_kmh": 0.0}, "geometry": {"type": "Point", "coordinates": [110.38884, -7.847936]}}, {"type": "Feature", "properties": {"device": "cb5a0538-1d01-43dd-adf0-ce1f04a1ecb3", "idx": 42, "time": "05:46:22", "tsec": 20782, "speed_kmh": 0.0}, "geometry": {"type": "Point", "coordinates": [110.38884, -7.847936]}}, {"type": "Feature", "properties": {"device": "cb5a0538-1d01-43dd-adf0-ce1f04a1ecb3", "idx": 43, "time": "05:48:49", "tsec": 20929, "speed_kmh": 0.0}, "geometry": {"type": "Point", "coordinates": [110.38884, -7.847936]}}, {"type": "Feature", "properties": {"device": "cb5a0538-1d01-43dd-adf0-ce1f04a1ecb3", "idx": 44, "time": "05:52:57", "tsec": 21177, "speed_kmh": 0.0}, "geometry": {"type": "Point", "coordinates": [110.38884, -7.847936]}}, {"type": "Feature", "properties": {"device": "cb5a0538-1d01-43dd-adf0-ce1f04a1ecb3", "idx": 45, "time": "05:53:07", "tsec": 21187, "speed_kmh": 0.0}, "geometry": {"type": "Point", "coordinates": [110.38884, -7.847936]}}, {"type": "Feature", "properties": {"device": "cb5a0538-1d01-43dd-adf0-ce1f04a1ecb3", "idx": 46, "time": "05:56:31", "tsec": 21391, "speed_kmh": 0.0}, "geometry": {"type": "Point", "coordinates": [110.38884, -7.847936]}}, {"type": "Feature", "properties": {"device": "cb5a0538-1d01-43dd-adf0-ce1f04a1ecb3", "idx": 47, "time": "06:03:14", "tsec": 21794, "speed_kmh": 73.2}, "geometry": {"type": "Point", "coordinates": [110.360001, -7.78]}}, {"type": "Feature", "properties": {"device": "cb5a0538-1d01-43dd-adf0-ce1f04a1ecb3", "idx": 48, "time": "06:13:24", "tsec": 22404, "speed_kmh": 0.0}, "geometry": {"type": "Point", "coordinates": [110.360001, -7.78]}}, {"type": "Feature", "properties": {"device": "cb5a0538-1d01-43dd-adf0-ce1f04a1ecb3", "idx": 49, "time": "06:14:26", "tsec": 22466, "speed_kmh": 0.0}, "geometry": {"type": "Point", "coordinates": [110.360001, -7.78]}}, {"type": "Feature", "properties": {"device": "cb5a0538-1d01-43dd-adf0-ce1f04a1ecb3", "idx": 50, "time": "06:23:09", "tsec": 22989, "speed_kmh": 56.4}, "geometry": {"type": "Point", "coordinates": [110.38884, -7.847936]}}, {"type": "Feature", "properties": {"device": "cb5a0538-1d01-43dd-adf0-ce1f04a1ecb3", "idx": 51, "time": "06:24:47", "tsec": 23087, "speed_kmh": 0.0}, "geometry": {"type": "Point", "coordinates": [110.38884, -7.847936]}}, {"type": "Feature", "properties": {"device": "cb5a0538-1d01-43dd-adf0-ce1f04a1ecb3", "idx": 52, "time": "06:26:36", "tsec": 23196, "speed_kmh": 0.0}, "geometry": {"type": "Point", "coordinates": [110.38884, -7.847936]}}, {"type": "Feature", "properties": {"device": "cb5a0538-1d01-43dd-adf0-ce1f04a1ecb3", "idx": 53, "time": "06:30:37", "tsec": 23437, "speed_kmh": 122.4}, "geometry": {"type": "Point", "coordinates": [110.360001, -7.78]}}, {"type": "Feature", "properties": {"device": "cb5a0538-1d01-43dd-adf0-ce1f04a1ecb3", "idx": 54, "time": "06:36:56", "tsec": 23816, "speed_kmh": 77.8}, "geometry": {"type": "Point", "coordinates": [110.38884, -7.847936]}}, {"type": "Feature", "properties": {"device": "cb5a0538-1d01-43dd-adf0-ce1f04a1ecb3", "idx": 55, "time": "06:37:00", "tsec": 23820, "speed_kmh": 0.0}, "geometry": {"type": "Point", "coordinates": [110.38884, -7.847936]}}, {"type": "Feature", "properties": {"device": "cb5a0538-1d01-43dd-adf0-ce1f04a1ecb3", "idx": 56, "time": "06:43:57", "tsec": 24237, "speed_kmh": 0.0}, "geometry": {"type": "Point", "coordinates": [110.38884, -7.847936]}}, {"type": "Feature", "properties": {"device": "cb5a0538-1d01-43dd-adf0-ce1f04a1ecb3", "idx": 57, "time": "07:22:45", "tsec": 26565, "speed_kmh": 0.0}, "geometry": {"type": "Point", "coordinates": [110.38884, -7.847936]}}, {"type": "Feature", "properties": {"device": "cb5a0538-1d01-43dd-adf0-ce1f04a1ecb3", "idx": 58, "time": "07:22:45", "tsec": 26565, "speed_kmh": 0.0}, "geometry": {"type": "Point", "coordinates": [110.38884, -7.847936]}}, {"type": "Feature", "properties": {"device": "cb5a0538-1d01-43dd-adf0-ce1f04a1ecb3", "idx": 59, "time": "07:22:45", "tsec": 26565, "speed_kmh": 0.0}, "geometry": {"type": "Point", "coordinates": [110.38884, -7.847936]}}, {"type": "Feature", "properties": {"device": "cb5a0538-1d01-43dd-adf0-ce1f04a1ecb3", "idx": 60, "time": "07:24:57", "tsec": 26697, "speed_kmh": 0.0}, "geometry": {"type": "Point", "coordinates": [110.38884, -7.847936]}}, {"type": "Feature", "properties": {"device": "cb5a0538-1d01-43dd-adf0-ce1f04a1ecb3", "idx": 61, "time": "07:25:03", "tsec": 26703, "speed_kmh": 0.0}, "geometry": {"type": "Point", "coordinates": [110.38884, -7.847936]}}, {"type": "Feature", "properties": {"device": "cb5a0538-1d01-43dd-adf0-ce1f04a1ecb3", "idx": 62, "time": "07:28:12", "tsec": 26892, "speed_kmh": 156.1}, "geometry": {"type": "Point", "coordinates": [110.360001, -7.78]}}, {"type": "Feature", "properties": {"device": "cb5a0538-1d01-43dd-adf0-ce1f04a1ecb3", "idx": 63, "time": "07:32:31", "tsec": 27151, "speed_kmh": 113.9}, "geometry": {"type": "Point", "coordinates": [110.38884, -7.847936]}}, {"type": "Feature", "properties": {"device": "cb5a0538-1d01-43dd-adf0-ce1f04a1ecb3", "idx": 64, "time": "07:41:20", "tsec": 27680, "speed_kmh": 0.0}, "geometry": {"type": "Point", "coordinates": [110.38884, -7.847936]}}, {"type": "Feature", "properties": {"device": "cb5a0538-1d01-43dd-adf0-ce1f04a1ecb3", "idx": 65, "time": "07:42:28", "tsec": 27748, "speed_kmh": 0.0}, "geometry": {"type": "Point", "coordinates": [110.38884, -7.847936]}}, {"type": "Feature", "properties": {"device": "cb5a0538-1d01-43dd-adf0-ce1f04a1ecb3", "idx": 66, "time": "07:44:02", "tsec": 27842, "speed_kmh": 0.0}, "geometry": {"type": "Point", "coordinates": [110.38884, -7.847936]}}, {"type": "Feature", "properties": {"device": "cb5a0538-1d01-43dd-adf0-ce1f04a1ecb3", "idx": 67, "time": "07:46:36", "tsec": 27996, "speed_kmh": 0.0}, "geometry": {"type": "Point", "coordinates": [110.38884, -7.847936]}}, {"type": "Feature", "properties": {"device": "cb5a0538-1d01-43dd-adf0-ce1f04a1ecb3", "idx": 68, "time": "07:49:35", "tsec": 28175, "speed_kmh": 0.0}, "geometry": {"type": "Point", "coordinates": [110.38884, -7.847936]}}, {"type": "Feature", "properties": {"device": "cb5a0538-1d01-43dd-adf0-ce1f04a1ecb3", "idx": 69, "time": "08:02:08", "tsec": 28928, "speed_kmh": 39.2}, "geometry": {"type": "Point", "coordinates": [110.360001, -7.78]}}, {"type": "Feature", "properties": {"device": "cb5a0538-1d01-43dd-adf0-ce1f04a1ecb3", "idx": 70, "time": "08:02:08", "tsec": 28928, "speed_kmh": 0.0}, "geometry": {"type": "Point", "coordinates": [110.360001, -7.78]}}]}